14:59:16 | KONSTRUKSI KNOWLEDGE GRAPH -- Kondisi C (GraphRAG)
14:59:16 | Log file: logs/20260829T075916Z_build_knowledge_graph.log
14:59:16 | [config] memory_limit=2GB threads=2 temp_directory=_kg_workspace/_duckdb_tmp workspace_db=_kg_workspace/_workspace.duckdb
14:59:16 | ==============================================================================
14:59:16 | STEP 1 - Tentukan scope Question (filter --tags / --only-accepted / --limit)
14:59:16 | ==============================================================================
15:03:28 | Total questions di parquet         : 2,685,814
15:03:28 | Questions setelah filter scope      : 2,685,814
15:03:29 | ==============================================================================
15:03:29 | STEP 2 - Load Answers dalam scope + hitung bobot HAS_ANSWER/HAS_ACCEPTED_ANSWER
15:03:29 | ==============================================================================
15:03:43 | Answers dalam scope                 : 725,795
15:07:02 | Answer accepted (HAS_ACCEPTED_ANSWER): 270,988
15:07:02 | Answer non-accepted (HAS_ANSWER)     : 454,807
15:07:02 | ==============================================================================
15:07:02 | STEP 3 - Load User (reputation) untuk AUTHOR_TRUST
15:07:02 | ==============================================================================
15:07:03 | FilteredUsers.csv tidak ditemukan di ../00_datasource/raw/additional-metadata/FilteredUsers.csv -- AUTHOR_TRUST dilewati.
15:07:03 | ==============================================================================
15:07:03 | STEP 4 - Hitung trustScore node (Question & Answer) -- Tabel II.2
15:07:03 | ==============================================================================
15:08:57 | trustScore Question -- min=0.003 max=0.985 mean=0.103
15:08:57 | trustScore Answer   -- min=0.100 max=0.892 mean=0.214
15:10:45 | ==============================================================================
15:10:45 | STEP 5 - Bangun edge TAGGED_WITH (parsing kolom Tags)
15:10:45 | ==============================================================================
15:11:02 | Edge TAGGED_WITH (question-tag pairs): 8,525,257
15:11:02 | Tag unik                              : 56,435
15:11:02 | ==============================================================================
15:11:02 | STEP 6 - Load & hitung bobot IS_RELATED_TO (question_links -- Duplicate/Linked)
15:11:02 | ==============================================================================
15:11:03 | Edge IS_RELATED_TO dalam scope       : 160,647 (endpoint di luar scope otomatis dibuang)
15:11:03 | Menghitung cosine similarity untuk 149,808 edge 'Linked' (model: all-MiniLM-L6-v2)...
17:32:59 | Cosine similarity selesai. Rata-rata weight 'Linked': 0.611
17:32:59 | ==============================================================================
17:32:59 | STEP 7 - Ringkasan sebelum tulis ke Neo4j
17:32:59 | ==============================================================================
17:32:59 | Question node   : 2,685,814
17:32:59 | Answer node     : 725,795
17:33:03 | Tag node (unik) : 56,435
17:33:03 | User node       : 0
17:33:03 | Edge HAS_ACCEPTED_ANSWER : 270,988
17:33:03 | Edge HAS_ANSWER          : 454,807
17:33:03 | Edge TAGGED_WITH         : 8,525,257
17:33:03 | Edge IS_RELATED_TO       : 160,647
17:33:03 | Edge AUTHOR_TRUST        : 0
17:33:03 | ==============================================================================
17:33:03 | STEP 8 - Koneksi Neo4j + setup constraint
17:33:03 | ==============================================================================
17:33:03 | Neo4j URI: bolt://localhost:7687 | User: neo4j | Database: graphrag
17:33:03 | Terhubung ke Neo4j.
17:33:03 | Constraint uniqueness (Question/Answer/Tag/User) siap.
17:33:03 | ==============================================================================
17:33:03 | STEP 9 - Tulis node: Question, Answer, Tag, User
17:33:03 | ==============================================================================
17:55:06 |   [Question] 2,000/2,685,814 baris tertulis
17:55:07 |   [Question] 4,000/2,685,814 baris tertulis
17:55:09 |   [Question] 6,000/2,685,814 baris tertulis
17:55:10 |   [Question] 8,000/2,685,814 baris tertulis
17:55:11 |   [Question] 10,000/2,685,814 baris tertulis
17:55:12 |   [Question] 12,000/2,685,814 baris tertulis
17:55:12 |   [Question] 14,000/2,685,814 baris tertulis
17:55:13 |   [Question] 16,000/2,685,814 baris tertulis
17:55:13 |   [Question] 18,000/2,685,814 baris tertulis
17:55:13 |   [Question] 20,000/2,685,814 baris tertulis
17:55:14 |   [Question] 22,000/2,685,814 baris tertulis
17:55:14 |   [Question] 24,000/2,685,814 baris tertulis
17:55:14 |   [Question] 26,000/2,685,814 baris tertulis
17:55:14 |   [Question] 28,000/2,685,814 baris tertulis
17:55:15 |   [Question] 30,000/2,685,814 baris tertulis
17:55:15 |   [Question] 32,000/2,685,814 baris tertulis
17:55:15 |   [Question] 34,000/2,685,814 baris tertulis
17:55:16 |   [Question] 36,000/2,685,814 baris tertulis
17:55:16 |   [Question] 38,000/2,685,814 baris tertulis
17:55:16 |   [Question] 40,000/2,685,814 baris tertulis
17:55:17 |   [Question] 42,000/2,685,814 baris tertulis
17:55:17 |   [Question] 44,000/2,685,814 baris tertulis
17:55:18 |   [Question] 46,000/2,685,814 baris tertulis
17:55:19 |   [Question] 48,000/2,685,814 baris tertulis
17:55:19 |   [Question] 50,000/2,685,814 baris tertulis
17:55:20 |   [Question] 52,000/2,685,814 baris tertulis
17:55:20 |   [Question] 54,000/2,685,814 baris tertulis
17:55:20 |   [Question] 56,000/2,685,814 baris tertulis
17:55:21 |   [Question] 58,000/2,685,814 baris tertulis
17:55:21 |   [Question] 60,000/2,685,814 baris tertulis
17:55:21 |   [Question] 62,000/2,685,814 baris tertulis
17:55:22 |   [Question] 64,000/2,685,814 baris tertulis
17:55:22 |   [Question] 66,000/2,685,814 baris tertulis
17:55:22 |   [Question] 68,000/2,685,814 baris tertulis
17:55:23 |   [Question] 70,000/2,685,814 baris tertulis
17:55:24 |   [Question] 72,000/2,685,814 baris tertulis
17:55:24 |   [Question] 74,000/2,685,814 baris tertulis
17:55:24 |   [Question] 76,000/2,685,814 baris tertulis
17:55:25 |   [Question] 78,000/2,685,814 baris tertulis
17:55:25 |   [Question] 80,000/2,685,814 baris tertulis
17:55:25 |   [Question] 82,000/2,685,814 baris tertulis
17:55:26 |   [Question] 84,000/2,685,814 baris tertulis
17:55:26 |   [Question] 86,000/2,685,814 baris tertulis
17:55:27 |   [Question] 88,000/2,685,814 baris tertulis
17:55:27 |   [Question] 90,000/2,685,814 baris tertulis
17:55:28 |   [Question] 92,000/2,685,814 baris tertulis
17:55:28 |   [Question] 94,000/2,685,814 baris tertulis
17:55:29 |   [Question] 96,000/2,685,814 baris tertulis
17:55:29 |   [Question] 98,000/2,685,814 baris tertulis
17:55:30 |   [Question] 100,000/2,685,814 baris tertulis
17:55:30 |   [Question] 102,000/2,685,814 baris tertulis
17:55:30 |   [Question] 104,000/2,685,814 baris tertulis
17:55:31 |   [Question] 106,000/2,685,814 baris tertulis
17:55:31 |   [Question] 108,000/2,685,814 baris tertulis
17:55:32 |   [Question] 110,000/2,685,814 baris tertulis
17:55:32 |   [Question] 112,000/2,685,814 baris tertulis
17:55:32 |   [Question] 114,000/2,685,814 baris tertulis
17:55:33 |   [Question] 116,000/2,685,814 baris tertulis
17:55:33 |   [Question] 118,000/2,685,814 baris tertulis
17:55:34 |   [Question] 120,000/2,685,814 baris tertulis
17:55:34 |   [Question] 122,000/2,685,814 baris tertulis
17:55:34 |   [Question] 124,000/2,685,814 baris tertulis
17:55:35 |   [Question] 126,000/2,685,814 baris tertulis
17:55:36 |   [Question] 128,000/2,685,814 baris tertulis
17:55:36 |   [Question] 130,000/2,685,814 baris tertulis
17:55:37 |   [Question] 132,000/2,685,814 baris tertulis
17:55:37 |   [Question] 134,000/2,685,814 baris tertulis
17:55:37 |   [Question] 136,000/2,685,814 baris tertulis
17:55:38 |   [Question] 138,000/2,685,814 baris tertulis
17:55:38 |   [Question] 140,000/2,685,814 baris tertulis
17:55:39 |   [Question] 142,000/2,685,814 baris tertulis
17:55:39 |   [Question] 144,000/2,685,814 baris tertulis
17:55:39 |   [Question] 146,000/2,685,814 baris tertulis
17:55:40 |   [Question] 148,000/2,685,814 baris tertulis
17:55:40 |   [Question] 150,000/2,685,814 baris tertulis
17:55:40 |   [Question] 152,000/2,685,814 baris tertulis
17:55:41 |   [Question] 154,000/2,685,814 baris tertulis
17:55:41 |   [Question] 156,000/2,685,814 baris tertulis
17:55:42 |   [Question] 158,000/2,685,814 baris tertulis
17:55:42 |   [Question] 160,000/2,685,814 baris tertulis
17:55:43 |   [Question] 162,000/2,685,814 baris tertulis
17:55:43 |   [Question] 164,000/2,685,814 baris tertulis
17:55:43 |   [Question] 166,000/2,685,814 baris tertulis
17:55:44 |   [Question] 168,000/2,685,814 baris tertulis
17:55:44 |   [Question] 170,000/2,685,814 baris tertulis
17:55:45 |   [Question] 172,000/2,685,814 baris tertulis
17:55:46 |   [Question] 174,000/2,685,814 baris tertulis
17:55:46 |   [Question] 176,000/2,685,814 baris tertulis
17:55:47 |   [Question] 178,000/2,685,814 baris tertulis
17:55:48 |   [Question] 180,000/2,685,814 baris tertulis
17:55:49 |   [Question] 182,000/2,685,814 baris tertulis
17:55:50 |   [Question] 184,000/2,685,814 baris tertulis
17:55:50 |   [Question] 186,000/2,685,814 baris tertulis
17:55:50 |   [Question] 188,000/2,685,814 baris tertulis
17:55:51 |   [Question] 190,000/2,685,814 baris tertulis
17:55:51 |   [Question] 192,000/2,685,814 baris tertulis
17:55:52 |   [Question] 194,000/2,685,814 baris tertulis
17:55:52 |   [Question] 196,000/2,685,814 baris tertulis
17:55:52 |   [Question] 198,000/2,685,814 baris tertulis
17:55:53 |   [Question] 200,000/2,685,814 baris tertulis
17:55:53 |   [Question] 202,000/2,685,814 baris tertulis
17:55:54 |   [Question] 204,000/2,685,814 baris tertulis
17:55:54 |   [Question] 206,000/2,685,814 baris tertulis
17:55:55 |   [Question] 208,000/2,685,814 baris tertulis
17:55:55 |   [Question] 210,000/2,685,814 baris tertulis
17:55:55 |   [Question] 212,000/2,685,814 baris tertulis
17:55:56 |   [Question] 214,000/2,685,814 baris tertulis
17:55:56 |   [Question] 216,000/2,685,814 baris tertulis
17:55:57 |   [Question] 218,000/2,685,814 baris tertulis
17:55:57 |   [Question] 220,000/2,685,814 baris tertulis
17:55:58 |   [Question] 222,000/2,685,814 baris tertulis
17:55:58 |   [Question] 224,000/2,685,814 baris tertulis
17:55:58 |   [Question] 226,000/2,685,814 baris tertulis
17:55:59 |   [Question] 228,000/2,685,814 baris tertulis
17:55:59 |   [Question] 230,000/2,685,814 baris tertulis
17:56:00 |   [Question] 232,000/2,685,814 baris tertulis
17:56:00 |   [Question] 234,000/2,685,814 baris tertulis
17:56:00 |   [Question] 236,000/2,685,814 baris tertulis
17:56:01 |   [Question] 238,000/2,685,814 baris tertulis
17:56:01 |   [Question] 240,000/2,685,814 baris tertulis
17:56:02 |   [Question] 242,000/2,685,814 baris tertulis
17:56:02 |   [Question] 244,000/2,685,814 baris tertulis
17:56:02 |   [Question] 246,000/2,685,814 baris tertulis
17:56:03 |   [Question] 248,000/2,685,814 baris tertulis
17:56:03 |   [Question] 250,000/2,685,814 baris tertulis
17:56:04 |   [Question] 252,000/2,685,814 baris tertulis
17:56:04 |   [Question] 254,000/2,685,814 baris tertulis
17:56:04 |   [Question] 256,000/2,685,814 baris tertulis
17:56:05 |   [Question] 258,000/2,685,814 baris tertulis
17:56:05 |   [Question] 260,000/2,685,814 baris tertulis
17:56:06 |   [Question] 262,000/2,685,814 baris tertulis
17:56:06 |   [Question] 264,000/2,685,814 baris tertulis
17:56:06 |   [Question] 266,000/2,685,814 baris tertulis
17:56:07 |   [Question] 268,000/2,685,814 baris tertulis
17:56:07 |   [Question] 270,000/2,685,814 baris tertulis
17:56:08 |   [Question] 272,000/2,685,814 baris tertulis
17:56:08 |   [Question] 274,000/2,685,814 baris tertulis
17:56:09 |   [Question] 276,000/2,685,814 baris tertulis
17:56:09 |   [Question] 278,000/2,685,814 baris tertulis
17:56:10 |   [Question] 280,000/2,685,814 baris tertulis
17:56:10 |   [Question] 282,000/2,685,814 baris tertulis
17:56:10 |   [Question] 284,000/2,685,814 baris tertulis
17:56:11 |   [Question] 286,000/2,685,814 baris tertulis
17:56:11 |   [Question] 288,000/2,685,814 baris tertulis
17:56:12 |   [Question] 290,000/2,685,814 baris tertulis
17:56:12 |   [Question] 292,000/2,685,814 baris tertulis
17:56:13 |   [Question] 294,000/2,685,814 baris tertulis
17:56:13 |   [Question] 296,000/2,685,814 baris tertulis
17:56:13 |   [Question] 298,000/2,685,814 baris tertulis
17:56:14 |   [Question] 300,000/2,685,814 baris tertulis
17:56:14 |   [Question] 302,000/2,685,814 baris tertulis
17:56:16 |   [Question] 304,000/2,685,814 baris tertulis
17:56:16 |   [Question] 306,000/2,685,814 baris tertulis
17:56:17 |   [Question] 308,000/2,685,814 baris tertulis
17:56:17 |   [Question] 310,000/2,685,814 baris tertulis
17:56:18 |   [Question] 312,000/2,685,814 baris tertulis
17:56:18 |   [Question] 314,000/2,685,814 baris tertulis
17:56:19 |   [Question] 316,000/2,685,814 baris tertulis
17:56:19 |   [Question] 318,000/2,685,814 baris tertulis
17:56:19 |   [Question] 320,000/2,685,814 baris tertulis
17:56:20 |   [Question] 322,000/2,685,814 baris tertulis
17:56:20 |   [Question] 324,000/2,685,814 baris tertulis
17:56:21 |   [Question] 326,000/2,685,814 baris tertulis
17:56:21 |   [Question] 328,000/2,685,814 baris tertulis
17:56:22 |   [Question] 330,000/2,685,814 baris tertulis
17:56:22 |   [Question] 332,000/2,685,814 baris tertulis
17:56:23 |   [Question] 334,000/2,685,814 baris tertulis
17:56:23 |   [Question] 336,000/2,685,814 baris tertulis
17:56:24 |   [Question] 338,000/2,685,814 baris tertulis
17:56:24 |   [Question] 340,000/2,685,814 baris tertulis
17:56:24 |   [Question] 342,000/2,685,814 baris tertulis
17:56:25 |   [Question] 344,000/2,685,814 baris tertulis
17:56:25 |   [Question] 346,000/2,685,814 baris tertulis
17:56:26 |   [Question] 348,000/2,685,814 baris tertulis
17:56:26 |   [Question] 350,000/2,685,814 baris tertulis
17:56:27 |   [Question] 352,000/2,685,814 baris tertulis
17:56:27 |   [Question] 354,000/2,685,814 baris tertulis
17:56:28 |   [Question] 356,000/2,685,814 baris tertulis
17:56:28 |   [Question] 358,000/2,685,814 baris tertulis
17:56:28 |   [Question] 360,000/2,685,814 baris tertulis
17:56:29 |   [Question] 362,000/2,685,814 baris tertulis
17:56:29 |   [Question] 364,000/2,685,814 baris tertulis
17:56:30 |   [Question] 366,000/2,685,814 baris tertulis
17:56:30 |   [Question] 368,000/2,685,814 baris tertulis
17:56:31 |   [Question] 370,000/2,685,814 baris tertulis
17:56:31 |   [Question] 372,000/2,685,814 baris tertulis
17:56:32 |   [Question] 374,000/2,685,814 baris tertulis
17:56:34 |   [Question] 376,000/2,685,814 baris tertulis
17:56:34 |   [Question] 378,000/2,685,814 baris tertulis
17:56:36 |   [Question] 380,000/2,685,814 baris tertulis
17:56:37 |   [Question] 382,000/2,685,814 baris tertulis
17:56:37 |   [Question] 384,000/2,685,814 baris tertulis
17:56:38 |   [Question] 386,000/2,685,814 baris tertulis
17:56:38 |   [Question] 388,000/2,685,814 baris tertulis
17:56:39 |   [Question] 390,000/2,685,814 baris tertulis
17:56:39 |   [Question] 392,000/2,685,814 baris tertulis
17:56:39 |   [Question] 394,000/2,685,814 baris tertulis
17:56:40 |   [Question] 396,000/2,685,814 baris tertulis
17:56:40 |   [Question] 398,000/2,685,814 baris tertulis
17:56:41 |   [Question] 400,000/2,685,814 baris tertulis
17:56:41 |   [Question] 402,000/2,685,814 baris tertulis
17:56:42 |   [Question] 404,000/2,685,814 baris tertulis
17:56:42 |   [Question] 406,000/2,685,814 baris tertulis
17:56:43 |   [Question] 408,000/2,685,814 baris tertulis
17:56:43 |   [Question] 410,000/2,685,814 baris tertulis
17:56:44 |   [Question] 412,000/2,685,814 baris tertulis
17:56:44 |   [Question] 414,000/2,685,814 baris tertulis
17:56:44 |   [Question] 416,000/2,685,814 baris tertulis
17:56:45 |   [Question] 418,000/2,685,814 baris tertulis
17:56:45 |   [Question] 420,000/2,685,814 baris tertulis
17:56:47 |   [Question] 422,000/2,685,814 baris tertulis
17:56:47 |   [Question] 424,000/2,685,814 baris tertulis
17:56:48 |   [Question] 426,000/2,685,814 baris tertulis
17:56:48 |   [Question] 428,000/2,685,814 baris tertulis
17:56:49 |   [Question] 430,000/2,685,814 baris tertulis
17:56:49 |   [Question] 432,000/2,685,814 baris tertulis
17:56:50 |   [Question] 434,000/2,685,814 baris tertulis
17:56:50 |   [Question] 436,000/2,685,814 baris tertulis
17:56:51 |   [Question] 438,000/2,685,814 baris tertulis
17:56:51 |   [Question] 440,000/2,685,814 baris tertulis
17:56:52 |   [Question] 442,000/2,685,814 baris tertulis
17:56:52 |   [Question] 444,000/2,685,814 baris tertulis
17:56:53 |   [Question] 446,000/2,685,814 baris tertulis
17:56:53 |   [Question] 448,000/2,685,814 baris tertulis
17:56:53 |   [Question] 450,000/2,685,814 baris tertulis
17:56:54 |   [Question] 452,000/2,685,814 baris tertulis
17:56:54 |   [Question] 454,000/2,685,814 baris tertulis
17:56:55 |   [Question] 456,000/2,685,814 baris tertulis
17:56:55 |   [Question] 458,000/2,685,814 baris tertulis
17:56:56 |   [Question] 460,000/2,685,814 baris tertulis
17:56:56 |   [Question] 462,000/2,685,814 baris tertulis
17:56:56 |   [Question] 464,000/2,685,814 baris tertulis
17:56:57 |   [Question] 466,000/2,685,814 baris tertulis
17:56:57 |   [Question] 468,000/2,685,814 baris tertulis
17:56:58 |   [Question] 470,000/2,685,814 baris tertulis
17:56:58 |   [Question] 472,000/2,685,814 baris tertulis
17:56:59 |   [Question] 474,000/2,685,814 baris tertulis
17:56:59 |   [Question] 476,000/2,685,814 baris tertulis
17:56:59 |   [Question] 478,000/2,685,814 baris tertulis
17:57:00 |   [Question] 480,000/2,685,814 baris tertulis
17:57:00 |   [Question] 482,000/2,685,814 baris tertulis
17:57:01 |   [Question] 484,000/2,685,814 baris tertulis
17:57:01 |   [Question] 486,000/2,685,814 baris tertulis
17:57:02 |   [Question] 488,000/2,685,814 baris tertulis
17:57:02 |   [Question] 490,000/2,685,814 baris tertulis
17:57:03 |   [Question] 492,000/2,685,814 baris tertulis
17:57:03 |   [Question] 494,000/2,685,814 baris tertulis
17:57:04 |   [Question] 496,000/2,685,814 baris tertulis
17:57:04 |   [Question] 498,000/2,685,814 baris tertulis
17:57:04 |   [Question] 500,000/2,685,814 baris tertulis
17:57:05 |   [Question] 502,000/2,685,814 baris tertulis
17:57:05 |   [Question] 504,000/2,685,814 baris tertulis
17:57:06 |   [Question] 506,000/2,685,814 baris tertulis
17:57:06 |   [Question] 508,000/2,685,814 baris tertulis
17:57:07 |   [Question] 510,000/2,685,814 baris tertulis
17:57:07 |   [Question] 512,000/2,685,814 baris tertulis
17:57:08 |   [Question] 514,000/2,685,814 baris tertulis
17:57:08 |   [Question] 516,000/2,685,814 baris tertulis
17:57:08 |   [Question] 518,000/2,685,814 baris tertulis
17:57:09 |   [Question] 520,000/2,685,814 baris tertulis
17:57:09 |   [Question] 522,000/2,685,814 baris tertulis
17:57:10 |   [Question] 524,000/2,685,814 baris tertulis
17:57:10 |   [Question] 526,000/2,685,814 baris tertulis
17:57:10 |   [Question] 528,000/2,685,814 baris tertulis
17:57:11 |   [Question] 530,000/2,685,814 baris tertulis
17:57:11 |   [Question] 532,000/2,685,814 baris tertulis
17:57:12 |   [Question] 534,000/2,685,814 baris tertulis
17:57:12 |   [Question] 536,000/2,685,814 baris tertulis
17:57:12 |   [Question] 538,000/2,685,814 baris tertulis
17:57:13 |   [Question] 540,000/2,685,814 baris tertulis
17:57:14 |   [Question] 542,000/2,685,814 baris tertulis
17:57:15 |   [Question] 544,000/2,685,814 baris tertulis
17:57:15 |   [Question] 546,000/2,685,814 baris tertulis
17:57:15 |   [Question] 548,000/2,685,814 baris tertulis
17:57:16 |   [Question] 550,000/2,685,814 baris tertulis
17:57:16 |   [Question] 552,000/2,685,814 baris tertulis
17:57:17 |   [Question] 554,000/2,685,814 baris tertulis
17:57:17 |   [Question] 556,000/2,685,814 baris tertulis
17:57:18 |   [Question] 558,000/2,685,814 baris tertulis
17:57:18 |   [Question] 560,000/2,685,814 baris tertulis
17:57:18 |   [Question] 562,000/2,685,814 baris tertulis
17:57:19 |   [Question] 564,000/2,685,814 baris tertulis
17:57:19 |   [Question] 566,000/2,685,814 baris tertulis
17:57:20 |   [Question] 568,000/2,685,814 baris tertulis
17:57:20 |   [Question] 570,000/2,685,814 baris tertulis
17:57:21 |   [Question] 572,000/2,685,814 baris tertulis
17:57:21 |   [Question] 574,000/2,685,814 baris tertulis
17:57:21 |   [Question] 576,000/2,685,814 baris tertulis
17:57:22 |   [Question] 578,000/2,685,814 baris tertulis
17:57:22 |   [Question] 580,000/2,685,814 baris tertulis
17:57:23 |   [Question] 582,000/2,685,814 baris tertulis
17:57:23 |   [Question] 584,000/2,685,814 baris tertulis
17:57:24 |   [Question] 586,000/2,685,814 baris tertulis
17:57:24 |   [Question] 588,000/2,685,814 baris tertulis
17:57:25 |   [Question] 590,000/2,685,814 baris tertulis
17:57:25 |   [Question] 592,000/2,685,814 baris tertulis
17:57:25 |   [Question] 594,000/2,685,814 baris tertulis
17:57:26 |   [Question] 596,000/2,685,814 baris tertulis
17:57:26 |   [Question] 598,000/2,685,814 baris tertulis
17:57:27 |   [Question] 600,000/2,685,814 baris tertulis
17:57:27 |   [Question] 602,000/2,685,814 baris tertulis
17:57:27 |   [Question] 604,000/2,685,814 baris tertulis
17:57:28 |   [Question] 606,000/2,685,814 baris tertulis
17:57:28 |   [Question] 608,000/2,685,814 baris tertulis
17:57:29 |   [Question] 610,000/2,685,814 baris tertulis
17:57:29 |   [Question] 612,000/2,685,814 baris tertulis
17:57:30 |   [Question] 614,000/2,685,814 baris tertulis
17:57:30 |   [Question] 616,000/2,685,814 baris tertulis
17:57:30 |   [Question] 618,000/2,685,814 baris tertulis
17:57:31 |   [Question] 620,000/2,685,814 baris tertulis
17:57:31 |   [Question] 622,000/2,685,814 baris tertulis
17:57:32 |   [Question] 624,000/2,685,814 baris tertulis
17:57:32 |   [Question] 626,000/2,685,814 baris tertulis
17:57:33 |   [Question] 628,000/2,685,814 baris tertulis
17:57:33 |   [Question] 630,000/2,685,814 baris tertulis
17:57:34 |   [Question] 632,000/2,685,814 baris tertulis
17:57:34 |   [Question] 634,000/2,685,814 baris tertulis
17:57:34 |   [Question] 636,000/2,685,814 baris tertulis
17:57:35 |   [Question] 638,000/2,685,814 baris tertulis
17:57:35 |   [Question] 640,000/2,685,814 baris tertulis
17:57:36 |   [Question] 642,000/2,685,814 baris tertulis
17:57:36 |   [Question] 644,000/2,685,814 baris tertulis
17:57:37 |   [Question] 646,000/2,685,814 baris tertulis
17:57:37 |   [Question] 648,000/2,685,814 baris tertulis
17:57:37 |   [Question] 650,000/2,685,814 baris tertulis
17:57:38 |   [Question] 652,000/2,685,814 baris tertulis
17:57:38 |   [Question] 654,000/2,685,814 baris tertulis
17:57:39 |   [Question] 656,000/2,685,814 baris tertulis
17:57:39 |   [Question] 658,000/2,685,814 baris tertulis
17:57:40 |   [Question] 660,000/2,685,814 baris tertulis
17:57:40 |   [Question] 662,000/2,685,814 baris tertulis
17:57:41 |   [Question] 664,000/2,685,814 baris tertulis
17:57:41 |   [Question] 666,000/2,685,814 baris tertulis
17:57:42 |   [Question] 668,000/2,685,814 baris tertulis
17:57:43 |   [Question] 670,000/2,685,814 baris tertulis
17:57:44 |   [Question] 672,000/2,685,814 baris tertulis
17:57:44 |   [Question] 674,000/2,685,814 baris tertulis
17:57:45 |   [Question] 676,000/2,685,814 baris tertulis
17:57:45 |   [Question] 678,000/2,685,814 baris tertulis
17:57:46 |   [Question] 680,000/2,685,814 baris tertulis
17:57:46 |   [Question] 682,000/2,685,814 baris tertulis
17:57:47 |   [Question] 684,000/2,685,814 baris tertulis
17:57:47 |   [Question] 686,000/2,685,814 baris tertulis
17:57:48 |   [Question] 688,000/2,685,814 baris tertulis
17:57:48 |   [Question] 690,000/2,685,814 baris tertulis
17:57:48 |   [Question] 692,000/2,685,814 baris tertulis
17:57:49 |   [Question] 694,000/2,685,814 baris tertulis
17:57:49 |   [Question] 696,000/2,685,814 baris tertulis
17:57:50 |   [Question] 698,000/2,685,814 baris tertulis
17:57:51 |   [Question] 700,000/2,685,814 baris tertulis
17:57:51 |   [Question] 702,000/2,685,814 baris tertulis
17:57:52 |   [Question] 704,000/2,685,814 baris tertulis
17:57:52 |   [Question] 706,000/2,685,814 baris tertulis
17:57:53 |   [Question] 708,000/2,685,814 baris tertulis
17:57:53 |   [Question] 710,000/2,685,814 baris tertulis
17:57:54 |   [Question] 712,000/2,685,814 baris tertulis
17:57:54 |   [Question] 714,000/2,685,814 baris tertulis
17:57:55 |   [Question] 716,000/2,685,814 baris tertulis
17:57:55 |   [Question] 718,000/2,685,814 baris tertulis
17:57:56 |   [Question] 720,000/2,685,814 baris tertulis
17:57:57 |   [Question] 722,000/2,685,814 baris tertulis
17:57:59 |   [Question] 724,000/2,685,814 baris tertulis
17:57:59 |   [Question] 726,000/2,685,814 baris tertulis
17:58:00 |   [Question] 728,000/2,685,814 baris tertulis
17:58:00 |   [Question] 730,000/2,685,814 baris tertulis
17:58:01 |   [Question] 732,000/2,685,814 baris tertulis
17:58:01 |   [Question] 734,000/2,685,814 baris tertulis
17:58:01 |   [Question] 736,000/2,685,814 baris tertulis
17:58:02 |   [Question] 738,000/2,685,814 baris tertulis
17:58:02 |   [Question] 740,000/2,685,814 baris tertulis
17:58:03 |   [Question] 742,000/2,685,814 baris tertulis
17:58:03 |   [Question] 744,000/2,685,814 baris tertulis
17:58:04 |   [Question] 746,000/2,685,814 baris tertulis
17:58:04 |   [Question] 748,000/2,685,814 baris tertulis
17:58:04 |   [Question] 750,000/2,685,814 baris tertulis
17:58:05 |   [Question] 752,000/2,685,814 baris tertulis
17:58:05 |   [Question] 754,000/2,685,814 baris tertulis
17:58:06 |   [Question] 756,000/2,685,814 baris tertulis
17:58:06 |   [Question] 758,000/2,685,814 baris tertulis
17:58:07 |   [Question] 760,000/2,685,814 baris tertulis
17:58:08 |   [Question] 762,000/2,685,814 baris tertulis
17:58:09 |   [Question] 764,000/2,685,814 baris tertulis
17:58:11 |   [Question] 766,000/2,685,814 baris tertulis
17:58:12 |   [Question] 768,000/2,685,814 baris tertulis
17:58:13 |   [Question] 770,000/2,685,814 baris tertulis
17:58:14 |   [Question] 772,000/2,685,814 baris tertulis
17:58:14 |   [Question] 774,000/2,685,814 baris tertulis
17:58:14 |   [Question] 776,000/2,685,814 baris tertulis
17:58:15 |   [Question] 778,000/2,685,814 baris tertulis
17:58:15 |   [Question] 780,000/2,685,814 baris tertulis
17:58:16 |   [Question] 782,000/2,685,814 baris tertulis
17:58:16 |   [Question] 784,000/2,685,814 baris tertulis
17:58:17 |   [Question] 786,000/2,685,814 baris tertulis
17:58:17 |   [Question] 788,000/2,685,814 baris tertulis
17:58:17 |   [Question] 790,000/2,685,814 baris tertulis
17:58:18 |   [Question] 792,000/2,685,814 baris tertulis
17:58:19 |   [Question] 794,000/2,685,814 baris tertulis
17:58:22 |   [Question] 796,000/2,685,814 baris tertulis
17:58:23 |   [Question] 798,000/2,685,814 baris tertulis
17:58:23 |   [Question] 800,000/2,685,814 baris tertulis
17:58:24 |   [Question] 802,000/2,685,814 baris tertulis
17:58:24 |   [Question] 804,000/2,685,814 baris tertulis
17:58:25 |   [Question] 806,000/2,685,814 baris tertulis
17:58:25 |   [Question] 808,000/2,685,814 baris tertulis
17:58:25 |   [Question] 810,000/2,685,814 baris tertulis
17:58:26 |   [Question] 812,000/2,685,814 baris tertulis
17:58:26 |   [Question] 814,000/2,685,814 baris tertulis
17:58:27 |   [Question] 816,000/2,685,814 baris tertulis
17:58:28 |   [Question] 818,000/2,685,814 baris tertulis
17:58:28 |   [Question] 820,000/2,685,814 baris tertulis
17:58:29 |   [Question] 822,000/2,685,814 baris tertulis
17:58:29 |   [Question] 824,000/2,685,814 baris tertulis
17:58:29 |   [Question] 826,000/2,685,814 baris tertulis
17:58:30 |   [Question] 828,000/2,685,814 baris tertulis
17:58:30 |   [Question] 830,000/2,685,814 baris tertulis
17:58:31 |   [Question] 832,000/2,685,814 baris tertulis
17:58:31 |   [Question] 834,000/2,685,814 baris tertulis
17:58:32 |   [Question] 836,000/2,685,814 baris tertulis
17:58:32 |   [Question] 838,000/2,685,814 baris tertulis
17:58:32 |   [Question] 840,000/2,685,814 baris tertulis
17:58:33 |   [Question] 842,000/2,685,814 baris tertulis
17:58:34 |   [Question] 844,000/2,685,814 baris tertulis
17:58:35 |   [Question] 846,000/2,685,814 baris tertulis
17:58:35 |   [Question] 848,000/2,685,814 baris tertulis
17:58:36 |   [Question] 850,000/2,685,814 baris tertulis
17:58:36 |   [Question] 852,000/2,685,814 baris tertulis
17:58:36 |   [Question] 854,000/2,685,814 baris tertulis
17:58:37 |   [Question] 856,000/2,685,814 baris tertulis
17:58:37 |   [Question] 858,000/2,685,814 baris tertulis
17:58:38 |   [Question] 860,000/2,685,814 baris tertulis
17:58:38 |   [Question] 862,000/2,685,814 baris tertulis
17:58:39 |   [Question] 864,000/2,685,814 baris tertulis
17:58:39 |   [Question] 866,000/2,685,814 baris tertulis
17:58:40 |   [Question] 868,000/2,685,814 baris tertulis
17:58:40 |   [Question] 870,000/2,685,814 baris tertulis
17:58:41 |   [Question] 872,000/2,685,814 baris tertulis
17:58:42 |   [Question] 874,000/2,685,814 baris tertulis
17:58:43 |   [Question] 876,000/2,685,814 baris tertulis
17:58:43 |   [Question] 878,000/2,685,814 baris tertulis
17:58:44 |   [Question] 880,000/2,685,814 baris tertulis
17:58:45 |   [Question] 882,000/2,685,814 baris tertulis
17:58:45 |   [Question] 884,000/2,685,814 baris tertulis
17:58:46 |   [Question] 886,000/2,685,814 baris tertulis
17:58:46 |   [Question] 888,000/2,685,814 baris tertulis
17:58:47 |   [Question] 890,000/2,685,814 baris tertulis
17:58:47 |   [Question] 892,000/2,685,814 baris tertulis
17:58:48 |   [Question] 894,000/2,685,814 baris tertulis
17:58:48 |   [Question] 896,000/2,685,814 baris tertulis
17:58:48 |   [Question] 898,000/2,685,814 baris tertulis
17:58:49 |   [Question] 900,000/2,685,814 baris tertulis
17:58:49 |   [Question] 902,000/2,685,814 baris tertulis
17:58:50 |   [Question] 904,000/2,685,814 baris tertulis
17:58:50 |   [Question] 906,000/2,685,814 baris tertulis
17:58:51 |   [Question] 908,000/2,685,814 baris tertulis
17:58:52 |   [Question] 910,000/2,685,814 baris tertulis
17:58:52 |   [Question] 912,000/2,685,814 baris tertulis
17:58:52 |   [Question] 914,000/2,685,814 baris tertulis
17:58:53 |   [Question] 916,000/2,685,814 baris tertulis
17:58:53 |   [Question] 918,000/2,685,814 baris tertulis
17:58:54 |   [Question] 920,000/2,685,814 baris tertulis
17:58:54 |   [Question] 922,000/2,685,814 baris tertulis
17:58:55 |   [Question] 924,000/2,685,814 baris tertulis
17:58:55 |   [Question] 926,000/2,685,814 baris tertulis
17:58:56 |   [Question] 928,000/2,685,814 baris tertulis
17:58:56 |   [Question] 930,000/2,685,814 baris tertulis
17:58:57 |   [Question] 932,000/2,685,814 baris tertulis
17:58:57 |   [Question] 934,000/2,685,814 baris tertulis
17:58:58 |   [Question] 936,000/2,685,814 baris tertulis
17:58:58 |   [Question] 938,000/2,685,814 baris tertulis
17:58:59 |   [Question] 940,000/2,685,814 baris tertulis
17:58:59 |   [Question] 942,000/2,685,814 baris tertulis
17:59:00 |   [Question] 944,000/2,685,814 baris tertulis
17:59:00 |   [Question] 946,000/2,685,814 baris tertulis
17:59:01 |   [Question] 948,000/2,685,814 baris tertulis
17:59:01 |   [Question] 950,000/2,685,814 baris tertulis
17:59:02 |   [Question] 952,000/2,685,814 baris tertulis
17:59:02 |   [Question] 954,000/2,685,814 baris tertulis
17:59:03 |   [Question] 956,000/2,685,814 baris tertulis
17:59:03 |   [Question] 958,000/2,685,814 baris tertulis
17:59:04 |   [Question] 960,000/2,685,814 baris tertulis
17:59:04 |   [Question] 962,000/2,685,814 baris tertulis
17:59:05 |   [Question] 964,000/2,685,814 baris tertulis
17:59:05 |   [Question] 966,000/2,685,814 baris tertulis
17:59:06 |   [Question] 968,000/2,685,814 baris tertulis
17:59:06 |   [Question] 970,000/2,685,814 baris tertulis
17:59:07 |   [Question] 972,000/2,685,814 baris tertulis
17:59:07 |   [Question] 974,000/2,685,814 baris tertulis
17:59:08 |   [Question] 976,000/2,685,814 baris tertulis
17:59:08 |   [Question] 978,000/2,685,814 baris tertulis
17:59:09 |   [Question] 980,000/2,685,814 baris tertulis
17:59:09 |   [Question] 982,000/2,685,814 baris tertulis
17:59:10 |   [Question] 984,000/2,685,814 baris tertulis
17:59:10 |   [Question] 986,000/2,685,814 baris tertulis
17:59:11 |   [Question] 988,000/2,685,814 baris tertulis
17:59:11 |   [Question] 990,000/2,685,814 baris tertulis
17:59:12 |   [Question] 992,000/2,685,814 baris tertulis
17:59:13 |   [Question] 994,000/2,685,814 baris tertulis
17:59:13 |   [Question] 996,000/2,685,814 baris tertulis
17:59:14 |   [Question] 998,000/2,685,814 baris tertulis
17:59:14 |   [Question] 1,000,000/2,685,814 baris tertulis
17:59:15 |   [Question] 1,002,000/2,685,814 baris tertulis
17:59:15 |   [Question] 1,004,000/2,685,814 baris tertulis
17:59:16 |   [Question] 1,006,000/2,685,814 baris tertulis
17:59:16 |   [Question] 1,008,000/2,685,814 baris tertulis
17:59:17 |   [Question] 1,010,000/2,685,814 baris tertulis
17:59:17 |   [Question] 1,012,000/2,685,814 baris tertulis
17:59:18 |   [Question] 1,014,000/2,685,814 baris tertulis
17:59:18 |   [Question] 1,016,000/2,685,814 baris tertulis
17:59:19 |   [Question] 1,018,000/2,685,814 baris tertulis
17:59:20 |   [Question] 1,020,000/2,685,814 baris tertulis
17:59:20 |   [Question] 1,022,000/2,685,814 baris tertulis
17:59:21 |   [Question] 1,024,000/2,685,814 baris tertulis
17:59:21 |   [Question] 1,026,000/2,685,814 baris tertulis
17:59:21 |   [Question] 1,028,000/2,685,814 baris tertulis
17:59:22 |   [Question] 1,030,000/2,685,814 baris tertulis
17:59:22 |   [Question] 1,032,000/2,685,814 baris tertulis
17:59:22 |   [Question] 1,034,000/2,685,814 baris tertulis
17:59:23 |   [Question] 1,036,000/2,685,814 baris tertulis
17:59:23 |   [Question] 1,038,000/2,685,814 baris tertulis
17:59:24 |   [Question] 1,040,000/2,685,814 baris tertulis
17:59:25 |   [Question] 1,042,000/2,685,814 baris tertulis
17:59:26 |   [Question] 1,044,000/2,685,814 baris tertulis
17:59:26 |   [Question] 1,046,000/2,685,814 baris tertulis
17:59:27 |   [Question] 1,048,000/2,685,814 baris tertulis
17:59:27 |   [Question] 1,050,000/2,685,814 baris tertulis
17:59:28 |   [Question] 1,052,000/2,685,814 baris tertulis
17:59:28 |   [Question] 1,054,000/2,685,814 baris tertulis
17:59:29 |   [Question] 1,056,000/2,685,814 baris tertulis
17:59:29 |   [Question] 1,058,000/2,685,814 baris tertulis
17:59:29 |   [Question] 1,060,000/2,685,814 baris tertulis
17:59:30 |   [Question] 1,062,000/2,685,814 baris tertulis
17:59:30 |   [Question] 1,064,000/2,685,814 baris tertulis
17:59:31 |   [Question] 1,066,000/2,685,814 baris tertulis
17:59:32 |   [Question] 1,068,000/2,685,814 baris tertulis
17:59:32 |   [Question] 1,070,000/2,685,814 baris tertulis
17:59:34 |   [Question] 1,072,000/2,685,814 baris tertulis
17:59:34 |   [Question] 1,074,000/2,685,814 baris tertulis
17:59:35 |   [Question] 1,076,000/2,685,814 baris tertulis
17:59:35 |   [Question] 1,078,000/2,685,814 baris tertulis
17:59:35 |   [Question] 1,080,000/2,685,814 baris tertulis
17:59:36 |   [Question] 1,082,000/2,685,814 baris tertulis
17:59:36 |   [Question] 1,084,000/2,685,814 baris tertulis
17:59:37 |   [Question] 1,086,000/2,685,814 baris tertulis
17:59:37 |   [Question] 1,088,000/2,685,814 baris tertulis
17:59:37 |   [Question] 1,090,000/2,685,814 baris tertulis
17:59:38 |   [Question] 1,092,000/2,685,814 baris tertulis
17:59:38 |   [Question] 1,094,000/2,685,814 baris tertulis
17:59:39 |   [Question] 1,096,000/2,685,814 baris tertulis
17:59:39 |   [Question] 1,098,000/2,685,814 baris tertulis
17:59:39 |   [Question] 1,100,000/2,685,814 baris tertulis
17:59:40 |   [Question] 1,102,000/2,685,814 baris tertulis
17:59:40 |   [Question] 1,104,000/2,685,814 baris tertulis
17:59:40 |   [Question] 1,106,000/2,685,814 baris tertulis
17:59:41 |   [Question] 1,108,000/2,685,814 baris tertulis
17:59:41 |   [Question] 1,110,000/2,685,814 baris tertulis
17:59:42 |   [Question] 1,112,000/2,685,814 baris tertulis
17:59:42 |   [Question] 1,114,000/2,685,814 baris tertulis
17:59:42 |   [Question] 1,116,000/2,685,814 baris tertulis
17:59:43 |   [Question] 1,118,000/2,685,814 baris tertulis
17:59:44 |   [Question] 1,120,000/2,685,814 baris tertulis
17:59:44 |   [Question] 1,122,000/2,685,814 baris tertulis
17:59:45 |   [Question] 1,124,000/2,685,814 baris tertulis
17:59:45 |   [Question] 1,126,000/2,685,814 baris tertulis
17:59:46 |   [Question] 1,128,000/2,685,814 baris tertulis
17:59:46 |   [Question] 1,130,000/2,685,814 baris tertulis
17:59:47 |   [Question] 1,132,000/2,685,814 baris tertulis
17:59:47 |   [Question] 1,134,000/2,685,814 baris tertulis
17:59:47 |   [Question] 1,136,000/2,685,814 baris tertulis
17:59:48 |   [Question] 1,138,000/2,685,814 baris tertulis
17:59:48 |   [Question] 1,140,000/2,685,814 baris tertulis
17:59:48 |   [Question] 1,142,000/2,685,814 baris tertulis
17:59:49 |   [Question] 1,144,000/2,685,814 baris tertulis
17:59:49 |   [Question] 1,146,000/2,685,814 baris tertulis
17:59:50 |   [Question] 1,148,000/2,685,814 baris tertulis
17:59:50 |   [Question] 1,150,000/2,685,814 baris tertulis
17:59:50 |   [Question] 1,152,000/2,685,814 baris tertulis
17:59:51 |   [Question] 1,154,000/2,685,814 baris tertulis
17:59:51 |   [Question] 1,156,000/2,685,814 baris tertulis
17:59:52 |   [Question] 1,158,000/2,685,814 baris tertulis
17:59:52 |   [Question] 1,160,000/2,685,814 baris tertulis
17:59:52 |   [Question] 1,162,000/2,685,814 baris tertulis
17:59:53 |   [Question] 1,164,000/2,685,814 baris tertulis
17:59:53 |   [Question] 1,166,000/2,685,814 baris tertulis
17:59:53 |   [Question] 1,168,000/2,685,814 baris tertulis
17:59:54 |   [Question] 1,170,000/2,685,814 baris tertulis
17:59:54 |   [Question] 1,172,000/2,685,814 baris tertulis
17:59:54 |   [Question] 1,174,000/2,685,814 baris tertulis
17:59:55 |   [Question] 1,176,000/2,685,814 baris tertulis
17:59:55 |   [Question] 1,178,000/2,685,814 baris tertulis
17:59:56 |   [Question] 1,180,000/2,685,814 baris tertulis
17:59:56 |   [Question] 1,182,000/2,685,814 baris tertulis
17:59:57 |   [Question] 1,184,000/2,685,814 baris tertulis
17:59:57 |   [Question] 1,186,000/2,685,814 baris tertulis
17:59:58 |   [Question] 1,188,000/2,685,814 baris tertulis
17:59:58 |   [Question] 1,190,000/2,685,814 baris tertulis
17:59:59 |   [Question] 1,192,000/2,685,814 baris tertulis
17:59:59 |   [Question] 1,194,000/2,685,814 baris tertulis
18:00:00 |   [Question] 1,196,000/2,685,814 baris tertulis
18:00:00 |   [Question] 1,198,000/2,685,814 baris tertulis
18:00:01 |   [Question] 1,200,000/2,685,814 baris tertulis
18:00:01 |   [Question] 1,202,000/2,685,814 baris tertulis
18:00:02 |   [Question] 1,204,000/2,685,814 baris tertulis
18:00:02 |   [Question] 1,206,000/2,685,814 baris tertulis
18:00:03 |   [Question] 1,208,000/2,685,814 baris tertulis
18:00:04 |   [Question] 1,210,000/2,685,814 baris tertulis
18:00:05 |   [Question] 1,212,000/2,685,814 baris tertulis
18:00:06 |   [Question] 1,214,000/2,685,814 baris tertulis
18:00:07 |   [Question] 1,216,000/2,685,814 baris tertulis
18:00:08 |   [Question] 1,218,000/2,685,814 baris tertulis
18:00:10 |   [Question] 1,220,000/2,685,814 baris tertulis
18:00:10 |   [Question] 1,222,000/2,685,814 baris tertulis
18:00:12 |   [Question] 1,224,000/2,685,814 baris tertulis
18:00:13 |   [Question] 1,226,000/2,685,814 baris tertulis
18:00:13 |   [Question] 1,228,000/2,685,814 baris tertulis
18:00:14 |   [Question] 1,230,000/2,685,814 baris tertulis
18:00:14 |   [Question] 1,232,000/2,685,814 baris tertulis
18:00:15 |   [Question] 1,234,000/2,685,814 baris tertulis
18:00:15 |   [Question] 1,236,000/2,685,814 baris tertulis
18:00:15 |   [Question] 1,238,000/2,685,814 baris tertulis
18:00:16 |   [Question] 1,240,000/2,685,814 baris tertulis
18:00:16 |   [Question] 1,242,000/2,685,814 baris tertulis
18:00:16 |   [Question] 1,244,000/2,685,814 baris tertulis
18:00:16 |   [Question] 1,246,000/2,685,814 baris tertulis
18:00:17 |   [Question] 1,248,000/2,685,814 baris tertulis
18:00:17 |   [Question] 1,250,000/2,685,814 baris tertulis
18:00:17 |   [Question] 1,252,000/2,685,814 baris tertulis
18:00:17 |   [Question] 1,254,000/2,685,814 baris tertulis
18:00:18 |   [Question] 1,256,000/2,685,814 baris tertulis
18:00:18 |   [Question] 1,258,000/2,685,814 baris tertulis
18:00:18 |   [Question] 1,260,000/2,685,814 baris tertulis
18:00:19 |   [Question] 1,262,000/2,685,814 baris tertulis
18:00:19 |   [Question] 1,264,000/2,685,814 baris tertulis
18:00:19 |   [Question] 1,266,000/2,685,814 baris tertulis
18:00:20 |   [Question] 1,268,000/2,685,814 baris tertulis
18:00:20 |   [Question] 1,270,000/2,685,814 baris tertulis
18:00:20 |   [Question] 1,272,000/2,685,814 baris tertulis
18:00:20 |   [Question] 1,274,000/2,685,814 baris tertulis
18:00:21 |   [Question] 1,276,000/2,685,814 baris tertulis
18:00:21 |   [Question] 1,278,000/2,685,814 baris tertulis
18:00:21 |   [Question] 1,280,000/2,685,814 baris tertulis
18:00:22 |   [Question] 1,282,000/2,685,814 baris tertulis
18:00:22 |   [Question] 1,284,000/2,685,814 baris tertulis
18:00:22 |   [Question] 1,286,000/2,685,814 baris tertulis
18:00:22 |   [Question] 1,288,000/2,685,814 baris tertulis
18:00:23 |   [Question] 1,290,000/2,685,814 baris tertulis
18:00:23 |   [Question] 1,292,000/2,685,814 baris tertulis
18:00:23 |   [Question] 1,294,000/2,685,814 baris tertulis
18:00:24 |   [Question] 1,296,000/2,685,814 baris tertulis
18:00:24 |   [Question] 1,298,000/2,685,814 baris tertulis
18:00:24 |   [Question] 1,300,000/2,685,814 baris tertulis
18:00:25 |   [Question] 1,302,000/2,685,814 baris tertulis
18:00:25 |   [Question] 1,304,000/2,685,814 baris tertulis
18:00:25 |   [Question] 1,306,000/2,685,814 baris tertulis
18:00:26 |   [Question] 1,308,000/2,685,814 baris tertulis
18:00:26 |   [Question] 1,310,000/2,685,814 baris tertulis
18:00:26 |   [Question] 1,312,000/2,685,814 baris tertulis
18:00:27 |   [Question] 1,314,000/2,685,814 baris tertulis
18:00:27 |   [Question] 1,316,000/2,685,814 baris tertulis
18:00:27 |   [Question] 1,318,000/2,685,814 baris tertulis
18:00:27 |   [Question] 1,320,000/2,685,814 baris tertulis
18:00:28 |   [Question] 1,322,000/2,685,814 baris tertulis
18:00:28 |   [Question] 1,324,000/2,685,814 baris tertulis
18:00:29 |   [Question] 1,326,000/2,685,814 baris tertulis
18:00:29 |   [Question] 1,328,000/2,685,814 baris tertulis
18:00:29 |   [Question] 1,330,000/2,685,814 baris tertulis
18:00:30 |   [Question] 1,332,000/2,685,814 baris tertulis
18:00:30 |   [Question] 1,334,000/2,685,814 baris tertulis
18:00:30 |   [Question] 1,336,000/2,685,814 baris tertulis
18:00:31 |   [Question] 1,338,000/2,685,814 baris tertulis
18:00:31 |   [Question] 1,340,000/2,685,814 baris tertulis
18:00:31 |   [Question] 1,342,000/2,685,814 baris tertulis
18:00:32 |   [Question] 1,344,000/2,685,814 baris tertulis
18:00:32 |   [Question] 1,346,000/2,685,814 baris tertulis
18:00:32 |   [Question] 1,348,000/2,685,814 baris tertulis
18:00:33 |   [Question] 1,350,000/2,685,814 baris tertulis
18:00:33 |   [Question] 1,352,000/2,685,814 baris tertulis
18:00:33 |   [Question] 1,354,000/2,685,814 baris tertulis
18:00:34 |   [Question] 1,356,000/2,685,814 baris tertulis
18:00:34 |   [Question] 1,358,000/2,685,814 baris tertulis
18:00:34 |   [Question] 1,360,000/2,685,814 baris tertulis
18:00:35 |   [Question] 1,362,000/2,685,814 baris tertulis
18:00:35 |   [Question] 1,364,000/2,685,814 baris tertulis
18:00:35 |   [Question] 1,366,000/2,685,814 baris tertulis
18:00:36 |   [Question] 1,368,000/2,685,814 baris tertulis
18:00:36 |   [Question] 1,370,000/2,685,814 baris tertulis
18:00:36 |   [Question] 1,372,000/2,685,814 baris tertulis
18:00:37 |   [Question] 1,374,000/2,685,814 baris tertulis
18:00:37 |   [Question] 1,376,000/2,685,814 baris tertulis
18:00:38 |   [Question] 1,378,000/2,685,814 baris tertulis
18:00:38 |   [Question] 1,380,000/2,685,814 baris tertulis
18:00:38 |   [Question] 1,382,000/2,685,814 baris tertulis
18:00:39 |   [Question] 1,384,000/2,685,814 baris tertulis
18:00:40 |   [Question] 1,386,000/2,685,814 baris tertulis
18:00:40 |   [Question] 1,388,000/2,685,814 baris tertulis
18:00:40 |   [Question] 1,390,000/2,685,814 baris tertulis
18:00:41 |   [Question] 1,392,000/2,685,814 baris tertulis
18:00:41 |   [Question] 1,394,000/2,685,814 baris tertulis
18:00:41 |   [Question] 1,396,000/2,685,814 baris tertulis
18:00:42 |   [Question] 1,398,000/2,685,814 baris tertulis
18:00:42 |   [Question] 1,400,000/2,685,814 baris tertulis
18:00:43 |   [Question] 1,402,000/2,685,814 baris tertulis
18:00:43 |   [Question] 1,404,000/2,685,814 baris tertulis
18:00:43 |   [Question] 1,406,000/2,685,814 baris tertulis
18:00:44 |   [Question] 1,408,000/2,685,814 baris tertulis
18:00:45 |   [Question] 1,410,000/2,685,814 baris tertulis
18:00:45 |   [Question] 1,412,000/2,685,814 baris tertulis
18:00:46 |   [Question] 1,414,000/2,685,814 baris tertulis
18:00:46 |   [Question] 1,416,000/2,685,814 baris tertulis
18:00:47 |   [Question] 1,418,000/2,685,814 baris tertulis
18:00:47 |   [Question] 1,420,000/2,685,814 baris tertulis
18:00:47 |   [Question] 1,422,000/2,685,814 baris tertulis
18:00:48 |   [Question] 1,424,000/2,685,814 baris tertulis
18:00:48 |   [Question] 1,426,000/2,685,814 baris tertulis
18:00:48 |   [Question] 1,428,000/2,685,814 baris tertulis
18:00:49 |   [Question] 1,430,000/2,685,814 baris tertulis
18:00:49 |   [Question] 1,432,000/2,685,814 baris tertulis
18:00:49 |   [Question] 1,434,000/2,685,814 baris tertulis
18:00:50 |   [Question] 1,436,000/2,685,814 baris tertulis
18:00:50 |   [Question] 1,438,000/2,685,814 baris tertulis
18:00:50 |   [Question] 1,440,000/2,685,814 baris tertulis
18:00:51 |   [Question] 1,442,000/2,685,814 baris tertulis
18:00:51 |   [Question] 1,444,000/2,685,814 baris tertulis
18:00:52 |   [Question] 1,446,000/2,685,814 baris tertulis
18:00:52 |   [Question] 1,448,000/2,685,814 baris tertulis
18:00:52 |   [Question] 1,450,000/2,685,814 baris tertulis
18:00:53 |   [Question] 1,452,000/2,685,814 baris tertulis
18:00:53 |   [Question] 1,454,000/2,685,814 baris tertulis
18:00:53 |   [Question] 1,456,000/2,685,814 baris tertulis
18:00:54 |   [Question] 1,458,000/2,685,814 baris tertulis
18:00:54 |   [Question] 1,460,000/2,685,814 baris tertulis
18:00:55 |   [Question] 1,462,000/2,685,814 baris tertulis
18:00:56 |   [Question] 1,464,000/2,685,814 baris tertulis
18:00:56 |   [Question] 1,466,000/2,685,814 baris tertulis
18:00:56 |   [Question] 1,468,000/2,685,814 baris tertulis
18:00:57 |   [Question] 1,470,000/2,685,814 baris tertulis
18:00:57 |   [Question] 1,472,000/2,685,814 baris tertulis
18:00:57 |   [Question] 1,474,000/2,685,814 baris tertulis
18:00:58 |   [Question] 1,476,000/2,685,814 baris tertulis
18:00:58 |   [Question] 1,478,000/2,685,814 baris tertulis
18:00:58 |   [Question] 1,480,000/2,685,814 baris tertulis
18:00:59 |   [Question] 1,482,000/2,685,814 baris tertulis
18:00:59 |   [Question] 1,484,000/2,685,814 baris tertulis
18:01:00 |   [Question] 1,486,000/2,685,814 baris tertulis
18:01:00 |   [Question] 1,488,000/2,685,814 baris tertulis
18:01:00 |   [Question] 1,490,000/2,685,814 baris tertulis
18:01:01 |   [Question] 1,492,000/2,685,814 baris tertulis
18:01:01 |   [Question] 1,494,000/2,685,814 baris tertulis
18:01:02 |   [Question] 1,496,000/2,685,814 baris tertulis
18:01:02 |   [Question] 1,498,000/2,685,814 baris tertulis
18:01:02 |   [Question] 1,500,000/2,685,814 baris tertulis
18:01:03 |   [Question] 1,502,000/2,685,814 baris tertulis
18:01:04 |   [Question] 1,504,000/2,685,814 baris tertulis
18:01:04 |   [Question] 1,506,000/2,685,814 baris tertulis
18:01:05 |   [Question] 1,508,000/2,685,814 baris tertulis
18:01:05 |   [Question] 1,510,000/2,685,814 baris tertulis
18:01:06 |   [Question] 1,512,000/2,685,814 baris tertulis
18:01:06 |   [Question] 1,514,000/2,685,814 baris tertulis
18:01:06 |   [Question] 1,516,000/2,685,814 baris tertulis
18:01:07 |   [Question] 1,518,000/2,685,814 baris tertulis
18:01:07 |   [Question] 1,520,000/2,685,814 baris tertulis
18:01:08 |   [Question] 1,522,000/2,685,814 baris tertulis
18:01:08 |   [Question] 1,524,000/2,685,814 baris tertulis
18:01:09 |   [Question] 1,526,000/2,685,814 baris tertulis
18:01:09 |   [Question] 1,528,000/2,685,814 baris tertulis
18:01:09 |   [Question] 1,530,000/2,685,814 baris tertulis
18:01:10 |   [Question] 1,532,000/2,685,814 baris tertulis
18:01:10 |   [Question] 1,534,000/2,685,814 baris tertulis
18:01:10 |   [Question] 1,536,000/2,685,814 baris tertulis
18:01:11 |   [Question] 1,538,000/2,685,814 baris tertulis
18:01:11 |   [Question] 1,540,000/2,685,814 baris tertulis
18:01:11 |   [Question] 1,542,000/2,685,814 baris tertulis
18:01:12 |   [Question] 1,544,000/2,685,814 baris tertulis
18:01:12 |   [Question] 1,546,000/2,685,814 baris tertulis
18:01:12 |   [Question] 1,548,000/2,685,814 baris tertulis
18:01:13 |   [Question] 1,550,000/2,685,814 baris tertulis
18:01:13 |   [Question] 1,552,000/2,685,814 baris tertulis
18:01:14 |   [Question] 1,554,000/2,685,814 baris tertulis
18:01:15 |   [Question] 1,556,000/2,685,814 baris tertulis
18:01:16 |   [Question] 1,558,000/2,685,814 baris tertulis
18:01:17 |   [Question] 1,560,000/2,685,814 baris tertulis
18:01:18 |   [Question] 1,562,000/2,685,814 baris tertulis
18:01:19 |   [Question] 1,564,000/2,685,814 baris tertulis
18:01:20 |   [Question] 1,566,000/2,685,814 baris tertulis
18:01:21 |   [Question] 1,568,000/2,685,814 baris tertulis
18:01:22 |   [Question] 1,570,000/2,685,814 baris tertulis
18:01:23 |   [Question] 1,572,000/2,685,814 baris tertulis
18:01:23 |   [Question] 1,574,000/2,685,814 baris tertulis
18:01:24 |   [Question] 1,576,000/2,685,814 baris tertulis
18:01:25 |   [Question] 1,578,000/2,685,814 baris tertulis
18:01:26 |   [Question] 1,580,000/2,685,814 baris tertulis
18:01:27 |   [Question] 1,582,000/2,685,814 baris tertulis
18:01:28 |   [Question] 1,584,000/2,685,814 baris tertulis
18:01:28 |   [Question] 1,586,000/2,685,814 baris tertulis
18:01:28 |   [Question] 1,588,000/2,685,814 baris tertulis
18:01:29 |   [Question] 1,590,000/2,685,814 baris tertulis
18:01:29 |   [Question] 1,592,000/2,685,814 baris tertulis
18:01:29 |   [Question] 1,594,000/2,685,814 baris tertulis
18:01:30 |   [Question] 1,596,000/2,685,814 baris tertulis
18:01:30 |   [Question] 1,598,000/2,685,814 baris tertulis
18:01:31 |   [Question] 1,600,000/2,685,814 baris tertulis
18:01:31 |   [Question] 1,602,000/2,685,814 baris tertulis
18:01:31 |   [Question] 1,604,000/2,685,814 baris tertulis
18:01:32 |   [Question] 1,606,000/2,685,814 baris tertulis
18:01:32 |   [Question] 1,608,000/2,685,814 baris tertulis
18:01:33 |   [Question] 1,610,000/2,685,814 baris tertulis
18:01:33 |   [Question] 1,612,000/2,685,814 baris tertulis
18:01:33 |   [Question] 1,614,000/2,685,814 baris tertulis
18:01:34 |   [Question] 1,616,000/2,685,814 baris tertulis
18:01:34 |   [Question] 1,618,000/2,685,814 baris tertulis
18:01:35 |   [Question] 1,620,000/2,685,814 baris tertulis
18:01:35 |   [Question] 1,622,000/2,685,814 baris tertulis
18:01:36 |   [Question] 1,624,000/2,685,814 baris tertulis
18:01:36 |   [Question] 1,626,000/2,685,814 baris tertulis
18:01:36 |   [Question] 1,628,000/2,685,814 baris tertulis
18:01:37 |   [Question] 1,630,000/2,685,814 baris tertulis
18:01:37 |   [Question] 1,632,000/2,685,814 baris tertulis
18:01:37 |   [Question] 1,634,000/2,685,814 baris tertulis
18:01:38 |   [Question] 1,636,000/2,685,814 baris tertulis
18:01:38 |   [Question] 1,638,000/2,685,814 baris tertulis
18:01:39 |   [Question] 1,640,000/2,685,814 baris tertulis
18:01:39 |   [Question] 1,642,000/2,685,814 baris tertulis
18:01:40 |   [Question] 1,644,000/2,685,814 baris tertulis
18:01:40 |   [Question] 1,646,000/2,685,814 baris tertulis
18:01:40 |   [Question] 1,648,000/2,685,814 baris tertulis
18:01:41 |   [Question] 1,650,000/2,685,814 baris tertulis
18:01:42 |   [Question] 1,652,000/2,685,814 baris tertulis
18:01:43 |   [Question] 1,654,000/2,685,814 baris tertulis
18:01:43 |   [Question] 1,656,000/2,685,814 baris tertulis
18:01:44 |   [Question] 1,658,000/2,685,814 baris tertulis
18:01:44 |   [Question] 1,660,000/2,685,814 baris tertulis
18:01:44 |   [Question] 1,662,000/2,685,814 baris tertulis
18:01:45 |   [Question] 1,664,000/2,685,814 baris tertulis
18:01:45 |   [Question] 1,666,000/2,685,814 baris tertulis
18:01:45 |   [Question] 1,668,000/2,685,814 baris tertulis
18:01:46 |   [Question] 1,670,000/2,685,814 baris tertulis
18:01:46 |   [Question] 1,672,000/2,685,814 baris tertulis
18:01:47 |   [Question] 1,674,000/2,685,814 baris tertulis
18:01:47 |   [Question] 1,676,000/2,685,814 baris tertulis
18:01:47 |   [Question] 1,678,000/2,685,814 baris tertulis
18:01:48 |   [Question] 1,680,000/2,685,814 baris tertulis
18:01:48 |   [Question] 1,682,000/2,685,814 baris tertulis
18:01:49 |   [Question] 1,684,000/2,685,814 baris tertulis
18:01:49 |   [Question] 1,686,000/2,685,814 baris tertulis
18:01:49 |   [Question] 1,688,000/2,685,814 baris tertulis
18:01:50 |   [Question] 1,690,000/2,685,814 baris tertulis
18:01:50 |   [Question] 1,692,000/2,685,814 baris tertulis
18:01:51 |   [Question] 1,694,000/2,685,814 baris tertulis
18:01:51 |   [Question] 1,696,000/2,685,814 baris tertulis
18:01:52 |   [Question] 1,698,000/2,685,814 baris tertulis
18:01:52 |   [Question] 1,700,000/2,685,814 baris tertulis
18:01:52 |   [Question] 1,702,000/2,685,814 baris tertulis
18:01:53 |   [Question] 1,704,000/2,685,814 baris tertulis
18:01:53 |   [Question] 1,706,000/2,685,814 baris tertulis
18:01:54 |   [Question] 1,708,000/2,685,814 baris tertulis
18:01:54 |   [Question] 1,710,000/2,685,814 baris tertulis
18:01:54 |   [Question] 1,712,000/2,685,814 baris tertulis
18:01:55 |   [Question] 1,714,000/2,685,814 baris tertulis
18:01:55 |   [Question] 1,716,000/2,685,814 baris tertulis
18:01:56 |   [Question] 1,718,000/2,685,814 baris tertulis
18:01:56 |   [Question] 1,720,000/2,685,814 baris tertulis
18:01:56 |   [Question] 1,722,000/2,685,814 baris tertulis
18:01:57 |   [Question] 1,724,000/2,685,814 baris tertulis
18:01:57 |   [Question] 1,726,000/2,685,814 baris tertulis
18:01:58 |   [Question] 1,728,000/2,685,814 baris tertulis
18:01:58 |   [Question] 1,730,000/2,685,814 baris tertulis
18:01:58 |   [Question] 1,732,000/2,685,814 baris tertulis
18:01:59 |   [Question] 1,734,000/2,685,814 baris tertulis
18:01:59 |   [Question] 1,736,000/2,685,814 baris tertulis
18:01:59 |   [Question] 1,738,000/2,685,814 baris tertulis
18:02:00 |   [Question] 1,740,000/2,685,814 baris tertulis
18:02:00 |   [Question] 1,742,000/2,685,814 baris tertulis
18:02:01 |   [Question] 1,744,000/2,685,814 baris tertulis
18:02:02 |   [Question] 1,746,000/2,685,814 baris tertulis
18:02:02 |   [Question] 1,748,000/2,685,814 baris tertulis
18:02:02 |   [Question] 1,750,000/2,685,814 baris tertulis
18:02:03 |   [Question] 1,752,000/2,685,814 baris tertulis
18:02:03 |   [Question] 1,754,000/2,685,814 baris tertulis
18:02:04 |   [Question] 1,756,000/2,685,814 baris tertulis
18:02:04 |   [Question] 1,758,000/2,685,814 baris tertulis
18:02:04 |   [Question] 1,760,000/2,685,814 baris tertulis
18:02:05 |   [Question] 1,762,000/2,685,814 baris tertulis
18:02:05 |   [Question] 1,764,000/2,685,814 baris tertulis
18:02:06 |   [Question] 1,766,000/2,685,814 baris tertulis
18:02:06 |   [Question] 1,768,000/2,685,814 baris tertulis
18:02:06 |   [Question] 1,770,000/2,685,814 baris tertulis
18:02:07 |   [Question] 1,772,000/2,685,814 baris tertulis
18:02:07 |   [Question] 1,774,000/2,685,814 baris tertulis
18:02:08 |   [Question] 1,776,000/2,685,814 baris tertulis
18:02:08 |   [Question] 1,778,000/2,685,814 baris tertulis
18:02:08 |   [Question] 1,780,000/2,685,814 baris tertulis
18:02:09 |   [Question] 1,782,000/2,685,814 baris tertulis
18:02:09 |   [Question] 1,784,000/2,685,814 baris tertulis
18:02:10 |   [Question] 1,786,000/2,685,814 baris tertulis
18:02:10 |   [Question] 1,788,000/2,685,814 baris tertulis
18:02:10 |   [Question] 1,790,000/2,685,814 baris tertulis
18:02:11 |   [Question] 1,792,000/2,685,814 baris tertulis
18:02:11 |   [Question] 1,794,000/2,685,814 baris tertulis
18:02:12 |   [Question] 1,796,000/2,685,814 baris tertulis
18:02:12 |   [Question] 1,798,000/2,685,814 baris tertulis
18:02:13 |   [Question] 1,800,000/2,685,814 baris tertulis
18:02:13 |   [Question] 1,802,000/2,685,814 baris tertulis
18:02:14 |   [Question] 1,804,000/2,685,814 baris tertulis
18:02:14 |   [Question] 1,806,000/2,685,814 baris tertulis
18:02:14 |   [Question] 1,808,000/2,685,814 baris tertulis
18:02:15 |   [Question] 1,810,000/2,685,814 baris tertulis
18:02:15 |   [Question] 1,812,000/2,685,814 baris tertulis
18:02:16 |   [Question] 1,814,000/2,685,814 baris tertulis
18:02:16 |   [Question] 1,816,000/2,685,814 baris tertulis
18:02:17 |   [Question] 1,818,000/2,685,814 baris tertulis
18:02:17 |   [Question] 1,820,000/2,685,814 baris tertulis
18:02:18 |   [Question] 1,822,000/2,685,814 baris tertulis
18:02:18 |   [Question] 1,824,000/2,685,814 baris tertulis
18:02:18 |   [Question] 1,826,000/2,685,814 baris tertulis
18:02:19 |   [Question] 1,828,000/2,685,814 baris tertulis
18:02:19 |   [Question] 1,830,000/2,685,814 baris tertulis
18:02:20 |   [Question] 1,832,000/2,685,814 baris tertulis
18:02:20 |   [Question] 1,834,000/2,685,814 baris tertulis
18:02:20 |   [Question] 1,836,000/2,685,814 baris tertulis
18:02:21 |   [Question] 1,838,000/2,685,814 baris tertulis
18:02:21 |   [Question] 1,840,000/2,685,814 baris tertulis
18:02:22 |   [Question] 1,842,000/2,685,814 baris tertulis
18:02:22 |   [Question] 1,844,000/2,685,814 baris tertulis
18:02:22 |   [Question] 1,846,000/2,685,814 baris tertulis
18:02:23 |   [Question] 1,848,000/2,685,814 baris tertulis
18:02:23 |   [Question] 1,850,000/2,685,814 baris tertulis
18:02:24 |   [Question] 1,852,000/2,685,814 baris tertulis
18:02:24 |   [Question] 1,854,000/2,685,814 baris tertulis
18:02:25 |   [Question] 1,856,000/2,685,814 baris tertulis
18:02:25 |   [Question] 1,858,000/2,685,814 baris tertulis
18:02:25 |   [Question] 1,860,000/2,685,814 baris tertulis
18:02:26 |   [Question] 1,862,000/2,685,814 baris tertulis
18:02:26 |   [Question] 1,864,000/2,685,814 baris tertulis
18:02:27 |   [Question] 1,866,000/2,685,814 baris tertulis
18:02:27 |   [Question] 1,868,000/2,685,814 baris tertulis
18:02:27 |   [Question] 1,870,000/2,685,814 baris tertulis
18:02:28 |   [Question] 1,872,000/2,685,814 baris tertulis
18:02:28 |   [Question] 1,874,000/2,685,814 baris tertulis
18:02:29 |   [Question] 1,876,000/2,685,814 baris tertulis
18:02:29 |   [Question] 1,878,000/2,685,814 baris tertulis
18:02:29 |   [Question] 1,880,000/2,685,814 baris tertulis
18:02:30 |   [Question] 1,882,000/2,685,814 baris tertulis
18:02:30 |   [Question] 1,884,000/2,685,814 baris tertulis
18:02:31 |   [Question] 1,886,000/2,685,814 baris tertulis
18:02:31 |   [Question] 1,888,000/2,685,814 baris tertulis
18:02:32 |   [Question] 1,890,000/2,685,814 baris tertulis
18:02:32 |   [Question] 1,892,000/2,685,814 baris tertulis
18:02:32 |   [Question] 1,894,000/2,685,814 baris tertulis
18:02:33 |   [Question] 1,896,000/2,685,814 baris tertulis
18:02:34 |   [Question] 1,898,000/2,685,814 baris tertulis
18:02:34 |   [Question] 1,900,000/2,685,814 baris tertulis
18:02:34 |   [Question] 1,902,000/2,685,814 baris tertulis
18:02:35 |   [Question] 1,904,000/2,685,814 baris tertulis
18:02:35 |   [Question] 1,906,000/2,685,814 baris tertulis
18:02:35 |   [Question] 1,908,000/2,685,814 baris tertulis
18:02:36 |   [Question] 1,910,000/2,685,814 baris tertulis
18:02:37 |   [Question] 1,912,000/2,685,814 baris tertulis
18:02:39 |   [Question] 1,914,000/2,685,814 baris tertulis
18:02:39 |   [Question] 1,916,000/2,685,814 baris tertulis
18:02:40 |   [Question] 1,918,000/2,685,814 baris tertulis
18:02:40 |   [Question] 1,920,000/2,685,814 baris tertulis
18:02:41 |   [Question] 1,922,000/2,685,814 baris tertulis
18:02:41 |   [Question] 1,924,000/2,685,814 baris tertulis
18:02:42 |   [Question] 1,926,000/2,685,814 baris tertulis
18:02:42 |   [Question] 1,928,000/2,685,814 baris tertulis
18:02:43 |   [Question] 1,930,000/2,685,814 baris tertulis
18:02:43 |   [Question] 1,932,000/2,685,814 baris tertulis
18:02:43 |   [Question] 1,934,000/2,685,814 baris tertulis
18:02:44 |   [Question] 1,936,000/2,685,814 baris tertulis
18:02:44 |   [Question] 1,938,000/2,685,814 baris tertulis
18:02:45 |   [Question] 1,940,000/2,685,814 baris tertulis
18:02:45 |   [Question] 1,942,000/2,685,814 baris tertulis
18:02:45 |   [Question] 1,944,000/2,685,814 baris tertulis
18:02:46 |   [Question] 1,946,000/2,685,814 baris tertulis
18:02:46 |   [Question] 1,948,000/2,685,814 baris tertulis
18:02:47 |   [Question] 1,950,000/2,685,814 baris tertulis
18:02:47 |   [Question] 1,952,000/2,685,814 baris tertulis
18:02:48 |   [Question] 1,954,000/2,685,814 baris tertulis
18:02:48 |   [Question] 1,956,000/2,685,814 baris tertulis
18:02:48 |   [Question] 1,958,000/2,685,814 baris tertulis
18:02:49 |   [Question] 1,960,000/2,685,814 baris tertulis
18:02:49 |   [Question] 1,962,000/2,685,814 baris tertulis
18:02:51 |   [Question] 1,964,000/2,685,814 baris tertulis
18:02:51 |   [Question] 1,966,000/2,685,814 baris tertulis
18:02:53 |   [Question] 1,968,000/2,685,814 baris tertulis
18:02:53 |   [Question] 1,970,000/2,685,814 baris tertulis
18:02:53 |   [Question] 1,972,000/2,685,814 baris tertulis
18:02:54 |   [Question] 1,974,000/2,685,814 baris tertulis
18:02:54 |   [Question] 1,976,000/2,685,814 baris tertulis
18:02:55 |   [Question] 1,978,000/2,685,814 baris tertulis
18:02:55 |   [Question] 1,980,000/2,685,814 baris tertulis
18:02:56 |   [Question] 1,982,000/2,685,814 baris tertulis
18:02:56 |   [Question] 1,984,000/2,685,814 baris tertulis
18:02:57 |   [Question] 1,986,000/2,685,814 baris tertulis
18:02:57 |   [Question] 1,988,000/2,685,814 baris tertulis
18:02:58 |   [Question] 1,990,000/2,685,814 baris tertulis
18:02:58 |   [Question] 1,992,000/2,685,814 baris tertulis
18:02:59 |   [Question] 1,994,000/2,685,814 baris tertulis
18:02:59 |   [Question] 1,996,000/2,685,814 baris tertulis
18:02:59 |   [Question] 1,998,000/2,685,814 baris tertulis
18:03:00 |   [Question] 2,000,000/2,685,814 baris tertulis
18:03:00 |   [Question] 2,002,000/2,685,814 baris tertulis
18:03:01 |   [Question] 2,004,000/2,685,814 baris tertulis
18:03:01 |   [Question] 2,006,000/2,685,814 baris tertulis
18:03:01 |   [Question] 2,008,000/2,685,814 baris tertulis
18:03:02 |   [Question] 2,010,000/2,685,814 baris tertulis
18:03:02 |   [Question] 2,012,000/2,685,814 baris tertulis
18:03:03 |   [Question] 2,014,000/2,685,814 baris tertulis
18:03:03 |   [Question] 2,016,000/2,685,814 baris tertulis
18:03:04 |   [Question] 2,018,000/2,685,814 baris tertulis
18:03:04 |   [Question] 2,020,000/2,685,814 baris tertulis
18:03:05 |   [Question] 2,022,000/2,685,814 baris tertulis
18:03:05 |   [Question] 2,024,000/2,685,814 baris tertulis
18:03:06 |   [Question] 2,026,000/2,685,814 baris tertulis
18:03:07 |   [Question] 2,028,000/2,685,814 baris tertulis
18:03:07 |   [Question] 2,030,000/2,685,814 baris tertulis
18:03:08 |   [Question] 2,032,000/2,685,814 baris tertulis
18:03:08 |   [Question] 2,034,000/2,685,814 baris tertulis
18:03:09 |   [Question] 2,036,000/2,685,814 baris tertulis
18:03:09 |   [Question] 2,038,000/2,685,814 baris tertulis
18:03:09 |   [Question] 2,040,000/2,685,814 baris tertulis
18:03:10 |   [Question] 2,042,000/2,685,814 baris tertulis
18:03:10 |   [Question] 2,044,000/2,685,814 baris tertulis
18:03:11 |   [Question] 2,046,000/2,685,814 baris tertulis
18:03:11 |   [Question] 2,048,000/2,685,814 baris tertulis
18:03:11 |   [Question] 2,050,000/2,685,814 baris tertulis
18:03:12 |   [Question] 2,052,000/2,685,814 baris tertulis
18:03:12 |   [Question] 2,054,000/2,685,814 baris tertulis
18:03:13 |   [Question] 2,056,000/2,685,814 baris tertulis
18:03:13 |   [Question] 2,058,000/2,685,814 baris tertulis
18:03:13 |   [Question] 2,060,000/2,685,814 baris tertulis
18:03:14 |   [Question] 2,062,000/2,685,814 baris tertulis
18:03:14 |   [Question] 2,064,000/2,685,814 baris tertulis
18:03:15 |   [Question] 2,066,000/2,685,814 baris tertulis
18:03:15 |   [Question] 2,068,000/2,685,814 baris tertulis
18:03:15 |   [Question] 2,070,000/2,685,814 baris tertulis
18:03:16 |   [Question] 2,072,000/2,685,814 baris tertulis
18:03:16 |   [Question] 2,074,000/2,685,814 baris tertulis
18:03:17 |   [Question] 2,076,000/2,685,814 baris tertulis
18:03:17 |   [Question] 2,078,000/2,685,814 baris tertulis
18:03:17 |   [Question] 2,080,000/2,685,814 baris tertulis
18:03:18 |   [Question] 2,082,000/2,685,814 baris tertulis
18:03:19 |   [Question] 2,084,000/2,685,814 baris tertulis
18:03:20 |   [Question] 2,086,000/2,685,814 baris tertulis
18:03:21 |   [Question] 2,088,000/2,685,814 baris tertulis
18:03:22 |   [Question] 2,090,000/2,685,814 baris tertulis
18:03:23 |   [Question] 2,092,000/2,685,814 baris tertulis
18:03:24 |   [Question] 2,094,000/2,685,814 baris tertulis
18:03:26 |   [Question] 2,096,000/2,685,814 baris tertulis
18:03:26 |   [Question] 2,098,000/2,685,814 baris tertulis
18:03:28 |   [Question] 2,100,000/2,685,814 baris tertulis
18:03:29 |   [Question] 2,102,000/2,685,814 baris tertulis
18:03:29 |   [Question] 2,104,000/2,685,814 baris tertulis
18:03:29 |   [Question] 2,106,000/2,685,814 baris tertulis
18:03:30 |   [Question] 2,108,000/2,685,814 baris tertulis
18:03:30 |   [Question] 2,110,000/2,685,814 baris tertulis
18:03:31 |   [Question] 2,112,000/2,685,814 baris tertulis
18:03:31 |   [Question] 2,114,000/2,685,814 baris tertulis
18:03:32 |   [Question] 2,116,000/2,685,814 baris tertulis
18:03:32 |   [Question] 2,118,000/2,685,814 baris tertulis
18:03:32 |   [Question] 2,120,000/2,685,814 baris tertulis
18:03:33 |   [Question] 2,122,000/2,685,814 baris tertulis
18:03:33 |   [Question] 2,124,000/2,685,814 baris tertulis
18:03:34 |   [Question] 2,126,000/2,685,814 baris tertulis
18:03:34 |   [Question] 2,128,000/2,685,814 baris tertulis
18:03:35 |   [Question] 2,130,000/2,685,814 baris tertulis
18:03:35 |   [Question] 2,132,000/2,685,814 baris tertulis
18:03:35 |   [Question] 2,134,000/2,685,814 baris tertulis
18:03:36 |   [Question] 2,136,000/2,685,814 baris tertulis
18:03:37 |   [Question] 2,138,000/2,685,814 baris tertulis
18:03:38 |   [Question] 2,140,000/2,685,814 baris tertulis
18:03:39 |   [Question] 2,142,000/2,685,814 baris tertulis
18:03:40 |   [Question] 2,144,000/2,685,814 baris tertulis
18:03:40 |   [Question] 2,146,000/2,685,814 baris tertulis
18:03:40 |   [Question] 2,148,000/2,685,814 baris tertulis
18:03:41 |   [Question] 2,150,000/2,685,814 baris tertulis
18:03:41 |   [Question] 2,152,000/2,685,814 baris tertulis
18:03:42 |   [Question] 2,154,000/2,685,814 baris tertulis
18:03:42 |   [Question] 2,156,000/2,685,814 baris tertulis
18:03:43 |   [Question] 2,158,000/2,685,814 baris tertulis
18:03:43 |   [Question] 2,160,000/2,685,814 baris tertulis
18:03:43 |   [Question] 2,162,000/2,685,814 baris tertulis
18:03:44 |   [Question] 2,164,000/2,685,814 baris tertulis
18:03:44 |   [Question] 2,166,000/2,685,814 baris tertulis
18:03:45 |   [Question] 2,168,000/2,685,814 baris tertulis
18:03:45 |   [Question] 2,170,000/2,685,814 baris tertulis
18:03:46 |   [Question] 2,172,000/2,685,814 baris tertulis
18:03:46 |   [Question] 2,174,000/2,685,814 baris tertulis
18:03:46 |   [Question] 2,176,000/2,685,814 baris tertulis
18:03:47 |   [Question] 2,178,000/2,685,814 baris tertulis
18:03:47 |   [Question] 2,180,000/2,685,814 baris tertulis
18:03:48 |   [Question] 2,182,000/2,685,814 baris tertulis
18:03:48 |   [Question] 2,184,000/2,685,814 baris tertulis
18:03:50 |   [Question] 2,186,000/2,685,814 baris tertulis
18:03:51 |   [Question] 2,188,000/2,685,814 baris tertulis
18:03:51 |   [Question] 2,190,000/2,685,814 baris tertulis
18:03:53 |   [Question] 2,192,000/2,685,814 baris tertulis
18:03:54 |   [Question] 2,194,000/2,685,814 baris tertulis
18:03:54 |   [Question] 2,196,000/2,685,814 baris tertulis
18:03:55 |   [Question] 2,198,000/2,685,814 baris tertulis
18:03:56 |   [Question] 2,200,000/2,685,814 baris tertulis
18:03:57 |   [Question] 2,202,000/2,685,814 baris tertulis
18:03:58 |   [Question] 2,204,000/2,685,814 baris tertulis
18:03:58 |   [Question] 2,206,000/2,685,814 baris tertulis
18:03:59 |   [Question] 2,208,000/2,685,814 baris tertulis
18:03:59 |   [Question] 2,210,000/2,685,814 baris tertulis
18:04:00 |   [Question] 2,212,000/2,685,814 baris tertulis
18:04:00 |   [Question] 2,214,000/2,685,814 baris tertulis
18:04:00 |   [Question] 2,216,000/2,685,814 baris tertulis
18:04:01 |   [Question] 2,218,000/2,685,814 baris tertulis
18:04:01 |   [Question] 2,220,000/2,685,814 baris tertulis
18:04:02 |   [Question] 2,222,000/2,685,814 baris tertulis
18:04:02 |   [Question] 2,224,000/2,685,814 baris tertulis
18:04:03 |   [Question] 2,226,000/2,685,814 baris tertulis
18:04:03 |   [Question] 2,228,000/2,685,814 baris tertulis
18:04:03 |   [Question] 2,230,000/2,685,814 baris tertulis
18:04:04 |   [Question] 2,232,000/2,685,814 baris tertulis
18:04:04 |   [Question] 2,234,000/2,685,814 baris tertulis
18:04:05 |   [Question] 2,236,000/2,685,814 baris tertulis
18:04:05 |   [Question] 2,238,000/2,685,814 baris tertulis
18:04:06 |   [Question] 2,240,000/2,685,814 baris tertulis
18:04:06 |   [Question] 2,242,000/2,685,814 baris tertulis
18:04:07 |   [Question] 2,244,000/2,685,814 baris tertulis
18:04:07 |   [Question] 2,246,000/2,685,814 baris tertulis
18:04:08 |   [Question] 2,248,000/2,685,814 baris tertulis
18:04:08 |   [Question] 2,250,000/2,685,814 baris tertulis
18:04:09 |   [Question] 2,252,000/2,685,814 baris tertulis
18:04:09 |   [Question] 2,254,000/2,685,814 baris tertulis
18:04:10 |   [Question] 2,256,000/2,685,814 baris tertulis
18:04:10 |   [Question] 2,258,000/2,685,814 baris tertulis
18:04:11 |   [Question] 2,260,000/2,685,814 baris tertulis
18:04:11 |   [Question] 2,262,000/2,685,814 baris tertulis
18:04:12 |   [Question] 2,264,000/2,685,814 baris tertulis
18:04:12 |   [Question] 2,266,000/2,685,814 baris tertulis
18:04:12 |   [Question] 2,268,000/2,685,814 baris tertulis
18:04:13 |   [Question] 2,270,000/2,685,814 baris tertulis
18:04:13 |   [Question] 2,272,000/2,685,814 baris tertulis
18:04:14 |   [Question] 2,274,000/2,685,814 baris tertulis
18:04:14 |   [Question] 2,276,000/2,685,814 baris tertulis
18:04:14 |   [Question] 2,278,000/2,685,814 baris tertulis
18:04:15 |   [Question] 2,280,000/2,685,814 baris tertulis
18:04:15 |   [Question] 2,282,000/2,685,814 baris tertulis
18:04:16 |   [Question] 2,284,000/2,685,814 baris tertulis
18:04:16 |   [Question] 2,286,000/2,685,814 baris tertulis
18:04:16 |   [Question] 2,288,000/2,685,814 baris tertulis
18:04:17 |   [Question] 2,290,000/2,685,814 baris tertulis
18:04:17 |   [Question] 2,292,000/2,685,814 baris tertulis
18:04:17 |   [Question] 2,294,000/2,685,814 baris tertulis
18:04:18 |   [Question] 2,296,000/2,685,814 baris tertulis
18:04:18 |   [Question] 2,298,000/2,685,814 baris tertulis
18:04:18 |   [Question] 2,300,000/2,685,814 baris tertulis
18:04:19 |   [Question] 2,302,000/2,685,814 baris tertulis
18:04:19 |   [Question] 2,304,000/2,685,814 baris tertulis
18:04:20 |   [Question] 2,306,000/2,685,814 baris tertulis
18:04:21 |   [Question] 2,308,000/2,685,814 baris tertulis
18:04:22 |   [Question] 2,310,000/2,685,814 baris tertulis
18:04:23 |   [Question] 2,312,000/2,685,814 baris tertulis
18:04:24 |   [Question] 2,314,000/2,685,814 baris tertulis
18:04:25 |   [Question] 2,316,000/2,685,814 baris tertulis
18:04:26 |   [Question] 2,318,000/2,685,814 baris tertulis
18:04:28 |   [Question] 2,320,000/2,685,814 baris tertulis
18:04:29 |   [Question] 2,322,000/2,685,814 baris tertulis
18:04:30 |   [Question] 2,324,000/2,685,814 baris tertulis
18:04:32 |   [Question] 2,326,000/2,685,814 baris tertulis
18:04:34 |   [Question] 2,328,000/2,685,814 baris tertulis
18:04:34 |   [Question] 2,330,000/2,685,814 baris tertulis
18:04:34 |   [Question] 2,332,000/2,685,814 baris tertulis
18:04:35 |   [Question] 2,334,000/2,685,814 baris tertulis
18:04:36 |   [Question] 2,336,000/2,685,814 baris tertulis
18:04:37 |   [Question] 2,338,000/2,685,814 baris tertulis
18:04:38 |   [Question] 2,340,000/2,685,814 baris tertulis
18:04:38 |   [Question] 2,342,000/2,685,814 baris tertulis
18:04:39 |   [Question] 2,344,000/2,685,814 baris tertulis
18:04:39 |   [Question] 2,346,000/2,685,814 baris tertulis
18:04:40 |   [Question] 2,348,000/2,685,814 baris tertulis
18:04:40 |   [Question] 2,350,000/2,685,814 baris tertulis
18:04:40 |   [Question] 2,352,000/2,685,814 baris tertulis
18:04:41 |   [Question] 2,354,000/2,685,814 baris tertulis
18:04:41 |   [Question] 2,356,000/2,685,814 baris tertulis
18:04:42 |   [Question] 2,358,000/2,685,814 baris tertulis
18:04:43 |   [Question] 2,360,000/2,685,814 baris tertulis
18:04:43 |   [Question] 2,362,000/2,685,814 baris tertulis
18:04:43 |   [Question] 2,364,000/2,685,814 baris tertulis
18:04:44 |   [Question] 2,366,000/2,685,814 baris tertulis
18:04:44 |   [Question] 2,368,000/2,685,814 baris tertulis
18:04:44 |   [Question] 2,370,000/2,685,814 baris tertulis
18:04:45 |   [Question] 2,372,000/2,685,814 baris tertulis
18:04:45 |   [Question] 2,374,000/2,685,814 baris tertulis
18:04:46 |   [Question] 2,376,000/2,685,814 baris tertulis
18:04:46 |   [Question] 2,378,000/2,685,814 baris tertulis
18:04:47 |   [Question] 2,380,000/2,685,814 baris tertulis
18:04:47 |   [Question] 2,382,000/2,685,814 baris tertulis
18:04:47 |   [Question] 2,384,000/2,685,814 baris tertulis
18:04:48 |   [Question] 2,386,000/2,685,814 baris tertulis
18:04:48 |   [Question] 2,388,000/2,685,814 baris tertulis
18:04:48 |   [Question] 2,390,000/2,685,814 baris tertulis
18:04:49 |   [Question] 2,392,000/2,685,814 baris tertulis
18:04:49 |   [Question] 2,394,000/2,685,814 baris tertulis
18:04:51 |   [Question] 2,396,000/2,685,814 baris tertulis
18:04:52 |   [Question] 2,398,000/2,685,814 baris tertulis
18:04:53 |   [Question] 2,400,000/2,685,814 baris tertulis
18:04:53 |   [Question] 2,402,000/2,685,814 baris tertulis
18:04:53 |   [Question] 2,404,000/2,685,814 baris tertulis
18:04:55 |   [Question] 2,406,000/2,685,814 baris tertulis
18:04:55 |   [Question] 2,408,000/2,685,814 baris tertulis
18:04:57 |   [Question] 2,410,000/2,685,814 baris tertulis
18:04:58 |   [Question] 2,412,000/2,685,814 baris tertulis
18:04:58 |   [Question] 2,414,000/2,685,814 baris tertulis
18:04:59 |   [Question] 2,416,000/2,685,814 baris tertulis
18:04:59 |   [Question] 2,418,000/2,685,814 baris tertulis
18:05:00 |   [Question] 2,420,000/2,685,814 baris tertulis
18:05:00 |   [Question] 2,422,000/2,685,814 baris tertulis
18:05:01 |   [Question] 2,424,000/2,685,814 baris tertulis
18:05:01 |   [Question] 2,426,000/2,685,814 baris tertulis
18:05:01 |   [Question] 2,428,000/2,685,814 baris tertulis
18:05:02 |   [Question] 2,430,000/2,685,814 baris tertulis
18:05:02 |   [Question] 2,432,000/2,685,814 baris tertulis
18:05:02 |   [Question] 2,434,000/2,685,814 baris tertulis
18:05:03 |   [Question] 2,436,000/2,685,814 baris tertulis
18:05:03 |   [Question] 2,438,000/2,685,814 baris tertulis
18:05:04 |   [Question] 2,440,000/2,685,814 baris tertulis
18:05:05 |   [Question] 2,442,000/2,685,814 baris tertulis
18:05:05 |   [Question] 2,444,000/2,685,814 baris tertulis
18:05:06 |   [Question] 2,446,000/2,685,814 baris tertulis
18:05:07 |   [Question] 2,448,000/2,685,814 baris tertulis
18:05:07 |   [Question] 2,450,000/2,685,814 baris tertulis
18:05:08 |   [Question] 2,452,000/2,685,814 baris tertulis
18:05:08 |   [Question] 2,454,000/2,685,814 baris tertulis
18:05:08 |   [Question] 2,456,000/2,685,814 baris tertulis
18:05:09 |   [Question] 2,458,000/2,685,814 baris tertulis
18:05:09 |   [Question] 2,460,000/2,685,814 baris tertulis
18:05:10 |   [Question] 2,462,000/2,685,814 baris tertulis
18:05:10 |   [Question] 2,464,000/2,685,814 baris tertulis
18:05:11 |   [Question] 2,466,000/2,685,814 baris tertulis
18:05:11 |   [Question] 2,468,000/2,685,814 baris tertulis
18:05:12 |   [Question] 2,470,000/2,685,814 baris tertulis
18:05:12 |   [Question] 2,472,000/2,685,814 baris tertulis
18:05:12 |   [Question] 2,474,000/2,685,814 baris tertulis
18:05:13 |   [Question] 2,476,000/2,685,814 baris tertulis
18:05:13 |   [Question] 2,478,000/2,685,814 baris tertulis
18:05:14 |   [Question] 2,480,000/2,685,814 baris tertulis
18:05:14 |   [Question] 2,482,000/2,685,814 baris tertulis
18:05:14 |   [Question] 2,484,000/2,685,814 baris tertulis
18:05:15 |   [Question] 2,486,000/2,685,814 baris tertulis
18:05:15 |   [Question] 2,488,000/2,685,814 baris tertulis
18:05:15 |   [Question] 2,490,000/2,685,814 baris tertulis
18:05:16 |   [Question] 2,492,000/2,685,814 baris tertulis
18:05:16 |   [Question] 2,494,000/2,685,814 baris tertulis
18:05:17 |   [Question] 2,496,000/2,685,814 baris tertulis
18:05:17 |   [Question] 2,498,000/2,685,814 baris tertulis
18:05:17 |   [Question] 2,500,000/2,685,814 baris tertulis
18:05:18 |   [Question] 2,502,000/2,685,814 baris tertulis
18:05:19 |   [Question] 2,504,000/2,685,814 baris tertulis
18:05:20 |   [Question] 2,506,000/2,685,814 baris tertulis
18:05:22 |   [Question] 2,508,000/2,685,814 baris tertulis
18:05:23 |   [Question] 2,510,000/2,685,814 baris tertulis
18:05:24 |   [Question] 2,512,000/2,685,814 baris tertulis
18:05:26 |   [Question] 2,514,000/2,685,814 baris tertulis
18:05:27 |   [Question] 2,516,000/2,685,814 baris tertulis
18:05:28 |   [Question] 2,518,000/2,685,814 baris tertulis
18:05:28 |   [Question] 2,520,000/2,685,814 baris tertulis
18:05:28 |   [Question] 2,522,000/2,685,814 baris tertulis
18:05:29 |   [Question] 2,524,000/2,685,814 baris tertulis
18:05:29 |   [Question] 2,526,000/2,685,814 baris tertulis
18:05:30 |   [Question] 2,528,000/2,685,814 baris tertulis
18:05:30 |   [Question] 2,530,000/2,685,814 baris tertulis
18:05:31 |   [Question] 2,532,000/2,685,814 baris tertulis
18:05:31 |   [Question] 2,534,000/2,685,814 baris tertulis
18:05:31 |   [Question] 2,536,000/2,685,814 baris tertulis
18:05:32 |   [Question] 2,538,000/2,685,814 baris tertulis
18:05:32 |   [Question] 2,540,000/2,685,814 baris tertulis
18:05:33 |   [Question] 2,542,000/2,685,814 baris tertulis
18:05:33 |   [Question] 2,544,000/2,685,814 baris tertulis
18:05:33 |   [Question] 2,546,000/2,685,814 baris tertulis
18:05:34 |   [Question] 2,548,000/2,685,814 baris tertulis
18:05:34 |   [Question] 2,550,000/2,685,814 baris tertulis
18:05:35 |   [Question] 2,552,000/2,685,814 baris tertulis
18:05:35 |   [Question] 2,554,000/2,685,814 baris tertulis
18:05:36 |   [Question] 2,556,000/2,685,814 baris tertulis
18:05:36 |   [Question] 2,558,000/2,685,814 baris tertulis
18:05:36 |   [Question] 2,560,000/2,685,814 baris tertulis
18:05:37 |   [Question] 2,562,000/2,685,814 baris tertulis
18:05:37 |   [Question] 2,564,000/2,685,814 baris tertulis
18:05:37 |   [Question] 2,566,000/2,685,814 baris tertulis
18:05:38 |   [Question] 2,568,000/2,685,814 baris tertulis
18:05:39 |   [Question] 2,570,000/2,685,814 baris tertulis
18:05:40 |   [Question] 2,572,000/2,685,814 baris tertulis
18:05:41 |   [Question] 2,574,000/2,685,814 baris tertulis
18:05:42 |   [Question] 2,576,000/2,685,814 baris tertulis
18:05:43 |   [Question] 2,578,000/2,685,814 baris tertulis
18:05:45 |   [Question] 2,580,000/2,685,814 baris tertulis
18:05:46 |   [Question] 2,582,000/2,685,814 baris tertulis
18:05:47 |   [Question] 2,584,000/2,685,814 baris tertulis
18:05:47 |   [Question] 2,586,000/2,685,814 baris tertulis
18:05:48 |   [Question] 2,588,000/2,685,814 baris tertulis
18:05:48 |   [Question] 2,590,000/2,685,814 baris tertulis
18:05:49 |   [Question] 2,592,000/2,685,814 baris tertulis
18:05:49 |   [Question] 2,594,000/2,685,814 baris tertulis
18:05:49 |   [Question] 2,596,000/2,685,814 baris tertulis
18:05:50 |   [Question] 2,598,000/2,685,814 baris tertulis
18:05:50 |   [Question] 2,600,000/2,685,814 baris tertulis
18:05:50 |   [Question] 2,602,000/2,685,814 baris tertulis
18:05:51 |   [Question] 2,604,000/2,685,814 baris tertulis
18:05:51 |   [Question] 2,606,000/2,685,814 baris tertulis
18:05:52 |   [Question] 2,608,000/2,685,814 baris tertulis
18:05:52 |   [Question] 2,610,000/2,685,814 baris tertulis
18:05:52 |   [Question] 2,612,000/2,685,814 baris tertulis
18:05:53 |   [Question] 2,614,000/2,685,814 baris tertulis
18:05:53 |   [Question] 2,616,000/2,685,814 baris tertulis
18:05:54 |   [Question] 2,618,000/2,685,814 baris tertulis
18:05:54 |   [Question] 2,620,000/2,685,814 baris tertulis
18:05:54 |   [Question] 2,622,000/2,685,814 baris tertulis
18:05:56 |   [Question] 2,624,000/2,685,814 baris tertulis
18:05:57 |   [Question] 2,626,000/2,685,814 baris tertulis
18:05:57 |   [Question] 2,628,000/2,685,814 baris tertulis
18:05:58 |   [Question] 2,630,000/2,685,814 baris tertulis
18:05:58 |   [Question] 2,632,000/2,685,814 baris tertulis
18:05:59 |   [Question] 2,634,000/2,685,814 baris tertulis
18:05:59 |   [Question] 2,636,000/2,685,814 baris tertulis
18:06:00 |   [Question] 2,638,000/2,685,814 baris tertulis
18:06:00 |   [Question] 2,640,000/2,685,814 baris tertulis
18:06:00 |   [Question] 2,642,000/2,685,814 baris tertulis
18:06:01 |   [Question] 2,644,000/2,685,814 baris tertulis
18:06:01 |   [Question] 2,646,000/2,685,814 baris tertulis
18:06:02 |   [Question] 2,648,000/2,685,814 baris tertulis
18:06:03 |   [Question] 2,650,000/2,685,814 baris tertulis
18:06:03 |   [Question] 2,652,000/2,685,814 baris tertulis
18:06:04 |   [Question] 2,654,000/2,685,814 baris tertulis
18:06:04 |   [Question] 2,656,000/2,685,814 baris tertulis
18:06:05 |   [Question] 2,658,000/2,685,814 baris tertulis
18:06:05 |   [Question] 2,660,000/2,685,814 baris tertulis
18:06:07 |   [Question] 2,662,000/2,685,814 baris tertulis
18:06:08 |   [Question] 2,664,000/2,685,814 baris tertulis
18:06:10 |   [Question] 2,666,000/2,685,814 baris tertulis
18:06:11 |   [Question] 2,668,000/2,685,814 baris tertulis
18:06:12 |   [Question] 2,670,000/2,685,814 baris tertulis
18:06:13 |   [Question] 2,672,000/2,685,814 baris tertulis
18:06:14 |   [Question] 2,674,000/2,685,814 baris tertulis
18:06:16 |   [Question] 2,676,000/2,685,814 baris tertulis
18:06:16 |   [Question] 2,678,000/2,685,814 baris tertulis
18:06:18 |   [Question] 2,680,000/2,685,814 baris tertulis
18:06:19 |   [Question] 2,682,000/2,685,814 baris tertulis
18:06:21 |   [Question] 2,684,000/2,685,814 baris tertulis
18:06:23 |   [Question] 2,685,814/2,685,814 baris tertulis
18:06:45 |   [Answer] 2,000/725,795 baris tertulis
18:06:47 |   [Answer] 4,000/725,795 baris tertulis
18:06:48 |   [Answer] 6,000/725,795 baris tertulis
18:06:48 |   [Answer] 8,000/725,795 baris tertulis
18:06:48 |   [Answer] 10,000/725,795 baris tertulis
18:06:48 |   [Answer] 12,000/725,795 baris tertulis
18:06:48 |   [Answer] 14,000/725,795 baris tertulis
18:06:49 |   [Answer] 16,000/725,795 baris tertulis
18:06:49 |   [Answer] 18,000/725,795 baris tertulis
18:06:49 |   [Answer] 20,000/725,795 baris tertulis
18:06:49 |   [Answer] 22,000/725,795 baris tertulis
18:06:49 |   [Answer] 24,000/725,795 baris tertulis
18:06:49 |   [Answer] 26,000/725,795 baris tertulis
18:06:50 |   [Answer] 28,000/725,795 baris tertulis
18:06:50 |   [Answer] 30,000/725,795 baris tertulis
18:06:50 |   [Answer] 32,000/725,795 baris tertulis
18:06:50 |   [Answer] 34,000/725,795 baris tertulis
18:06:50 |   [Answer] 36,000/725,795 baris tertulis
18:06:50 |   [Answer] 38,000/725,795 baris tertulis
18:06:50 |   [Answer] 40,000/725,795 baris tertulis
18:06:51 |   [Answer] 42,000/725,795 baris tertulis
18:06:51 |   [Answer] 44,000/725,795 baris tertulis
18:06:51 |   [Answer] 46,000/725,795 baris tertulis
18:06:51 |   [Answer] 48,000/725,795 baris tertulis
18:06:51 |   [Answer] 50,000/725,795 baris tertulis
18:06:51 |   [Answer] 52,000/725,795 baris tertulis
18:06:52 |   [Answer] 54,000/725,795 baris tertulis
18:06:52 |   [Answer] 56,000/725,795 baris tertulis
18:06:52 |   [Answer] 58,000/725,795 baris tertulis
18:06:52 |   [Answer] 60,000/725,795 baris tertulis
18:06:52 |   [Answer] 62,000/725,795 baris tertulis
18:06:53 |   [Answer] 64,000/725,795 baris tertulis
18:06:53 |   [Answer] 66,000/725,795 baris tertulis
18:06:53 |   [Answer] 68,000/725,795 baris tertulis
18:06:53 |   [Answer] 70,000/725,795 baris tertulis
18:06:53 |   [Answer] 72,000/725,795 baris tertulis
18:06:53 |   [Answer] 74,000/725,795 baris tertulis
18:06:54 |   [Answer] 76,000/725,795 baris tertulis
18:06:54 |   [Answer] 78,000/725,795 baris tertulis
18:06:54 |   [Answer] 80,000/725,795 baris tertulis
18:06:54 |   [Answer] 82,000/725,795 baris tertulis
18:06:54 |   [Answer] 84,000/725,795 baris tertulis
18:06:54 |   [Answer] 86,000/725,795 baris tertulis
18:06:55 |   [Answer] 88,000/725,795 baris tertulis
18:06:55 |   [Answer] 90,000/725,795 baris tertulis
18:06:55 |   [Answer] 92,000/725,795 baris tertulis
18:06:55 |   [Answer] 94,000/725,795 baris tertulis
18:06:55 |   [Answer] 96,000/725,795 baris tertulis
18:06:55 |   [Answer] 98,000/725,795 baris tertulis
18:06:56 |   [Answer] 100,000/725,795 baris tertulis
18:06:56 |   [Answer] 102,000/725,795 baris tertulis
18:06:56 |   [Answer] 104,000/725,795 baris tertulis
18:06:57 |   [Answer] 106,000/725,795 baris tertulis
18:06:57 |   [Answer] 108,000/725,795 baris tertulis
18:06:57 |   [Answer] 110,000/725,795 baris tertulis
18:06:57 |   [Answer] 112,000/725,795 baris tertulis
18:06:57 |   [Answer] 114,000/725,795 baris tertulis
18:06:57 |   [Answer] 116,000/725,795 baris tertulis
18:06:58 |   [Answer] 118,000/725,795 baris tertulis
18:06:58 |   [Answer] 120,000/725,795 baris tertulis
18:06:58 |   [Answer] 122,000/725,795 baris tertulis
18:06:58 |   [Answer] 124,000/725,795 baris tertulis
18:06:58 |   [Answer] 126,000/725,795 baris tertulis
18:06:58 |   [Answer] 128,000/725,795 baris tertulis
18:06:59 |   [Answer] 130,000/725,795 baris tertulis
18:06:59 |   [Answer] 132,000/725,795 baris tertulis
18:06:59 |   [Answer] 134,000/725,795 baris tertulis
18:06:59 |   [Answer] 136,000/725,795 baris tertulis
18:06:59 |   [Answer] 138,000/725,795 baris tertulis
18:06:59 |   [Answer] 140,000/725,795 baris tertulis
18:07:00 |   [Answer] 142,000/725,795 baris tertulis
18:07:00 |   [Answer] 144,000/725,795 baris tertulis
18:07:00 |   [Answer] 146,000/725,795 baris tertulis
18:07:00 |   [Answer] 148,000/725,795 baris tertulis
18:07:00 |   [Answer] 150,000/725,795 baris tertulis
18:07:00 |   [Answer] 152,000/725,795 baris tertulis
18:07:01 |   [Answer] 154,000/725,795 baris tertulis
18:07:01 |   [Answer] 156,000/725,795 baris tertulis
18:07:01 |   [Answer] 158,000/725,795 baris tertulis
18:07:01 |   [Answer] 160,000/725,795 baris tertulis
18:07:01 |   [Answer] 162,000/725,795 baris tertulis
18:07:02 |   [Answer] 164,000/725,795 baris tertulis
18:07:02 |   [Answer] 166,000/725,795 baris tertulis
18:07:02 |   [Answer] 168,000/725,795 baris tertulis
18:07:02 |   [Answer] 170,000/725,795 baris tertulis
18:07:02 |   [Answer] 172,000/725,795 baris tertulis
18:07:03 |   [Answer] 174,000/725,795 baris tertulis
18:07:03 |   [Answer] 176,000/725,795 baris tertulis
18:07:03 |   [Answer] 178,000/725,795 baris tertulis
18:07:03 |   [Answer] 180,000/725,795 baris tertulis
18:07:03 |   [Answer] 182,000/725,795 baris tertulis
18:07:03 |   [Answer] 184,000/725,795 baris tertulis
18:07:03 |   [Answer] 186,000/725,795 baris tertulis
18:07:04 |   [Answer] 188,000/725,795 baris tertulis
18:07:04 |   [Answer] 190,000/725,795 baris tertulis
18:07:04 |   [Answer] 192,000/725,795 baris tertulis
18:07:04 |   [Answer] 194,000/725,795 baris tertulis
18:07:04 |   [Answer] 196,000/725,795 baris tertulis
18:07:04 |   [Answer] 198,000/725,795 baris tertulis
18:07:05 |   [Answer] 200,000/725,795 baris tertulis
18:07:05 |   [Answer] 202,000/725,795 baris tertulis
18:07:05 |   [Answer] 204,000/725,795 baris tertulis
18:07:05 |   [Answer] 206,000/725,795 baris tertulis
18:07:05 |   [Answer] 208,000/725,795 baris tertulis
18:07:06 |   [Answer] 210,000/725,795 baris tertulis
18:07:06 |   [Answer] 212,000/725,795 baris tertulis
18:07:06 |   [Answer] 214,000/725,795 baris tertulis
18:07:06 |   [Answer] 216,000/725,795 baris tertulis
18:07:07 |   [Answer] 218,000/725,795 baris tertulis
18:07:07 |   [Answer] 220,000/725,795 baris tertulis
18:07:07 |   [Answer] 222,000/725,795 baris tertulis
18:07:07 |   [Answer] 224,000/725,795 baris tertulis
18:07:08 |   [Answer] 226,000/725,795 baris tertulis
18:07:08 |   [Answer] 228,000/725,795 baris tertulis
18:07:08 |   [Answer] 230,000/725,795 baris tertulis
18:07:08 |   [Answer] 232,000/725,795 baris tertulis
18:07:08 |   [Answer] 234,000/725,795 baris tertulis
18:07:09 |   [Answer] 236,000/725,795 baris tertulis
18:07:09 |   [Answer] 238,000/725,795 baris tertulis
18:07:09 |   [Answer] 240,000/725,795 baris tertulis
18:07:09 |   [Answer] 242,000/725,795 baris tertulis
18:07:10 |   [Answer] 244,000/725,795 baris tertulis
18:07:10 |   [Answer] 246,000/725,795 baris tertulis
18:07:10 |   [Answer] 248,000/725,795 baris tertulis
18:07:10 |   [Answer] 250,000/725,795 baris tertulis
18:07:10 |   [Answer] 252,000/725,795 baris tertulis
18:07:11 |   [Answer] 254,000/725,795 baris tertulis
18:07:11 |   [Answer] 256,000/725,795 baris tertulis
18:07:12 |   [Answer] 258,000/725,795 baris tertulis
18:07:12 |   [Answer] 260,000/725,795 baris tertulis
18:07:12 |   [Answer] 262,000/725,795 baris tertulis
18:07:13 |   [Answer] 264,000/725,795 baris tertulis
18:07:13 |   [Answer] 266,000/725,795 baris tertulis
18:07:13 |   [Answer] 268,000/725,795 baris tertulis
18:07:14 |   [Answer] 270,000/725,795 baris tertulis
18:07:14 |   [Answer] 272,000/725,795 baris tertulis
18:07:14 |   [Answer] 274,000/725,795 baris tertulis
18:07:15 |   [Answer] 276,000/725,795 baris tertulis
18:07:15 |   [Answer] 278,000/725,795 baris tertulis
18:07:15 |   [Answer] 280,000/725,795 baris tertulis
18:07:15 |   [Answer] 282,000/725,795 baris tertulis
18:07:15 |   [Answer] 284,000/725,795 baris tertulis
18:07:15 |   [Answer] 286,000/725,795 baris tertulis
18:07:16 |   [Answer] 288,000/725,795 baris tertulis
18:07:16 |   [Answer] 290,000/725,795 baris tertulis
18:07:16 |   [Answer] 292,000/725,795 baris tertulis
18:07:16 |   [Answer] 294,000/725,795 baris tertulis
18:07:16 |   [Answer] 296,000/725,795 baris tertulis
18:07:16 |   [Answer] 298,000/725,795 baris tertulis
18:07:17 |   [Answer] 300,000/725,795 baris tertulis
18:07:17 |   [Answer] 302,000/725,795 baris tertulis
18:07:17 |   [Answer] 304,000/725,795 baris tertulis
18:07:17 |   [Answer] 306,000/725,795 baris tertulis
18:07:17 |   [Answer] 308,000/725,795 baris tertulis
18:07:17 |   [Answer] 310,000/725,795 baris tertulis
18:07:18 |   [Answer] 312,000/725,795 baris tertulis
18:07:18 |   [Answer] 314,000/725,795 baris tertulis
18:07:18 |   [Answer] 316,000/725,795 baris tertulis
18:07:18 |   [Answer] 318,000/725,795 baris tertulis
18:07:18 |   [Answer] 320,000/725,795 baris tertulis
18:07:18 |   [Answer] 322,000/725,795 baris tertulis
18:07:19 |   [Answer] 324,000/725,795 baris tertulis
18:07:19 |   [Answer] 326,000/725,795 baris tertulis
18:07:19 |   [Answer] 328,000/725,795 baris tertulis
18:07:19 |   [Answer] 330,000/725,795 baris tertulis
18:07:19 |   [Answer] 332,000/725,795 baris tertulis
18:07:19 |   [Answer] 334,000/725,795 baris tertulis
18:07:20 |   [Answer] 336,000/725,795 baris tertulis
18:07:20 |   [Answer] 338,000/725,795 baris tertulis
18:07:20 |   [Answer] 340,000/725,795 baris tertulis
18:07:20 |   [Answer] 342,000/725,795 baris tertulis
18:07:20 |   [Answer] 344,000/725,795 baris tertulis
18:07:21 |   [Answer] 346,000/725,795 baris tertulis
18:07:21 |   [Answer] 348,000/725,795 baris tertulis
18:07:21 |   [Answer] 350,000/725,795 baris tertulis
18:07:21 |   [Answer] 352,000/725,795 baris tertulis
18:07:21 |   [Answer] 354,000/725,795 baris tertulis
18:07:22 |   [Answer] 356,000/725,795 baris tertulis
18:07:22 |   [Answer] 358,000/725,795 baris tertulis
18:07:22 |   [Answer] 360,000/725,795 baris tertulis
18:07:23 |   [Answer] 362,000/725,795 baris tertulis
18:07:23 |   [Answer] 364,000/725,795 baris tertulis
18:07:23 |   [Answer] 366,000/725,795 baris tertulis
18:07:23 |   [Answer] 368,000/725,795 baris tertulis
18:07:23 |   [Answer] 370,000/725,795 baris tertulis
18:07:24 |   [Answer] 372,000/725,795 baris tertulis
18:07:24 |   [Answer] 374,000/725,795 baris tertulis
18:07:24 |   [Answer] 376,000/725,795 baris tertulis
18:07:24 |   [Answer] 378,000/725,795 baris tertulis
18:07:25 |   [Answer] 380,000/725,795 baris tertulis
18:07:25 |   [Answer] 382,000/725,795 baris tertulis
18:07:25 |   [Answer] 384,000/725,795 baris tertulis
18:07:25 |   [Answer] 386,000/725,795 baris tertulis
18:07:26 |   [Answer] 388,000/725,795 baris tertulis
18:07:26 |   [Answer] 390,000/725,795 baris tertulis
18:07:26 |   [Answer] 392,000/725,795 baris tertulis
18:07:26 |   [Answer] 394,000/725,795 baris tertulis
18:07:27 |   [Answer] 396,000/725,795 baris tertulis
18:07:27 |   [Answer] 398,000/725,795 baris tertulis
18:07:28 |   [Answer] 400,000/725,795 baris tertulis
18:07:28 |   [Answer] 402,000/725,795 baris tertulis
18:07:28 |   [Answer] 404,000/725,795 baris tertulis
18:07:28 |   [Answer] 406,000/725,795 baris tertulis
18:07:28 |   [Answer] 408,000/725,795 baris tertulis
18:07:29 |   [Answer] 410,000/725,795 baris tertulis
18:07:29 |   [Answer] 412,000/725,795 baris tertulis
18:07:29 |   [Answer] 414,000/725,795 baris tertulis
18:07:29 |   [Answer] 416,000/725,795 baris tertulis
18:07:29 |   [Answer] 418,000/725,795 baris tertulis
18:07:30 |   [Answer] 420,000/725,795 baris tertulis
18:07:30 |   [Answer] 422,000/725,795 baris tertulis
18:07:30 |   [Answer] 424,000/725,795 baris tertulis
18:07:30 |   [Answer] 426,000/725,795 baris tertulis
18:07:31 |   [Answer] 428,000/725,795 baris tertulis
18:07:31 |   [Answer] 430,000/725,795 baris tertulis
18:07:31 |   [Answer] 432,000/725,795 baris tertulis
18:07:31 |   [Answer] 434,000/725,795 baris tertulis
18:07:32 |   [Answer] 436,000/725,795 baris tertulis
18:07:32 |   [Answer] 438,000/725,795 baris tertulis
18:07:32 |   [Answer] 440,000/725,795 baris tertulis
18:07:32 |   [Answer] 442,000/725,795 baris tertulis
18:07:33 |   [Answer] 444,000/725,795 baris tertulis
18:07:33 |   [Answer] 446,000/725,795 baris tertulis
18:07:33 |   [Answer] 448,000/725,795 baris tertulis
18:07:33 |   [Answer] 450,000/725,795 baris tertulis
18:07:33 |   [Answer] 452,000/725,795 baris tertulis
18:07:33 |   [Answer] 454,000/725,795 baris tertulis
18:07:34 |   [Answer] 456,000/725,795 baris tertulis
18:07:34 |   [Answer] 458,000/725,795 baris tertulis
18:07:34 |   [Answer] 460,000/725,795 baris tertulis
18:07:35 |   [Answer] 462,000/725,795 baris tertulis
18:07:35 |   [Answer] 464,000/725,795 baris tertulis
18:07:35 |   [Answer] 466,000/725,795 baris tertulis
18:07:36 |   [Answer] 468,000/725,795 baris tertulis
18:07:36 |   [Answer] 470,000/725,795 baris tertulis
18:07:36 |   [Answer] 472,000/725,795 baris tertulis
18:07:36 |   [Answer] 474,000/725,795 baris tertulis
18:07:36 |   [Answer] 476,000/725,795 baris tertulis
18:07:36 |   [Answer] 478,000/725,795 baris tertulis
18:07:37 |   [Answer] 480,000/725,795 baris tertulis
18:07:37 |   [Answer] 482,000/725,795 baris tertulis
18:07:38 |   [Answer] 484,000/725,795 baris tertulis
18:07:40 |   [Answer] 486,000/725,795 baris tertulis
18:07:40 |   [Answer] 488,000/725,795 baris tertulis
18:07:40 |   [Answer] 490,000/725,795 baris tertulis
18:07:40 |   [Answer] 492,000/725,795 baris tertulis
18:07:41 |   [Answer] 494,000/725,795 baris tertulis
18:07:41 |   [Answer] 496,000/725,795 baris tertulis
18:07:41 |   [Answer] 498,000/725,795 baris tertulis
18:07:41 |   [Answer] 500,000/725,795 baris tertulis
18:07:42 |   [Answer] 502,000/725,795 baris tertulis
18:07:42 |   [Answer] 504,000/725,795 baris tertulis
18:07:42 |   [Answer] 506,000/725,795 baris tertulis
18:07:42 |   [Answer] 508,000/725,795 baris tertulis
18:07:42 |   [Answer] 510,000/725,795 baris tertulis
18:07:43 |   [Answer] 512,000/725,795 baris tertulis
18:07:43 |   [Answer] 514,000/725,795 baris tertulis
18:07:43 |   [Answer] 516,000/725,795 baris tertulis
18:07:43 |   [Answer] 518,000/725,795 baris tertulis
18:07:43 |   [Answer] 520,000/725,795 baris tertulis
18:07:43 |   [Answer] 522,000/725,795 baris tertulis
18:07:43 |   [Answer] 524,000/725,795 baris tertulis
18:07:44 |   [Answer] 526,000/725,795 baris tertulis
18:07:44 |   [Answer] 528,000/725,795 baris tertulis
18:07:44 |   [Answer] 530,000/725,795 baris tertulis
18:07:44 |   [Answer] 532,000/725,795 baris tertulis
18:07:44 |   [Answer] 534,000/725,795 baris tertulis
18:07:44 |   [Answer] 536,000/725,795 baris tertulis
18:07:44 |   [Answer] 538,000/725,795 baris tertulis
18:07:45 |   [Answer] 540,000/725,795 baris tertulis
18:07:45 |   [Answer] 542,000/725,795 baris tertulis
18:07:45 |   [Answer] 544,000/725,795 baris tertulis
18:07:45 |   [Answer] 546,000/725,795 baris tertulis
18:07:45 |   [Answer] 548,000/725,795 baris tertulis
18:07:45 |   [Answer] 550,000/725,795 baris tertulis
18:07:45 |   [Answer] 552,000/725,795 baris tertulis
18:07:46 |   [Answer] 554,000/725,795 baris tertulis
18:07:46 |   [Answer] 556,000/725,795 baris tertulis
18:07:46 |   [Answer] 558,000/725,795 baris tertulis
18:07:46 |   [Answer] 560,000/725,795 baris tertulis
18:07:46 |   [Answer] 562,000/725,795 baris tertulis
18:07:47 |   [Answer] 564,000/725,795 baris tertulis
18:07:47 |   [Answer] 566,000/725,795 baris tertulis
18:07:47 |   [Answer] 568,000/725,795 baris tertulis
18:07:47 |   [Answer] 570,000/725,795 baris tertulis
18:07:47 |   [Answer] 572,000/725,795 baris tertulis
18:07:48 |   [Answer] 574,000/725,795 baris tertulis
18:07:48 |   [Answer] 576,000/725,795 baris tertulis
18:07:48 |   [Answer] 578,000/725,795 baris tertulis
18:07:48 |   [Answer] 580,000/725,795 baris tertulis
18:07:48 |   [Answer] 582,000/725,795 baris tertulis
18:07:49 |   [Answer] 584,000/725,795 baris tertulis
18:07:50 |   [Answer] 586,000/725,795 baris tertulis
18:07:50 |   [Answer] 588,000/725,795 baris tertulis
18:07:50 |   [Answer] 590,000/725,795 baris tertulis
18:07:50 |   [Answer] 592,000/725,795 baris tertulis
18:07:50 |   [Answer] 594,000/725,795 baris tertulis
18:07:51 |   [Answer] 596,000/725,795 baris tertulis
18:07:51 |   [Answer] 598,000/725,795 baris tertulis
18:07:51 |   [Answer] 600,000/725,795 baris tertulis
18:07:51 |   [Answer] 602,000/725,795 baris tertulis
18:07:51 |   [Answer] 604,000/725,795 baris tertulis
18:07:52 |   [Answer] 606,000/725,795 baris tertulis
18:07:52 |   [Answer] 608,000/725,795 baris tertulis
18:07:52 |   [Answer] 610,000/725,795 baris tertulis
18:07:52 |   [Answer] 612,000/725,795 baris tertulis
18:07:52 |   [Answer] 614,000/725,795 baris tertulis
18:07:52 |   [Answer] 616,000/725,795 baris tertulis
18:07:52 |   [Answer] 618,000/725,795 baris tertulis
18:07:53 |   [Answer] 620,000/725,795 baris tertulis
18:07:53 |   [Answer] 622,000/725,795 baris tertulis
18:07:53 |   [Answer] 624,000/725,795 baris tertulis
18:07:53 |   [Answer] 626,000/725,795 baris tertulis
18:07:53 |   [Answer] 628,000/725,795 baris tertulis
18:07:54 |   [Answer] 630,000/725,795 baris tertulis
18:07:54 |   [Answer] 632,000/725,795 baris tertulis
18:07:54 |   [Answer] 634,000/725,795 baris tertulis
18:07:54 |   [Answer] 636,000/725,795 baris tertulis
18:07:54 |   [Answer] 638,000/725,795 baris tertulis
18:07:55 |   [Answer] 640,000/725,795 baris tertulis
18:07:55 |   [Answer] 642,000/725,795 baris tertulis
18:07:55 |   [Answer] 644,000/725,795 baris tertulis
18:07:55 |   [Answer] 646,000/725,795 baris tertulis
18:07:55 |   [Answer] 648,000/725,795 baris tertulis
18:07:55 |   [Answer] 650,000/725,795 baris tertulis
18:07:56 |   [Answer] 652,000/725,795 baris tertulis
18:07:56 |   [Answer] 654,000/725,795 baris tertulis
18:07:56 |   [Answer] 656,000/725,795 baris tertulis
18:07:56 |   [Answer] 658,000/725,795 baris tertulis
18:07:56 |   [Answer] 660,000/725,795 baris tertulis
18:07:57 |   [Answer] 662,000/725,795 baris tertulis
18:07:57 |   [Answer] 664,000/725,795 baris tertulis
18:07:57 |   [Answer] 666,000/725,795 baris tertulis
18:07:57 |   [Answer] 668,000/725,795 baris tertulis
18:07:57 |   [Answer] 670,000/725,795 baris tertulis
18:07:58 |   [Answer] 672,000/725,795 baris tertulis
18:07:58 |   [Answer] 674,000/725,795 baris tertulis
18:07:58 |   [Answer] 676,000/725,795 baris tertulis
18:07:59 |   [Answer] 678,000/725,795 baris tertulis
18:07:59 |   [Answer] 680,000/725,795 baris tertulis
18:07:59 |   [Answer] 682,000/725,795 baris tertulis
18:07:59 |   [Answer] 684,000/725,795 baris tertulis
18:08:00 |   [Answer] 686,000/725,795 baris tertulis
18:08:00 |   [Answer] 688,000/725,795 baris tertulis
18:08:00 |   [Answer] 690,000/725,795 baris tertulis
18:08:01 |   [Answer] 692,000/725,795 baris tertulis
18:08:01 |   [Answer] 694,000/725,795 baris tertulis
18:08:01 |   [Answer] 696,000/725,795 baris tertulis
18:08:02 |   [Answer] 698,000/725,795 baris tertulis
18:08:02 |   [Answer] 700,000/725,795 baris tertulis
18:08:02 |   [Answer] 702,000/725,795 baris tertulis
18:08:03 |   [Answer] 704,000/725,795 baris tertulis
18:08:03 |   [Answer] 706,000/725,795 baris tertulis
18:08:04 |   [Answer] 708,000/725,795 baris tertulis
18:08:04 |   [Answer] 710,000/725,795 baris tertulis
18:08:05 |   [Answer] 712,000/725,795 baris tertulis
18:08:06 |   [Answer] 714,000/725,795 baris tertulis
18:08:06 |   [Answer] 716,000/725,795 baris tertulis
18:08:07 |   [Answer] 718,000/725,795 baris tertulis
18:08:08 |   [Answer] 720,000/725,795 baris tertulis
18:08:08 |   [Answer] 722,000/725,795 baris tertulis
18:08:09 |   [Answer] 724,000/725,795 baris tertulis
18:08:09 |   [Answer] 725,795/725,795 baris tertulis
18:08:54 |   [Tag] 2,000/56,435 baris tertulis
18:08:55 |   [Tag] 4,000/56,435 baris tertulis
18:08:55 |   [Tag] 6,000/56,435 baris tertulis
18:08:55 |   [Tag] 8,000/56,435 baris tertulis
18:08:55 |   [Tag] 10,000/56,435 baris tertulis
18:08:55 |   [Tag] 12,000/56,435 baris tertulis
18:08:55 |   [Tag] 14,000/56,435 baris tertulis
18:08:55 |   [Tag] 16,000/56,435 baris tertulis
18:08:55 |   [Tag] 18,000/56,435 baris tertulis
18:08:55 |   [Tag] 20,000/56,435 baris tertulis
18:08:55 |   [Tag] 22,000/56,435 baris tertulis
18:08:55 |   [Tag] 24,000/56,435 baris tertulis
18:08:55 |   [Tag] 26,000/56,435 baris tertulis
18:08:55 |   [Tag] 28,000/56,435 baris tertulis
18:08:55 |   [Tag] 30,000/56,435 baris tertulis
18:08:55 |   [Tag] 32,000/56,435 baris tertulis
18:08:55 |   [Tag] 34,000/56,435 baris tertulis
18:08:56 |   [Tag] 36,000/56,435 baris tertulis
18:08:56 |   [Tag] 38,000/56,435 baris tertulis
18:08:56 |   [Tag] 40,000/56,435 baris tertulis
18:08:56 |   [Tag] 42,000/56,435 baris tertulis
18:08:56 |   [Tag] 44,000/56,435 baris tertulis
18:08:56 |   [Tag] 46,000/56,435 baris tertulis
18:08:56 |   [Tag] 48,000/56,435 baris tertulis
18:08:56 |   [Tag] 50,000/56,435 baris tertulis
18:08:56 |   [Tag] 52,000/56,435 baris tertulis
18:08:56 |   [Tag] 54,000/56,435 baris tertulis
18:08:56 |   [Tag] 56,000/56,435 baris tertulis
18:08:56 |   [Tag] 56,435/56,435 baris tertulis
18:08:56 |   [User] tidak ada baris untuk ditulis, dilewati.
18:08:56 | ==============================================================================
18:08:56 | STEP 10 - Tulis edge: HAS_ACCEPTED_ANSWER, HAS_ANSWER
18:08:56 | ==============================================================================
18:09:03 |   [HAS_ACCEPTED_ANSWER] 2,000/270,988 baris tertulis
18:09:04 |   [HAS_ACCEPTED_ANSWER] 4,000/270,988 baris tertulis
18:09:05 |   [HAS_ACCEPTED_ANSWER] 6,000/270,988 baris tertulis
18:09:07 |   [HAS_ACCEPTED_ANSWER] 8,000/270,988 baris tertulis
18:09:08 |   [HAS_ACCEPTED_ANSWER] 10,000/270,988 baris tertulis
18:09:08 |   [HAS_ACCEPTED_ANSWER] 12,000/270,988 baris tertulis
18:09:09 |   [HAS_ACCEPTED_ANSWER] 14,000/270,988 baris tertulis
18:09:09 |   [HAS_ACCEPTED_ANSWER] 16,000/270,988 baris tertulis
18:09:09 |   [HAS_ACCEPTED_ANSWER] 18,000/270,988 baris tertulis
18:09:09 |   [HAS_ACCEPTED_ANSWER] 20,000/270,988 baris tertulis
18:09:10 |   [HAS_ACCEPTED_ANSWER] 22,000/270,988 baris tertulis
18:09:10 |   [HAS_ACCEPTED_ANSWER] 24,000/270,988 baris tertulis
18:09:10 |   [HAS_ACCEPTED_ANSWER] 26,000/270,988 baris tertulis
18:09:10 |   [HAS_ACCEPTED_ANSWER] 28,000/270,988 baris tertulis
18:09:11 |   [HAS_ACCEPTED_ANSWER] 30,000/270,988 baris tertulis
18:09:11 |   [HAS_ACCEPTED_ANSWER] 32,000/270,988 baris tertulis
18:09:11 |   [HAS_ACCEPTED_ANSWER] 34,000/270,988 baris tertulis
18:09:11 |   [HAS_ACCEPTED_ANSWER] 36,000/270,988 baris tertulis
18:09:12 |   [HAS_ACCEPTED_ANSWER] 38,000/270,988 baris tertulis
18:09:12 |   [HAS_ACCEPTED_ANSWER] 40,000/270,988 baris tertulis
18:09:12 |   [HAS_ACCEPTED_ANSWER] 42,000/270,988 baris tertulis
18:09:12 |   [HAS_ACCEPTED_ANSWER] 44,000/270,988 baris tertulis
18:09:13 |   [HAS_ACCEPTED_ANSWER] 46,000/270,988 baris tertulis
18:09:13 |   [HAS_ACCEPTED_ANSWER] 48,000/270,988 baris tertulis
18:09:13 |   [HAS_ACCEPTED_ANSWER] 50,000/270,988 baris tertulis
18:09:13 |   [HAS_ACCEPTED_ANSWER] 52,000/270,988 baris tertulis
18:09:14 |   [HAS_ACCEPTED_ANSWER] 54,000/270,988 baris tertulis
18:09:14 |   [HAS_ACCEPTED_ANSWER] 56,000/270,988 baris tertulis
18:09:14 |   [HAS_ACCEPTED_ANSWER] 58,000/270,988 baris tertulis
18:09:14 |   [HAS_ACCEPTED_ANSWER] 60,000/270,988 baris tertulis
18:09:14 |   [HAS_ACCEPTED_ANSWER] 62,000/270,988 baris tertulis
18:09:15 |   [HAS_ACCEPTED_ANSWER] 64,000/270,988 baris tertulis
18:09:15 |   [HAS_ACCEPTED_ANSWER] 66,000/270,988 baris tertulis
18:09:15 |   [HAS_ACCEPTED_ANSWER] 68,000/270,988 baris tertulis
18:09:15 |   [HAS_ACCEPTED_ANSWER] 70,000/270,988 baris tertulis
18:09:16 |   [HAS_ACCEPTED_ANSWER] 72,000/270,988 baris tertulis
18:09:16 |   [HAS_ACCEPTED_ANSWER] 74,000/270,988 baris tertulis
18:09:16 |   [HAS_ACCEPTED_ANSWER] 76,000/270,988 baris tertulis
18:09:16 |   [HAS_ACCEPTED_ANSWER] 78,000/270,988 baris tertulis
18:09:17 |   [HAS_ACCEPTED_ANSWER] 80,000/270,988 baris tertulis
18:09:18 |   [HAS_ACCEPTED_ANSWER] 82,000/270,988 baris tertulis
18:09:19 |   [HAS_ACCEPTED_ANSWER] 84,000/270,988 baris tertulis
18:09:19 |   [HAS_ACCEPTED_ANSWER] 86,000/270,988 baris tertulis
18:09:20 |   [HAS_ACCEPTED_ANSWER] 88,000/270,988 baris tertulis
18:09:21 |   [HAS_ACCEPTED_ANSWER] 90,000/270,988 baris tertulis
18:09:22 |   [HAS_ACCEPTED_ANSWER] 92,000/270,988 baris tertulis
18:09:23 |   [HAS_ACCEPTED_ANSWER] 94,000/270,988 baris tertulis
18:09:24 |   [HAS_ACCEPTED_ANSWER] 96,000/270,988 baris tertulis
18:09:25 |   [HAS_ACCEPTED_ANSWER] 98,000/270,988 baris tertulis
18:09:25 |   [HAS_ACCEPTED_ANSWER] 100,000/270,988 baris tertulis
18:09:26 |   [HAS_ACCEPTED_ANSWER] 102,000/270,988 baris tertulis
18:09:26 |   [HAS_ACCEPTED_ANSWER] 104,000/270,988 baris tertulis
18:09:26 |   [HAS_ACCEPTED_ANSWER] 106,000/270,988 baris tertulis
18:09:26 |   [HAS_ACCEPTED_ANSWER] 108,000/270,988 baris tertulis
18:09:26 |   [HAS_ACCEPTED_ANSWER] 110,000/270,988 baris tertulis
18:09:27 |   [HAS_ACCEPTED_ANSWER] 112,000/270,988 baris tertulis
18:09:27 |   [HAS_ACCEPTED_ANSWER] 114,000/270,988 baris tertulis
18:09:27 |   [HAS_ACCEPTED_ANSWER] 116,000/270,988 baris tertulis
18:09:27 |   [HAS_ACCEPTED_ANSWER] 118,000/270,988 baris tertulis
18:09:27 |   [HAS_ACCEPTED_ANSWER] 120,000/270,988 baris tertulis
18:09:28 |   [HAS_ACCEPTED_ANSWER] 122,000/270,988 baris tertulis
18:09:28 |   [HAS_ACCEPTED_ANSWER] 124,000/270,988 baris tertulis
18:09:28 |   [HAS_ACCEPTED_ANSWER] 126,000/270,988 baris tertulis
18:09:28 |   [HAS_ACCEPTED_ANSWER] 128,000/270,988 baris tertulis
18:09:28 |   [HAS_ACCEPTED_ANSWER] 130,000/270,988 baris tertulis
18:09:29 |   [HAS_ACCEPTED_ANSWER] 132,000/270,988 baris tertulis
18:09:29 |   [HAS_ACCEPTED_ANSWER] 134,000/270,988 baris tertulis
18:09:29 |   [HAS_ACCEPTED_ANSWER] 136,000/270,988 baris tertulis
18:09:29 |   [HAS_ACCEPTED_ANSWER] 138,000/270,988 baris tertulis
18:09:29 |   [HAS_ACCEPTED_ANSWER] 140,000/270,988 baris tertulis
18:09:30 |   [HAS_ACCEPTED_ANSWER] 142,000/270,988 baris tertulis
18:09:30 |   [HAS_ACCEPTED_ANSWER] 144,000/270,988 baris tertulis
18:09:30 |   [HAS_ACCEPTED_ANSWER] 146,000/270,988 baris tertulis
18:09:30 |   [HAS_ACCEPTED_ANSWER] 148,000/270,988 baris tertulis
18:09:30 |   [HAS_ACCEPTED_ANSWER] 150,000/270,988 baris tertulis
18:09:30 |   [HAS_ACCEPTED_ANSWER] 152,000/270,988 baris tertulis
18:09:31 |   [HAS_ACCEPTED_ANSWER] 154,000/270,988 baris tertulis
18:09:31 |   [HAS_ACCEPTED_ANSWER] 156,000/270,988 baris tertulis
18:09:31 |   [HAS_ACCEPTED_ANSWER] 158,000/270,988 baris tertulis
18:09:31 |   [HAS_ACCEPTED_ANSWER] 160,000/270,988 baris tertulis
18:09:31 |   [HAS_ACCEPTED_ANSWER] 162,000/270,988 baris tertulis
18:09:31 |   [HAS_ACCEPTED_ANSWER] 164,000/270,988 baris tertulis
18:09:32 |   [HAS_ACCEPTED_ANSWER] 166,000/270,988 baris tertulis
18:09:32 |   [HAS_ACCEPTED_ANSWER] 168,000/270,988 baris tertulis
18:09:32 |   [HAS_ACCEPTED_ANSWER] 170,000/270,988 baris tertulis
18:09:32 |   [HAS_ACCEPTED_ANSWER] 172,000/270,988 baris tertulis
18:09:32 |   [HAS_ACCEPTED_ANSWER] 174,000/270,988 baris tertulis
18:09:32 |   [HAS_ACCEPTED_ANSWER] 176,000/270,988 baris tertulis
18:09:32 |   [HAS_ACCEPTED_ANSWER] 178,000/270,988 baris tertulis
18:09:32 |   [HAS_ACCEPTED_ANSWER] 180,000/270,988 baris tertulis
18:09:32 |   [HAS_ACCEPTED_ANSWER] 182,000/270,988 baris tertulis
18:09:33 |   [HAS_ACCEPTED_ANSWER] 184,000/270,988 baris tertulis
18:09:33 |   [HAS_ACCEPTED_ANSWER] 186,000/270,988 baris tertulis
18:09:33 |   [HAS_ACCEPTED_ANSWER] 188,000/270,988 baris tertulis
18:09:33 |   [HAS_ACCEPTED_ANSWER] 190,000/270,988 baris tertulis
18:09:33 |   [HAS_ACCEPTED_ANSWER] 192,000/270,988 baris tertulis
18:09:33 |   [HAS_ACCEPTED_ANSWER] 194,000/270,988 baris tertulis
18:09:33 |   [HAS_ACCEPTED_ANSWER] 196,000/270,988 baris tertulis
18:09:33 |   [HAS_ACCEPTED_ANSWER] 198,000/270,988 baris tertulis
18:09:34 |   [HAS_ACCEPTED_ANSWER] 200,000/270,988 baris tertulis
18:09:34 |   [HAS_ACCEPTED_ANSWER] 202,000/270,988 baris tertulis
18:09:34 |   [HAS_ACCEPTED_ANSWER] 204,000/270,988 baris tertulis
18:09:34 |   [HAS_ACCEPTED_ANSWER] 206,000/270,988 baris tertulis
18:09:34 |   [HAS_ACCEPTED_ANSWER] 208,000/270,988 baris tertulis
18:09:34 |   [HAS_ACCEPTED_ANSWER] 210,000/270,988 baris tertulis
18:09:34 |   [HAS_ACCEPTED_ANSWER] 212,000/270,988 baris tertulis
18:09:34 |   [HAS_ACCEPTED_ANSWER] 214,000/270,988 baris tertulis
18:09:34 |   [HAS_ACCEPTED_ANSWER] 216,000/270,988 baris tertulis
18:09:35 |   [HAS_ACCEPTED_ANSWER] 218,000/270,988 baris tertulis
18:09:35 |   [HAS_ACCEPTED_ANSWER] 220,000/270,988 baris tertulis
18:09:35 |   [HAS_ACCEPTED_ANSWER] 222,000/270,988 baris tertulis
18:09:35 |   [HAS_ACCEPTED_ANSWER] 224,000/270,988 baris tertulis
18:09:35 |   [HAS_ACCEPTED_ANSWER] 226,000/270,988 baris tertulis
18:09:35 |   [HAS_ACCEPTED_ANSWER] 228,000/270,988 baris tertulis
18:09:35 |   [HAS_ACCEPTED_ANSWER] 230,000/270,988 baris tertulis
18:09:35 |   [HAS_ACCEPTED_ANSWER] 232,000/270,988 baris tertulis
18:09:36 |   [HAS_ACCEPTED_ANSWER] 234,000/270,988 baris tertulis
18:09:36 |   [HAS_ACCEPTED_ANSWER] 236,000/270,988 baris tertulis
18:09:36 |   [HAS_ACCEPTED_ANSWER] 238,000/270,988 baris tertulis
18:09:36 |   [HAS_ACCEPTED_ANSWER] 240,000/270,988 baris tertulis
18:09:36 |   [HAS_ACCEPTED_ANSWER] 242,000/270,988 baris tertulis
18:09:36 |   [HAS_ACCEPTED_ANSWER] 244,000/270,988 baris tertulis
18:09:36 |   [HAS_ACCEPTED_ANSWER] 246,000/270,988 baris tertulis
18:09:36 |   [HAS_ACCEPTED_ANSWER] 248,000/270,988 baris tertulis
18:09:37 |   [HAS_ACCEPTED_ANSWER] 250,000/270,988 baris tertulis
18:09:37 |   [HAS_ACCEPTED_ANSWER] 252,000/270,988 baris tertulis
18:09:37 |   [HAS_ACCEPTED_ANSWER] 254,000/270,988 baris tertulis
18:09:37 |   [HAS_ACCEPTED_ANSWER] 256,000/270,988 baris tertulis
18:09:37 |   [HAS_ACCEPTED_ANSWER] 258,000/270,988 baris tertulis
18:09:37 |   [HAS_ACCEPTED_ANSWER] 260,000/270,988 baris tertulis
18:09:37 |   [HAS_ACCEPTED_ANSWER] 262,000/270,988 baris tertulis
18:09:38 |   [HAS_ACCEPTED_ANSWER] 264,000/270,988 baris tertulis
18:09:38 |   [HAS_ACCEPTED_ANSWER] 266,000/270,988 baris tertulis
18:09:38 |   [HAS_ACCEPTED_ANSWER] 268,000/270,988 baris tertulis
18:09:38 |   [HAS_ACCEPTED_ANSWER] 270,000/270,988 baris tertulis
18:09:38 |   [HAS_ACCEPTED_ANSWER] 270,988/270,988 baris tertulis
18:09:40 |   [HAS_ANSWER] 2,000/454,807 baris tertulis
18:09:40 |   [HAS_ANSWER] 4,000/454,807 baris tertulis
18:09:40 |   [HAS_ANSWER] 6,000/454,807 baris tertulis
18:09:40 |   [HAS_ANSWER] 8,000/454,807 baris tertulis
18:09:40 |   [HAS_ANSWER] 10,000/454,807 baris tertulis
18:09:40 |   [HAS_ANSWER] 12,000/454,807 baris tertulis
18:09:41 |   [HAS_ANSWER] 14,000/454,807 baris tertulis
18:09:41 |   [HAS_ANSWER] 16,000/454,807 baris tertulis
18:09:41 |   [HAS_ANSWER] 18,000/454,807 baris tertulis
18:09:41 |   [HAS_ANSWER] 20,000/454,807 baris tertulis
18:09:41 |   [HAS_ANSWER] 22,000/454,807 baris tertulis
18:09:41 |   [HAS_ANSWER] 24,000/454,807 baris tertulis
18:09:41 |   [HAS_ANSWER] 26,000/454,807 baris tertulis
18:09:41 |   [HAS_ANSWER] 28,000/454,807 baris tertulis
18:09:42 |   [HAS_ANSWER] 30,000/454,807 baris tertulis
18:09:42 |   [HAS_ANSWER] 32,000/454,807 baris tertulis
18:09:42 |   [HAS_ANSWER] 34,000/454,807 baris tertulis
18:09:42 |   [HAS_ANSWER] 36,000/454,807 baris tertulis
18:09:42 |   [HAS_ANSWER] 38,000/454,807 baris tertulis
18:09:43 |   [HAS_ANSWER] 40,000/454,807 baris tertulis
18:09:43 |   [HAS_ANSWER] 42,000/454,807 baris tertulis
18:09:43 |   [HAS_ANSWER] 44,000/454,807 baris tertulis
18:09:43 |   [HAS_ANSWER] 46,000/454,807 baris tertulis
18:09:43 |   [HAS_ANSWER] 48,000/454,807 baris tertulis
18:09:44 |   [HAS_ANSWER] 50,000/454,807 baris tertulis
18:09:44 |   [HAS_ANSWER] 52,000/454,807 baris tertulis
18:09:44 |   [HAS_ANSWER] 54,000/454,807 baris tertulis
18:09:44 |   [HAS_ANSWER] 56,000/454,807 baris tertulis
18:09:44 |   [HAS_ANSWER] 58,000/454,807 baris tertulis
18:09:44 |   [HAS_ANSWER] 60,000/454,807 baris tertulis
18:09:45 |   [HAS_ANSWER] 62,000/454,807 baris tertulis
18:09:45 |   [HAS_ANSWER] 64,000/454,807 baris tertulis
18:09:45 |   [HAS_ANSWER] 66,000/454,807 baris tertulis
18:09:45 |   [HAS_ANSWER] 68,000/454,807 baris tertulis
18:09:46 |   [HAS_ANSWER] 70,000/454,807 baris tertulis
18:09:46 |   [HAS_ANSWER] 72,000/454,807 baris tertulis
18:09:46 |   [HAS_ANSWER] 74,000/454,807 baris tertulis
18:09:46 |   [HAS_ANSWER] 76,000/454,807 baris tertulis
18:09:46 |   [HAS_ANSWER] 78,000/454,807 baris tertulis
18:09:46 |   [HAS_ANSWER] 80,000/454,807 baris tertulis
18:09:47 |   [HAS_ANSWER] 82,000/454,807 baris tertulis
18:09:47 |   [HAS_ANSWER] 84,000/454,807 baris tertulis
18:09:47 |   [HAS_ANSWER] 86,000/454,807 baris tertulis
18:09:47 |   [HAS_ANSWER] 88,000/454,807 baris tertulis
18:09:47 |   [HAS_ANSWER] 90,000/454,807 baris tertulis
18:09:47 |   [HAS_ANSWER] 92,000/454,807 baris tertulis
18:09:47 |   [HAS_ANSWER] 94,000/454,807 baris tertulis
18:09:47 |   [HAS_ANSWER] 96,000/454,807 baris tertulis
18:09:48 |   [HAS_ANSWER] 98,000/454,807 baris tertulis
18:09:48 |   [HAS_ANSWER] 100,000/454,807 baris tertulis
18:09:48 |   [HAS_ANSWER] 102,000/454,807 baris tertulis
18:09:48 |   [HAS_ANSWER] 104,000/454,807 baris tertulis
18:09:48 |   [HAS_ANSWER] 106,000/454,807 baris tertulis
18:09:48 |   [HAS_ANSWER] 108,000/454,807 baris tertulis
18:09:48 |   [HAS_ANSWER] 110,000/454,807 baris tertulis
18:09:48 |   [HAS_ANSWER] 112,000/454,807 baris tertulis
18:09:48 |   [HAS_ANSWER] 114,000/454,807 baris tertulis
18:09:49 |   [HAS_ANSWER] 116,000/454,807 baris tertulis
18:09:49 |   [HAS_ANSWER] 118,000/454,807 baris tertulis
18:09:49 |   [HAS_ANSWER] 120,000/454,807 baris tertulis
18:09:49 |   [HAS_ANSWER] 122,000/454,807 baris tertulis
18:09:49 |   [HAS_ANSWER] 124,000/454,807 baris tertulis
18:09:49 |   [HAS_ANSWER] 126,000/454,807 baris tertulis
18:09:49 |   [HAS_ANSWER] 128,000/454,807 baris tertulis
18:09:49 |   [HAS_ANSWER] 130,000/454,807 baris tertulis
18:09:50 |   [HAS_ANSWER] 132,000/454,807 baris tertulis
18:09:50 |   [HAS_ANSWER] 134,000/454,807 baris tertulis
18:09:50 |   [HAS_ANSWER] 136,000/454,807 baris tertulis
18:09:50 |   [HAS_ANSWER] 138,000/454,807 baris tertulis
18:09:50 |   [HAS_ANSWER] 140,000/454,807 baris tertulis
18:09:50 |   [HAS_ANSWER] 142,000/454,807 baris tertulis
18:09:50 |   [HAS_ANSWER] 144,000/454,807 baris tertulis
18:09:50 |   [HAS_ANSWER] 146,000/454,807 baris tertulis
18:09:50 |   [HAS_ANSWER] 148,000/454,807 baris tertulis
18:09:51 |   [HAS_ANSWER] 150,000/454,807 baris tertulis
18:09:51 |   [HAS_ANSWER] 152,000/454,807 baris tertulis
18:09:51 |   [HAS_ANSWER] 154,000/454,807 baris tertulis
18:09:51 |   [HAS_ANSWER] 156,000/454,807 baris tertulis
18:09:51 |   [HAS_ANSWER] 158,000/454,807 baris tertulis
18:09:51 |   [HAS_ANSWER] 160,000/454,807 baris tertulis
18:09:51 |   [HAS_ANSWER] 162,000/454,807 baris tertulis
18:09:51 |   [HAS_ANSWER] 164,000/454,807 baris tertulis
18:09:52 |   [HAS_ANSWER] 166,000/454,807 baris tertulis
18:09:52 |   [HAS_ANSWER] 168,000/454,807 baris tertulis
18:09:52 |   [HAS_ANSWER] 170,000/454,807 baris tertulis
18:09:52 |   [HAS_ANSWER] 172,000/454,807 baris tertulis
18:09:52 |   [HAS_ANSWER] 174,000/454,807 baris tertulis
18:09:52 |   [HAS_ANSWER] 176,000/454,807 baris tertulis
18:09:52 |   [HAS_ANSWER] 178,000/454,807 baris tertulis
18:09:52 |   [HAS_ANSWER] 180,000/454,807 baris tertulis
18:09:52 |   [HAS_ANSWER] 182,000/454,807 baris tertulis
18:09:53 |   [HAS_ANSWER] 184,000/454,807 baris tertulis
18:09:53 |   [HAS_ANSWER] 186,000/454,807 baris tertulis
18:09:53 |   [HAS_ANSWER] 188,000/454,807 baris tertulis
18:09:53 |   [HAS_ANSWER] 190,000/454,807 baris tertulis
18:09:53 |   [HAS_ANSWER] 192,000/454,807 baris tertulis
18:09:53 |   [HAS_ANSWER] 194,000/454,807 baris tertulis
18:09:53 |   [HAS_ANSWER] 196,000/454,807 baris tertulis
18:09:53 |   [HAS_ANSWER] 198,000/454,807 baris tertulis
18:09:53 |   [HAS_ANSWER] 200,000/454,807 baris tertulis
18:09:54 |   [HAS_ANSWER] 202,000/454,807 baris tertulis
18:09:54 |   [HAS_ANSWER] 204,000/454,807 baris tertulis
18:09:54 |   [HAS_ANSWER] 206,000/454,807 baris tertulis
18:09:54 |   [HAS_ANSWER] 208,000/454,807 baris tertulis
18:09:54 |   [HAS_ANSWER] 210,000/454,807 baris tertulis
18:09:54 |   [HAS_ANSWER] 212,000/454,807 baris tertulis
18:09:54 |   [HAS_ANSWER] 214,000/454,807 baris tertulis
18:09:54 |   [HAS_ANSWER] 216,000/454,807 baris tertulis
18:09:55 |   [HAS_ANSWER] 218,000/454,807 baris tertulis
18:09:55 |   [HAS_ANSWER] 220,000/454,807 baris tertulis
18:09:55 |   [HAS_ANSWER] 222,000/454,807 baris tertulis
18:09:55 |   [HAS_ANSWER] 224,000/454,807 baris tertulis
18:09:55 |   [HAS_ANSWER] 226,000/454,807 baris tertulis
18:09:55 |   [HAS_ANSWER] 228,000/454,807 baris tertulis
18:09:55 |   [HAS_ANSWER] 230,000/454,807 baris tertulis
18:09:55 |   [HAS_ANSWER] 232,000/454,807 baris tertulis
18:09:56 |   [HAS_ANSWER] 234,000/454,807 baris tertulis
18:09:56 |   [HAS_ANSWER] 236,000/454,807 baris tertulis
18:09:56 |   [HAS_ANSWER] 238,000/454,807 baris tertulis
18:09:56 |   [HAS_ANSWER] 240,000/454,807 baris tertulis
18:09:56 |   [HAS_ANSWER] 242,000/454,807 baris tertulis
18:09:56 |   [HAS_ANSWER] 244,000/454,807 baris tertulis
18:09:56 |   [HAS_ANSWER] 246,000/454,807 baris tertulis
18:09:56 |   [HAS_ANSWER] 248,000/454,807 baris tertulis
18:09:57 |   [HAS_ANSWER] 250,000/454,807 baris tertulis
18:09:57 |   [HAS_ANSWER] 252,000/454,807 baris tertulis
18:09:57 |   [HAS_ANSWER] 254,000/454,807 baris tertulis
18:09:57 |   [HAS_ANSWER] 256,000/454,807 baris tertulis
18:09:57 |   [HAS_ANSWER] 258,000/454,807 baris tertulis
18:09:57 |   [HAS_ANSWER] 260,000/454,807 baris tertulis
18:09:57 |   [HAS_ANSWER] 262,000/454,807 baris tertulis
18:09:57 |   [HAS_ANSWER] 264,000/454,807 baris tertulis
18:09:57 |   [HAS_ANSWER] 266,000/454,807 baris tertulis
18:09:58 |   [HAS_ANSWER] 268,000/454,807 baris tertulis
18:09:58 |   [HAS_ANSWER] 270,000/454,807 baris tertulis
18:09:58 |   [HAS_ANSWER] 272,000/454,807 baris tertulis
18:09:58 |   [HAS_ANSWER] 274,000/454,807 baris tertulis
18:09:58 |   [HAS_ANSWER] 276,000/454,807 baris tertulis
18:09:58 |   [HAS_ANSWER] 278,000/454,807 baris tertulis
18:09:58 |   [HAS_ANSWER] 280,000/454,807 baris tertulis
18:09:58 |   [HAS_ANSWER] 282,000/454,807 baris tertulis
18:09:58 |   [HAS_ANSWER] 284,000/454,807 baris tertulis
18:09:59 |   [HAS_ANSWER] 286,000/454,807 baris tertulis
18:09:59 |   [HAS_ANSWER] 288,000/454,807 baris tertulis
18:09:59 |   [HAS_ANSWER] 290,000/454,807 baris tertulis
18:09:59 |   [HAS_ANSWER] 292,000/454,807 baris tertulis
18:09:59 |   [HAS_ANSWER] 294,000/454,807 baris tertulis
18:09:59 |   [HAS_ANSWER] 296,000/454,807 baris tertulis
18:09:59 |   [HAS_ANSWER] 298,000/454,807 baris tertulis
18:09:59 |   [HAS_ANSWER] 300,000/454,807 baris tertulis
18:10:00 |   [HAS_ANSWER] 302,000/454,807 baris tertulis
18:10:00 |   [HAS_ANSWER] 304,000/454,807 baris tertulis
18:10:00 |   [HAS_ANSWER] 306,000/454,807 baris tertulis
18:10:00 |   [HAS_ANSWER] 308,000/454,807 baris tertulis
18:10:00 |   [HAS_ANSWER] 310,000/454,807 baris tertulis
18:10:00 |   [HAS_ANSWER] 312,000/454,807 baris tertulis
18:10:00 |   [HAS_ANSWER] 314,000/454,807 baris tertulis
18:10:01 |   [HAS_ANSWER] 316,000/454,807 baris tertulis
18:10:01 |   [HAS_ANSWER] 318,000/454,807 baris tertulis
18:10:01 |   [HAS_ANSWER] 320,000/454,807 baris tertulis
18:10:01 |   [HAS_ANSWER] 322,000/454,807 baris tertulis
18:10:01 |   [HAS_ANSWER] 324,000/454,807 baris tertulis
18:10:01 |   [HAS_ANSWER] 326,000/454,807 baris tertulis
18:10:01 |   [HAS_ANSWER] 328,000/454,807 baris tertulis
18:10:02 |   [HAS_ANSWER] 330,000/454,807 baris tertulis
18:10:02 |   [HAS_ANSWER] 332,000/454,807 baris tertulis
18:10:02 |   [HAS_ANSWER] 334,000/454,807 baris tertulis
18:10:02 |   [HAS_ANSWER] 336,000/454,807 baris tertulis
18:10:02 |   [HAS_ANSWER] 338,000/454,807 baris tertulis
18:10:02 |   [HAS_ANSWER] 340,000/454,807 baris tertulis
18:10:03 |   [HAS_ANSWER] 342,000/454,807 baris tertulis
18:10:03 |   [HAS_ANSWER] 344,000/454,807 baris tertulis
18:10:03 |   [HAS_ANSWER] 346,000/454,807 baris tertulis
18:10:03 |   [HAS_ANSWER] 348,000/454,807 baris tertulis
18:10:04 |   [HAS_ANSWER] 350,000/454,807 baris tertulis
18:10:04 |   [HAS_ANSWER] 352,000/454,807 baris tertulis
18:10:04 |   [HAS_ANSWER] 354,000/454,807 baris tertulis
18:10:04 |   [HAS_ANSWER] 356,000/454,807 baris tertulis
18:10:04 |   [HAS_ANSWER] 358,000/454,807 baris tertulis
18:10:05 |   [HAS_ANSWER] 360,000/454,807 baris tertulis
18:10:06 |   [HAS_ANSWER] 362,000/454,807 baris tertulis
18:10:06 |   [HAS_ANSWER] 364,000/454,807 baris tertulis
18:10:06 |   [HAS_ANSWER] 366,000/454,807 baris tertulis
18:10:06 |   [HAS_ANSWER] 368,000/454,807 baris tertulis
18:10:06 |   [HAS_ANSWER] 370,000/454,807 baris tertulis
18:10:06 |   [HAS_ANSWER] 372,000/454,807 baris tertulis
18:10:06 |   [HAS_ANSWER] 374,000/454,807 baris tertulis
18:10:07 |   [HAS_ANSWER] 376,000/454,807 baris tertulis
18:10:07 |   [HAS_ANSWER] 378,000/454,807 baris tertulis
18:10:07 |   [HAS_ANSWER] 380,000/454,807 baris tertulis
18:10:07 |   [HAS_ANSWER] 382,000/454,807 baris tertulis
18:10:07 |   [HAS_ANSWER] 384,000/454,807 baris tertulis
18:10:07 |   [HAS_ANSWER] 386,000/454,807 baris tertulis
18:10:07 |   [HAS_ANSWER] 388,000/454,807 baris tertulis
18:10:07 |   [HAS_ANSWER] 390,000/454,807 baris tertulis
18:10:07 |   [HAS_ANSWER] 392,000/454,807 baris tertulis
18:10:08 |   [HAS_ANSWER] 394,000/454,807 baris tertulis
18:10:08 |   [HAS_ANSWER] 396,000/454,807 baris tertulis
18:10:08 |   [HAS_ANSWER] 398,000/454,807 baris tertulis
18:10:08 |   [HAS_ANSWER] 400,000/454,807 baris tertulis
18:10:08 |   [HAS_ANSWER] 402,000/454,807 baris tertulis
18:10:08 |   [HAS_ANSWER] 404,000/454,807 baris tertulis
18:10:08 |   [HAS_ANSWER] 406,000/454,807 baris tertulis
18:10:08 |   [HAS_ANSWER] 408,000/454,807 baris tertulis
18:10:09 |   [HAS_ANSWER] 410,000/454,807 baris tertulis
18:10:09 |   [HAS_ANSWER] 412,000/454,807 baris tertulis
18:10:09 |   [HAS_ANSWER] 414,000/454,807 baris tertulis
18:10:09 |   [HAS_ANSWER] 416,000/454,807 baris tertulis
18:10:09 |   [HAS_ANSWER] 418,000/454,807 baris tertulis
18:10:09 |   [HAS_ANSWER] 420,000/454,807 baris tertulis
18:10:09 |   [HAS_ANSWER] 422,000/454,807 baris tertulis
18:10:09 |   [HAS_ANSWER] 424,000/454,807 baris tertulis
18:10:09 |   [HAS_ANSWER] 426,000/454,807 baris tertulis
18:10:10 |   [HAS_ANSWER] 428,000/454,807 baris tertulis
18:10:10 |   [HAS_ANSWER] 430,000/454,807 baris tertulis
18:10:10 |   [HAS_ANSWER] 432,000/454,807 baris tertulis
18:10:10 |   [HAS_ANSWER] 434,000/454,807 baris tertulis
18:10:10 |   [HAS_ANSWER] 436,000/454,807 baris tertulis
18:10:10 |   [HAS_ANSWER] 438,000/454,807 baris tertulis
18:10:10 |   [HAS_ANSWER] 440,000/454,807 baris tertulis
18:10:10 |   [HAS_ANSWER] 442,000/454,807 baris tertulis
18:10:11 |   [HAS_ANSWER] 444,000/454,807 baris tertulis
18:10:11 |   [HAS_ANSWER] 446,000/454,807 baris tertulis
18:10:11 |   [HAS_ANSWER] 448,000/454,807 baris tertulis
18:10:11 |   [HAS_ANSWER] 450,000/454,807 baris tertulis
18:10:11 |   [HAS_ANSWER] 452,000/454,807 baris tertulis
18:10:11 |   [HAS_ANSWER] 454,000/454,807 baris tertulis
18:10:11 |   [HAS_ANSWER] 454,807/454,807 baris tertulis
18:10:11 | ==============================================================================
18:10:11 | STEP 11 - Tulis edge: TAGGED_WITH
18:10:11 | ==============================================================================
18:10:19 |   [TAGGED_WITH] 2,000/8,525,257 baris tertulis
18:10:19 |   [TAGGED_WITH] 4,000/8,525,257 baris tertulis
18:10:19 |   [TAGGED_WITH] 6,000/8,525,257 baris tertulis
18:10:20 |   [TAGGED_WITH] 8,000/8,525,257 baris tertulis
18:10:20 |   [TAGGED_WITH] 10,000/8,525,257 baris tertulis
18:10:20 |   [TAGGED_WITH] 12,000/8,525,257 baris tertulis
18:10:20 |   [TAGGED_WITH] 14,000/8,525,257 baris tertulis
18:10:20 |   [TAGGED_WITH] 16,000/8,525,257 baris tertulis
18:10:20 |   [TAGGED_WITH] 18,000/8,525,257 baris tertulis
18:10:20 |   [TAGGED_WITH] 20,000/8,525,257 baris tertulis
18:10:20 |   [TAGGED_WITH] 22,000/8,525,257 baris tertulis
18:10:21 |   [TAGGED_WITH] 24,000/8,525,257 baris tertulis
18:10:21 |   [TAGGED_WITH] 26,000/8,525,257 baris tertulis
18:10:21 |   [TAGGED_WITH] 28,000/8,525,257 baris tertulis
18:10:21 |   [TAGGED_WITH] 30,000/8,525,257 baris tertulis
18:10:21 |   [TAGGED_WITH] 32,000/8,525,257 baris tertulis
18:10:21 |   [TAGGED_WITH] 34,000/8,525,257 baris tertulis
18:10:21 |   [TAGGED_WITH] 36,000/8,525,257 baris tertulis
18:10:21 |   [TAGGED_WITH] 38,000/8,525,257 baris tertulis
18:10:21 |   [TAGGED_WITH] 40,000/8,525,257 baris tertulis
18:10:21 |   [TAGGED_WITH] 42,000/8,525,257 baris tertulis
18:10:21 |   [TAGGED_WITH] 44,000/8,525,257 baris tertulis
18:10:22 |   [TAGGED_WITH] 46,000/8,525,257 baris tertulis
18:10:22 |   [TAGGED_WITH] 48,000/8,525,257 baris tertulis
18:10:22 |   [TAGGED_WITH] 50,000/8,525,257 baris tertulis
18:10:22 |   [TAGGED_WITH] 52,000/8,525,257 baris tertulis
18:10:22 |   [TAGGED_WITH] 54,000/8,525,257 baris tertulis
18:10:22 |   [TAGGED_WITH] 56,000/8,525,257 baris tertulis
18:10:22 |   [TAGGED_WITH] 58,000/8,525,257 baris tertulis
18:10:22 |   [TAGGED_WITH] 60,000/8,525,257 baris tertulis
18:10:22 |   [TAGGED_WITH] 62,000/8,525,257 baris tertulis
18:10:22 |   [TAGGED_WITH] 64,000/8,525,257 baris tertulis
18:10:23 |   [TAGGED_WITH] 66,000/8,525,257 baris tertulis
18:10:23 |   [TAGGED_WITH] 68,000/8,525,257 baris tertulis
18:10:23 |   [TAGGED_WITH] 70,000/8,525,257 baris tertulis
18:10:23 |   [TAGGED_WITH] 72,000/8,525,257 baris tertulis
18:10:23 |   [TAGGED_WITH] 74,000/8,525,257 baris tertulis
18:10:23 |   [TAGGED_WITH] 76,000/8,525,257 baris tertulis
18:10:23 |   [TAGGED_WITH] 78,000/8,525,257 baris tertulis
18:10:23 |   [TAGGED_WITH] 80,000/8,525,257 baris tertulis
18:10:23 |   [TAGGED_WITH] 82,000/8,525,257 baris tertulis
18:10:24 |   [TAGGED_WITH] 84,000/8,525,257 baris tertulis
18:10:24 |   [TAGGED_WITH] 86,000/8,525,257 baris tertulis
18:10:24 |   [TAGGED_WITH] 88,000/8,525,257 baris tertulis
18:10:24 |   [TAGGED_WITH] 90,000/8,525,257 baris tertulis
18:10:24 |   [TAGGED_WITH] 92,000/8,525,257 baris tertulis
18:10:24 |   [TAGGED_WITH] 94,000/8,525,257 baris tertulis
18:10:24 |   [TAGGED_WITH] 96,000/8,525,257 baris tertulis
18:10:24 |   [TAGGED_WITH] 98,000/8,525,257 baris tertulis
18:10:24 |   [TAGGED_WITH] 100,000/8,525,257 baris tertulis
18:10:24 |   [TAGGED_WITH] 102,000/8,525,257 baris tertulis
18:10:25 |   [TAGGED_WITH] 104,000/8,525,257 baris tertulis
18:10:25 |   [TAGGED_WITH] 106,000/8,525,257 baris tertulis
18:10:25 |   [TAGGED_WITH] 108,000/8,525,257 baris tertulis
18:10:25 |   [TAGGED_WITH] 110,000/8,525,257 baris tertulis
18:10:25 |   [TAGGED_WITH] 112,000/8,525,257 baris tertulis
18:10:25 |   [TAGGED_WITH] 114,000/8,525,257 baris tertulis
18:10:25 |   [TAGGED_WITH] 116,000/8,525,257 baris tertulis
18:10:25 |   [TAGGED_WITH] 118,000/8,525,257 baris tertulis
18:10:26 |   [TAGGED_WITH] 120,000/8,525,257 baris tertulis
18:10:26 |   [TAGGED_WITH] 122,000/8,525,257 baris tertulis
18:10:26 |   [TAGGED_WITH] 124,000/8,525,257 baris tertulis
18:10:26 |   [TAGGED_WITH] 126,000/8,525,257 baris tertulis
18:10:26 |   [TAGGED_WITH] 128,000/8,525,257 baris tertulis
18:10:26 |   [TAGGED_WITH] 130,000/8,525,257 baris tertulis
18:10:26 |   [TAGGED_WITH] 132,000/8,525,257 baris tertulis
18:10:27 |   [TAGGED_WITH] 134,000/8,525,257 baris tertulis
18:10:27 |   [TAGGED_WITH] 136,000/8,525,257 baris tertulis
18:10:27 |   [TAGGED_WITH] 138,000/8,525,257 baris tertulis
18:10:27 |   [TAGGED_WITH] 140,000/8,525,257 baris tertulis
18:10:27 |   [TAGGED_WITH] 142,000/8,525,257 baris tertulis
18:10:27 |   [TAGGED_WITH] 144,000/8,525,257 baris tertulis
18:10:27 |   [TAGGED_WITH] 146,000/8,525,257 baris tertulis
18:10:27 |   [TAGGED_WITH] 148,000/8,525,257 baris tertulis
18:10:27 |   [TAGGED_WITH] 150,000/8,525,257 baris tertulis
18:10:27 |   [TAGGED_WITH] 152,000/8,525,257 baris tertulis
18:10:28 |   [TAGGED_WITH] 154,000/8,525,257 baris tertulis
18:10:28 |   [TAGGED_WITH] 156,000/8,525,257 baris tertulis
18:10:28 |   [TAGGED_WITH] 158,000/8,525,257 baris tertulis
18:10:28 |   [TAGGED_WITH] 160,000/8,525,257 baris tertulis
18:10:28 |   [TAGGED_WITH] 162,000/8,525,257 baris tertulis
18:10:28 |   [TAGGED_WITH] 164,000/8,525,257 baris tertulis
18:10:28 |   [TAGGED_WITH] 166,000/8,525,257 baris tertulis
18:10:28 |   [TAGGED_WITH] 168,000/8,525,257 baris tertulis
18:10:28 |   [TAGGED_WITH] 170,000/8,525,257 baris tertulis
18:10:28 |   [TAGGED_WITH] 172,000/8,525,257 baris tertulis
18:10:29 |   [TAGGED_WITH] 174,000/8,525,257 baris tertulis
18:10:29 |   [TAGGED_WITH] 176,000/8,525,257 baris tertulis
18:10:29 |   [TAGGED_WITH] 178,000/8,525,257 baris tertulis
18:10:29 |   [TAGGED_WITH] 180,000/8,525,257 baris tertulis
18:10:29 |   [TAGGED_WITH] 182,000/8,525,257 baris tertulis
18:10:29 |   [TAGGED_WITH] 184,000/8,525,257 baris tertulis
18:10:29 |   [TAGGED_WITH] 186,000/8,525,257 baris tertulis
18:10:29 |   [TAGGED_WITH] 188,000/8,525,257 baris tertulis
18:10:29 |   [TAGGED_WITH] 190,000/8,525,257 baris tertulis
18:10:29 |   [TAGGED_WITH] 192,000/8,525,257 baris tertulis
18:10:30 |   [TAGGED_WITH] 194,000/8,525,257 baris tertulis
18:10:30 |   [TAGGED_WITH] 196,000/8,525,257 baris tertulis
18:10:30 |   [TAGGED_WITH] 198,000/8,525,257 baris tertulis
18:10:30 |   [TAGGED_WITH] 200,000/8,525,257 baris tertulis
18:10:30 |   [TAGGED_WITH] 202,000/8,525,257 baris tertulis
18:10:30 |   [TAGGED_WITH] 204,000/8,525,257 baris tertulis
18:10:30 |   [TAGGED_WITH] 206,000/8,525,257 baris tertulis
18:10:30 |   [TAGGED_WITH] 208,000/8,525,257 baris tertulis
18:10:31 |   [TAGGED_WITH] 210,000/8,525,257 baris tertulis
18:10:31 |   [TAGGED_WITH] 212,000/8,525,257 baris tertulis
18:10:31 |   [TAGGED_WITH] 214,000/8,525,257 baris tertulis
18:10:31 |   [TAGGED_WITH] 216,000/8,525,257 baris tertulis
18:10:31 |   [TAGGED_WITH] 218,000/8,525,257 baris tertulis
18:10:31 |   [TAGGED_WITH] 220,000/8,525,257 baris tertulis
18:10:32 |   [TAGGED_WITH] 222,000/8,525,257 baris tertulis
18:10:32 |   [TAGGED_WITH] 224,000/8,525,257 baris tertulis
18:10:32 |   [TAGGED_WITH] 226,000/8,525,257 baris tertulis
18:10:32 |   [TAGGED_WITH] 228,000/8,525,257 baris tertulis
18:10:32 |   [TAGGED_WITH] 230,000/8,525,257 baris tertulis
18:10:32 |   [TAGGED_WITH] 232,000/8,525,257 baris tertulis
18:10:32 |   [TAGGED_WITH] 234,000/8,525,257 baris tertulis
18:10:32 |   [TAGGED_WITH] 236,000/8,525,257 baris tertulis
18:10:33 |   [TAGGED_WITH] 238,000/8,525,257 baris tertulis
18:10:33 |   [TAGGED_WITH] 240,000/8,525,257 baris tertulis
18:10:33 |   [TAGGED_WITH] 242,000/8,525,257 baris tertulis
18:10:33 |   [TAGGED_WITH] 244,000/8,525,257 baris tertulis
18:10:33 |   [TAGGED_WITH] 246,000/8,525,257 baris tertulis
18:10:33 |   [TAGGED_WITH] 248,000/8,525,257 baris tertulis
18:10:33 |   [TAGGED_WITH] 250,000/8,525,257 baris tertulis
18:10:34 |   [TAGGED_WITH] 252,000/8,525,257 baris tertulis
18:10:34 |   [TAGGED_WITH] 254,000/8,525,257 baris tertulis
18:10:34 |   [TAGGED_WITH] 256,000/8,525,257 baris tertulis
18:10:34 |   [TAGGED_WITH] 258,000/8,525,257 baris tertulis
18:10:34 |   [TAGGED_WITH] 260,000/8,525,257 baris tertulis
18:10:34 |   [TAGGED_WITH] 262,000/8,525,257 baris tertulis
18:10:35 |   [TAGGED_WITH] 264,000/8,525,257 baris tertulis
18:10:35 |   [TAGGED_WITH] 266,000/8,525,257 baris tertulis
18:10:35 |   [TAGGED_WITH] 268,000/8,525,257 baris tertulis
18:10:35 |   [TAGGED_WITH] 270,000/8,525,257 baris tertulis
18:10:35 |   [TAGGED_WITH] 272,000/8,525,257 baris tertulis
18:10:35 |   [TAGGED_WITH] 274,000/8,525,257 baris tertulis
18:10:35 |   [TAGGED_WITH] 276,000/8,525,257 baris tertulis
18:10:35 |   [TAGGED_WITH] 278,000/8,525,257 baris tertulis
18:10:35 |   [TAGGED_WITH] 280,000/8,525,257 baris tertulis
18:10:35 |   [TAGGED_WITH] 282,000/8,525,257 baris tertulis
18:10:36 |   [TAGGED_WITH] 284,000/8,525,257 baris tertulis
18:10:36 |   [TAGGED_WITH] 286,000/8,525,257 baris tertulis
18:10:36 |   [TAGGED_WITH] 288,000/8,525,257 baris tertulis
18:10:36 |   [TAGGED_WITH] 290,000/8,525,257 baris tertulis
18:10:36 |   [TAGGED_WITH] 292,000/8,525,257 baris tertulis
18:10:36 |   [TAGGED_WITH] 294,000/8,525,257 baris tertulis
18:10:36 |   [TAGGED_WITH] 296,000/8,525,257 baris tertulis
18:10:36 |   [TAGGED_WITH] 298,000/8,525,257 baris tertulis
18:10:36 |   [TAGGED_WITH] 300,000/8,525,257 baris tertulis
18:10:36 |   [TAGGED_WITH] 302,000/8,525,257 baris tertulis
18:10:37 |   [TAGGED_WITH] 304,000/8,525,257 baris tertulis
18:10:37 |   [TAGGED_WITH] 306,000/8,525,257 baris tertulis
18:10:37 |   [TAGGED_WITH] 308,000/8,525,257 baris tertulis
18:10:37 |   [TAGGED_WITH] 310,000/8,525,257 baris tertulis
18:10:37 |   [TAGGED_WITH] 312,000/8,525,257 baris tertulis
18:10:37 |   [TAGGED_WITH] 314,000/8,525,257 baris tertulis
18:10:37 |   [TAGGED_WITH] 316,000/8,525,257 baris tertulis
18:10:37 |   [TAGGED_WITH] 318,000/8,525,257 baris tertulis
18:10:37 |   [TAGGED_WITH] 320,000/8,525,257 baris tertulis
18:10:38 |   [TAGGED_WITH] 322,000/8,525,257 baris tertulis
18:10:38 |   [TAGGED_WITH] 324,000/8,525,257 baris tertulis
18:10:38 |   [TAGGED_WITH] 326,000/8,525,257 baris tertulis
18:10:38 |   [TAGGED_WITH] 328,000/8,525,257 baris tertulis
18:10:38 |   [TAGGED_WITH] 330,000/8,525,257 baris tertulis
18:10:38 |   [TAGGED_WITH] 332,000/8,525,257 baris tertulis
18:10:38 |   [TAGGED_WITH] 334,000/8,525,257 baris tertulis
18:10:38 |   [TAGGED_WITH] 336,000/8,525,257 baris tertulis
18:10:38 |   [TAGGED_WITH] 338,000/8,525,257 baris tertulis
18:10:39 |   [TAGGED_WITH] 340,000/8,525,257 baris tertulis
18:10:39 |   [TAGGED_WITH] 342,000/8,525,257 baris tertulis
18:10:39 |   [TAGGED_WITH] 344,000/8,525,257 baris tertulis
18:10:39 |   [TAGGED_WITH] 346,000/8,525,257 baris tertulis
18:10:39 |   [TAGGED_WITH] 348,000/8,525,257 baris tertulis
18:10:39 |   [TAGGED_WITH] 350,000/8,525,257 baris tertulis
18:10:39 |   [TAGGED_WITH] 352,000/8,525,257 baris tertulis
18:10:39 |   [TAGGED_WITH] 354,000/8,525,257 baris tertulis
18:10:39 |   [TAGGED_WITH] 356,000/8,525,257 baris tertulis
18:10:39 |   [TAGGED_WITH] 358,000/8,525,257 baris tertulis
18:10:40 |   [TAGGED_WITH] 360,000/8,525,257 baris tertulis
18:10:40 |   [TAGGED_WITH] 362,000/8,525,257 baris tertulis
18:10:40 |   [TAGGED_WITH] 364,000/8,525,257 baris tertulis
18:10:40 |   [TAGGED_WITH] 366,000/8,525,257 baris tertulis
18:10:40 |   [TAGGED_WITH] 368,000/8,525,257 baris tertulis
18:10:40 |   [TAGGED_WITH] 370,000/8,525,257 baris tertulis
18:10:40 |   [TAGGED_WITH] 372,000/8,525,257 baris tertulis
18:10:40 |   [TAGGED_WITH] 374,000/8,525,257 baris tertulis
18:10:40 |   [TAGGED_WITH] 376,000/8,525,257 baris tertulis
18:10:40 |   [TAGGED_WITH] 378,000/8,525,257 baris tertulis
18:10:41 |   [TAGGED_WITH] 380,000/8,525,257 baris tertulis
18:10:41 |   [TAGGED_WITH] 382,000/8,525,257 baris tertulis
18:10:41 |   [TAGGED_WITH] 384,000/8,525,257 baris tertulis
18:10:41 |   [TAGGED_WITH] 386,000/8,525,257 baris tertulis
18:10:41 |   [TAGGED_WITH] 388,000/8,525,257 baris tertulis
18:10:41 |   [TAGGED_WITH] 390,000/8,525,257 baris tertulis
18:10:41 |   [TAGGED_WITH] 392,000/8,525,257 baris tertulis
18:10:41 |   [TAGGED_WITH] 394,000/8,525,257 baris tertulis
18:10:41 |   [TAGGED_WITH] 396,000/8,525,257 baris tertulis
18:10:41 |   [TAGGED_WITH] 398,000/8,525,257 baris tertulis
18:10:42 |   [TAGGED_WITH] 400,000/8,525,257 baris tertulis
18:10:42 |   [TAGGED_WITH] 402,000/8,525,257 baris tertulis
18:10:42 |   [TAGGED_WITH] 404,000/8,525,257 baris tertulis
18:10:42 |   [TAGGED_WITH] 406,000/8,525,257 baris tertulis
18:10:42 |   [TAGGED_WITH] 408,000/8,525,257 baris tertulis
18:10:42 |   [TAGGED_WITH] 410,000/8,525,257 baris tertulis
18:10:42 |   [TAGGED_WITH] 412,000/8,525,257 baris tertulis
18:10:42 |   [TAGGED_WITH] 414,000/8,525,257 baris tertulis
18:10:42 |   [TAGGED_WITH] 416,000/8,525,257 baris tertulis
18:10:42 |   [TAGGED_WITH] 418,000/8,525,257 baris tertulis
18:10:43 |   [TAGGED_WITH] 420,000/8,525,257 baris tertulis
18:10:43 |   [TAGGED_WITH] 422,000/8,525,257 baris tertulis
18:10:43 |   [TAGGED_WITH] 424,000/8,525,257 baris tertulis
18:10:43 |   [TAGGED_WITH] 426,000/8,525,257 baris tertulis
18:10:43 |   [TAGGED_WITH] 428,000/8,525,257 baris tertulis
18:10:43 |   [TAGGED_WITH] 430,000/8,525,257 baris tertulis
18:10:43 |   [TAGGED_WITH] 432,000/8,525,257 baris tertulis
18:10:43 |   [TAGGED_WITH] 434,000/8,525,257 baris tertulis
18:10:43 |   [TAGGED_WITH] 436,000/8,525,257 baris tertulis
18:10:43 |   [TAGGED_WITH] 438,000/8,525,257 baris tertulis
18:10:44 |   [TAGGED_WITH] 440,000/8,525,257 baris tertulis
18:10:44 |   [TAGGED_WITH] 442,000/8,525,257 baris tertulis
18:10:44 |   [TAGGED_WITH] 444,000/8,525,257 baris tertulis
18:10:44 |   [TAGGED_WITH] 446,000/8,525,257 baris tertulis
18:10:44 |   [TAGGED_WITH] 448,000/8,525,257 baris tertulis
18:10:44 |   [TAGGED_WITH] 450,000/8,525,257 baris tertulis
18:10:44 |   [TAGGED_WITH] 452,000/8,525,257 baris tertulis
18:10:44 |   [TAGGED_WITH] 454,000/8,525,257 baris tertulis
18:10:44 |   [TAGGED_WITH] 456,000/8,525,257 baris tertulis
18:10:45 |   [TAGGED_WITH] 458,000/8,525,257 baris tertulis
18:10:45 |   [TAGGED_WITH] 460,000/8,525,257 baris tertulis
18:10:45 |   [TAGGED_WITH] 462,000/8,525,257 baris tertulis
18:10:45 |   [TAGGED_WITH] 464,000/8,525,257 baris tertulis
18:10:45 |   [TAGGED_WITH] 466,000/8,525,257 baris tertulis
18:10:45 |   [TAGGED_WITH] 468,000/8,525,257 baris tertulis
18:10:45 |   [TAGGED_WITH] 470,000/8,525,257 baris tertulis
18:10:45 |   [TAGGED_WITH] 472,000/8,525,257 baris tertulis
18:10:45 |   [TAGGED_WITH] 474,000/8,525,257 baris tertulis
18:10:45 |   [TAGGED_WITH] 476,000/8,525,257 baris tertulis
18:10:46 |   [TAGGED_WITH] 478,000/8,525,257 baris tertulis
18:10:46 |   [TAGGED_WITH] 480,000/8,525,257 baris tertulis
18:10:46 |   [TAGGED_WITH] 482,000/8,525,257 baris tertulis
18:10:46 |   [TAGGED_WITH] 484,000/8,525,257 baris tertulis
18:10:46 |   [TAGGED_WITH] 486,000/8,525,257 baris tertulis
18:10:46 |   [TAGGED_WITH] 488,000/8,525,257 baris tertulis
18:10:46 |   [TAGGED_WITH] 490,000/8,525,257 baris tertulis
18:10:46 |   [TAGGED_WITH] 492,000/8,525,257 baris tertulis
18:10:46 |   [TAGGED_WITH] 494,000/8,525,257 baris tertulis
18:10:46 |   [TAGGED_WITH] 496,000/8,525,257 baris tertulis
18:10:47 |   [TAGGED_WITH] 498,000/8,525,257 baris tertulis
18:10:47 |   [TAGGED_WITH] 500,000/8,525,257 baris tertulis
18:10:47 |   [TAGGED_WITH] 502,000/8,525,257 baris tertulis
18:10:47 |   [TAGGED_WITH] 504,000/8,525,257 baris tertulis
18:10:47 |   [TAGGED_WITH] 506,000/8,525,257 baris tertulis
18:10:47 |   [TAGGED_WITH] 508,000/8,525,257 baris tertulis
18:10:47 |   [TAGGED_WITH] 510,000/8,525,257 baris tertulis
18:10:47 |   [TAGGED_WITH] 512,000/8,525,257 baris tertulis
18:10:47 |   [TAGGED_WITH] 514,000/8,525,257 baris tertulis
18:10:47 |   [TAGGED_WITH] 516,000/8,525,257 baris tertulis
18:10:48 |   [TAGGED_WITH] 518,000/8,525,257 baris tertulis
18:10:48 |   [TAGGED_WITH] 520,000/8,525,257 baris tertulis
18:10:48 |   [TAGGED_WITH] 522,000/8,525,257 baris tertulis
18:10:48 |   [TAGGED_WITH] 524,000/8,525,257 baris tertulis
18:10:48 |   [TAGGED_WITH] 526,000/8,525,257 baris tertulis
18:10:48 |   [TAGGED_WITH] 528,000/8,525,257 baris tertulis
18:10:48 |   [TAGGED_WITH] 530,000/8,525,257 baris tertulis
18:10:48 |   [TAGGED_WITH] 532,000/8,525,257 baris tertulis
18:10:48 |   [TAGGED_WITH] 534,000/8,525,257 baris tertulis
18:10:48 |   [TAGGED_WITH] 536,000/8,525,257 baris tertulis
18:10:49 |   [TAGGED_WITH] 538,000/8,525,257 baris tertulis
18:10:49 |   [TAGGED_WITH] 540,000/8,525,257 baris tertulis
18:10:49 |   [TAGGED_WITH] 542,000/8,525,257 baris tertulis
18:10:49 |   [TAGGED_WITH] 544,000/8,525,257 baris tertulis
18:10:49 |   [TAGGED_WITH] 546,000/8,525,257 baris tertulis
18:10:49 |   [TAGGED_WITH] 548,000/8,525,257 baris tertulis
18:10:49 |   [TAGGED_WITH] 550,000/8,525,257 baris tertulis
18:10:50 |   [TAGGED_WITH] 552,000/8,525,257 baris tertulis
18:10:50 |   [TAGGED_WITH] 554,000/8,525,257 baris tertulis
18:10:50 |   [TAGGED_WITH] 556,000/8,525,257 baris tertulis
18:10:50 |   [TAGGED_WITH] 558,000/8,525,257 baris tertulis
18:10:50 |   [TAGGED_WITH] 560,000/8,525,257 baris tertulis
18:10:50 |   [TAGGED_WITH] 562,000/8,525,257 baris tertulis
18:10:50 |   [TAGGED_WITH] 564,000/8,525,257 baris tertulis
18:10:50 |   [TAGGED_WITH] 566,000/8,525,257 baris tertulis
18:10:50 |   [TAGGED_WITH] 568,000/8,525,257 baris tertulis
18:10:50 |   [TAGGED_WITH] 570,000/8,525,257 baris tertulis
18:10:50 |   [TAGGED_WITH] 572,000/8,525,257 baris tertulis
18:10:51 |   [TAGGED_WITH] 574,000/8,525,257 baris tertulis
18:10:51 |   [TAGGED_WITH] 576,000/8,525,257 baris tertulis
18:10:51 |   [TAGGED_WITH] 578,000/8,525,257 baris tertulis
18:10:51 |   [TAGGED_WITH] 580,000/8,525,257 baris tertulis
18:10:51 |   [TAGGED_WITH] 582,000/8,525,257 baris tertulis
18:10:51 |   [TAGGED_WITH] 584,000/8,525,257 baris tertulis
18:10:51 |   [TAGGED_WITH] 586,000/8,525,257 baris tertulis
18:10:51 |   [TAGGED_WITH] 588,000/8,525,257 baris tertulis
18:10:51 |   [TAGGED_WITH] 590,000/8,525,257 baris tertulis
18:10:51 |   [TAGGED_WITH] 592,000/8,525,257 baris tertulis
18:10:52 |   [TAGGED_WITH] 594,000/8,525,257 baris tertulis
18:10:52 |   [TAGGED_WITH] 596,000/8,525,257 baris tertulis
18:10:52 |   [TAGGED_WITH] 598,000/8,525,257 baris tertulis
18:10:52 |   [TAGGED_WITH] 600,000/8,525,257 baris tertulis
18:10:52 |   [TAGGED_WITH] 602,000/8,525,257 baris tertulis
18:10:52 |   [TAGGED_WITH] 604,000/8,525,257 baris tertulis
18:10:52 |   [TAGGED_WITH] 606,000/8,525,257 baris tertulis
18:10:52 |   [TAGGED_WITH] 608,000/8,525,257 baris tertulis
18:10:52 |   [TAGGED_WITH] 610,000/8,525,257 baris tertulis
18:10:53 |   [TAGGED_WITH] 612,000/8,525,257 baris tertulis
18:10:53 |   [TAGGED_WITH] 614,000/8,525,257 baris tertulis
18:10:53 |   [TAGGED_WITH] 616,000/8,525,257 baris tertulis
18:10:53 |   [TAGGED_WITH] 618,000/8,525,257 baris tertulis
18:10:53 |   [TAGGED_WITH] 620,000/8,525,257 baris tertulis
18:10:53 |   [TAGGED_WITH] 622,000/8,525,257 baris tertulis
18:10:53 |   [TAGGED_WITH] 624,000/8,525,257 baris tertulis
18:10:53 |   [TAGGED_WITH] 626,000/8,525,257 baris tertulis
18:10:53 |   [TAGGED_WITH] 628,000/8,525,257 baris tertulis
18:10:53 |   [TAGGED_WITH] 630,000/8,525,257 baris tertulis
18:10:54 |   [TAGGED_WITH] 632,000/8,525,257 baris tertulis
18:10:54 |   [TAGGED_WITH] 634,000/8,525,257 baris tertulis
18:10:54 |   [TAGGED_WITH] 636,000/8,525,257 baris tertulis
18:10:54 |   [TAGGED_WITH] 638,000/8,525,257 baris tertulis
18:10:55 |   [TAGGED_WITH] 640,000/8,525,257 baris tertulis
18:10:55 |   [TAGGED_WITH] 642,000/8,525,257 baris tertulis
18:10:55 |   [TAGGED_WITH] 644,000/8,525,257 baris tertulis
18:10:55 |   [TAGGED_WITH] 646,000/8,525,257 baris tertulis
18:10:55 |   [TAGGED_WITH] 648,000/8,525,257 baris tertulis
18:10:55 |   [TAGGED_WITH] 650,000/8,525,257 baris tertulis
18:10:55 |   [TAGGED_WITH] 652,000/8,525,257 baris tertulis
18:10:56 |   [TAGGED_WITH] 654,000/8,525,257 baris tertulis
18:10:56 |   [TAGGED_WITH] 656,000/8,525,257 baris tertulis
18:10:56 |   [TAGGED_WITH] 658,000/8,525,257 baris tertulis
18:10:56 |   [TAGGED_WITH] 660,000/8,525,257 baris tertulis
18:10:56 |   [TAGGED_WITH] 662,000/8,525,257 baris tertulis
18:10:56 |   [TAGGED_WITH] 664,000/8,525,257 baris tertulis
18:10:56 |   [TAGGED_WITH] 666,000/8,525,257 baris tertulis
18:10:56 |   [TAGGED_WITH] 668,000/8,525,257 baris tertulis
18:10:56 |   [TAGGED_WITH] 670,000/8,525,257 baris tertulis
18:10:57 |   [TAGGED_WITH] 672,000/8,525,257 baris tertulis
18:10:57 |   [TAGGED_WITH] 674,000/8,525,257 baris tertulis
18:10:57 |   [TAGGED_WITH] 676,000/8,525,257 baris tertulis
18:10:57 |   [TAGGED_WITH] 678,000/8,525,257 baris tertulis
18:10:57 |   [TAGGED_WITH] 680,000/8,525,257 baris tertulis
18:10:57 |   [TAGGED_WITH] 682,000/8,525,257 baris tertulis
18:10:57 |   [TAGGED_WITH] 684,000/8,525,257 baris tertulis
18:10:57 |   [TAGGED_WITH] 686,000/8,525,257 baris tertulis
18:10:57 |   [TAGGED_WITH] 688,000/8,525,257 baris tertulis
18:10:58 |   [TAGGED_WITH] 690,000/8,525,257 baris tertulis
18:10:58 |   [TAGGED_WITH] 692,000/8,525,257 baris tertulis
18:10:58 |   [TAGGED_WITH] 694,000/8,525,257 baris tertulis
18:10:58 |   [TAGGED_WITH] 696,000/8,525,257 baris tertulis
18:10:58 |   [TAGGED_WITH] 698,000/8,525,257 baris tertulis
18:10:58 |   [TAGGED_WITH] 700,000/8,525,257 baris tertulis
18:10:58 |   [TAGGED_WITH] 702,000/8,525,257 baris tertulis
18:10:58 |   [TAGGED_WITH] 704,000/8,525,257 baris tertulis
18:10:59 |   [TAGGED_WITH] 706,000/8,525,257 baris tertulis
18:10:59 |   [TAGGED_WITH] 708,000/8,525,257 baris tertulis
18:10:59 |   [TAGGED_WITH] 710,000/8,525,257 baris tertulis
18:10:59 |   [TAGGED_WITH] 712,000/8,525,257 baris tertulis
18:10:59 |   [TAGGED_WITH] 714,000/8,525,257 baris tertulis
18:10:59 |   [TAGGED_WITH] 716,000/8,525,257 baris tertulis
18:10:59 |   [TAGGED_WITH] 718,000/8,525,257 baris tertulis
18:10:59 |   [TAGGED_WITH] 720,000/8,525,257 baris tertulis
18:11:00 |   [TAGGED_WITH] 722,000/8,525,257 baris tertulis
18:11:00 |   [TAGGED_WITH] 724,000/8,525,257 baris tertulis
18:11:00 |   [TAGGED_WITH] 726,000/8,525,257 baris tertulis
18:11:00 |   [TAGGED_WITH] 728,000/8,525,257 baris tertulis
18:11:00 |   [TAGGED_WITH] 730,000/8,525,257 baris tertulis
18:11:00 |   [TAGGED_WITH] 732,000/8,525,257 baris tertulis
18:11:00 |   [TAGGED_WITH] 734,000/8,525,257 baris tertulis
18:11:00 |   [TAGGED_WITH] 736,000/8,525,257 baris tertulis
18:11:00 |   [TAGGED_WITH] 738,000/8,525,257 baris tertulis
18:11:00 |   [TAGGED_WITH] 740,000/8,525,257 baris tertulis
18:11:01 |   [TAGGED_WITH] 742,000/8,525,257 baris tertulis
18:11:01 |   [TAGGED_WITH] 744,000/8,525,257 baris tertulis
18:11:01 |   [TAGGED_WITH] 746,000/8,525,257 baris tertulis
18:11:01 |   [TAGGED_WITH] 748,000/8,525,257 baris tertulis
18:11:01 |   [TAGGED_WITH] 750,000/8,525,257 baris tertulis
18:11:01 |   [TAGGED_WITH] 752,000/8,525,257 baris tertulis
18:11:01 |   [TAGGED_WITH] 754,000/8,525,257 baris tertulis
18:11:01 |   [TAGGED_WITH] 756,000/8,525,257 baris tertulis
18:11:01 |   [TAGGED_WITH] 758,000/8,525,257 baris tertulis
18:11:02 |   [TAGGED_WITH] 760,000/8,525,257 baris tertulis
18:11:02 |   [TAGGED_WITH] 762,000/8,525,257 baris tertulis
18:11:02 |   [TAGGED_WITH] 764,000/8,525,257 baris tertulis
18:11:02 |   [TAGGED_WITH] 766,000/8,525,257 baris tertulis
18:11:02 |   [TAGGED_WITH] 768,000/8,525,257 baris tertulis
18:11:02 |   [TAGGED_WITH] 770,000/8,525,257 baris tertulis
18:11:02 |   [TAGGED_WITH] 772,000/8,525,257 baris tertulis
18:11:02 |   [TAGGED_WITH] 774,000/8,525,257 baris tertulis
18:11:03 |   [TAGGED_WITH] 776,000/8,525,257 baris tertulis
18:11:03 |   [TAGGED_WITH] 778,000/8,525,257 baris tertulis
18:11:03 |   [TAGGED_WITH] 780,000/8,525,257 baris tertulis
18:11:03 |   [TAGGED_WITH] 782,000/8,525,257 baris tertulis
18:11:03 |   [TAGGED_WITH] 784,000/8,525,257 baris tertulis
18:11:03 |   [TAGGED_WITH] 786,000/8,525,257 baris tertulis
18:11:03 |   [TAGGED_WITH] 788,000/8,525,257 baris tertulis
18:11:03 |   [TAGGED_WITH] 790,000/8,525,257 baris tertulis
18:11:03 |   [TAGGED_WITH] 792,000/8,525,257 baris tertulis
18:11:03 |   [TAGGED_WITH] 794,000/8,525,257 baris tertulis
18:11:04 |   [TAGGED_WITH] 796,000/8,525,257 baris tertulis
18:11:04 |   [TAGGED_WITH] 798,000/8,525,257 baris tertulis
18:11:04 |   [TAGGED_WITH] 800,000/8,525,257 baris tertulis
18:11:04 |   [TAGGED_WITH] 802,000/8,525,257 baris tertulis
18:11:04 |   [TAGGED_WITH] 804,000/8,525,257 baris tertulis
18:11:04 |   [TAGGED_WITH] 806,000/8,525,257 baris tertulis
18:11:04 |   [TAGGED_WITH] 808,000/8,525,257 baris tertulis
18:11:04 |   [TAGGED_WITH] 810,000/8,525,257 baris tertulis
18:11:04 |   [TAGGED_WITH] 812,000/8,525,257 baris tertulis
18:11:04 |   [TAGGED_WITH] 814,000/8,525,257 baris tertulis
18:11:05 |   [TAGGED_WITH] 816,000/8,525,257 baris tertulis
18:11:05 |   [TAGGED_WITH] 818,000/8,525,257 baris tertulis
18:11:05 |   [TAGGED_WITH] 820,000/8,525,257 baris tertulis
18:11:05 |   [TAGGED_WITH] 822,000/8,525,257 baris tertulis
18:11:05 |   [TAGGED_WITH] 824,000/8,525,257 baris tertulis
18:11:05 |   [TAGGED_WITH] 826,000/8,525,257 baris tertulis
18:11:05 |   [TAGGED_WITH] 828,000/8,525,257 baris tertulis
18:11:05 |   [TAGGED_WITH] 830,000/8,525,257 baris tertulis
18:11:05 |   [TAGGED_WITH] 832,000/8,525,257 baris tertulis
18:11:05 |   [TAGGED_WITH] 834,000/8,525,257 baris tertulis
18:11:06 |   [TAGGED_WITH] 836,000/8,525,257 baris tertulis
18:11:06 |   [TAGGED_WITH] 838,000/8,525,257 baris tertulis
18:11:06 |   [TAGGED_WITH] 840,000/8,525,257 baris tertulis
18:11:06 |   [TAGGED_WITH] 842,000/8,525,257 baris tertulis
18:11:06 |   [TAGGED_WITH] 844,000/8,525,257 baris tertulis
18:11:06 |   [TAGGED_WITH] 846,000/8,525,257 baris tertulis
18:11:06 |   [TAGGED_WITH] 848,000/8,525,257 baris tertulis
18:11:06 |   [TAGGED_WITH] 850,000/8,525,257 baris tertulis
18:11:06 |   [TAGGED_WITH] 852,000/8,525,257 baris tertulis
18:11:06 |   [TAGGED_WITH] 854,000/8,525,257 baris tertulis
18:11:06 |   [TAGGED_WITH] 856,000/8,525,257 baris tertulis
18:11:07 |   [TAGGED_WITH] 858,000/8,525,257 baris tertulis
18:11:07 |   [TAGGED_WITH] 860,000/8,525,257 baris tertulis
18:11:07 |   [TAGGED_WITH] 862,000/8,525,257 baris tertulis
18:11:07 |   [TAGGED_WITH] 864,000/8,525,257 baris tertulis
18:11:07 |   [TAGGED_WITH] 866,000/8,525,257 baris tertulis
18:11:07 |   [TAGGED_WITH] 868,000/8,525,257 baris tertulis
18:11:07 |   [TAGGED_WITH] 870,000/8,525,257 baris tertulis
18:11:07 |   [TAGGED_WITH] 872,000/8,525,257 baris tertulis
18:11:07 |   [TAGGED_WITH] 874,000/8,525,257 baris tertulis
18:11:07 |   [TAGGED_WITH] 876,000/8,525,257 baris tertulis
18:11:07 |   [TAGGED_WITH] 878,000/8,525,257 baris tertulis
18:11:08 |   [TAGGED_WITH] 880,000/8,525,257 baris tertulis
18:11:08 |   [TAGGED_WITH] 882,000/8,525,257 baris tertulis
18:11:08 |   [TAGGED_WITH] 884,000/8,525,257 baris tertulis
18:11:08 |   [TAGGED_WITH] 886,000/8,525,257 baris tertulis
18:11:08 |   [TAGGED_WITH] 888,000/8,525,257 baris tertulis
18:11:08 |   [TAGGED_WITH] 890,000/8,525,257 baris tertulis
18:11:08 |   [TAGGED_WITH] 892,000/8,525,257 baris tertulis
18:11:08 |   [TAGGED_WITH] 894,000/8,525,257 baris tertulis
18:11:08 |   [TAGGED_WITH] 896,000/8,525,257 baris tertulis
18:11:08 |   [TAGGED_WITH] 898,000/8,525,257 baris tertulis
18:11:09 |   [TAGGED_WITH] 900,000/8,525,257 baris tertulis
18:11:09 |   [TAGGED_WITH] 902,000/8,525,257 baris tertulis
18:11:09 |   [TAGGED_WITH] 904,000/8,525,257 baris tertulis
18:11:09 |   [TAGGED_WITH] 906,000/8,525,257 baris tertulis
18:11:09 |   [TAGGED_WITH] 908,000/8,525,257 baris tertulis
18:11:09 |   [TAGGED_WITH] 910,000/8,525,257 baris tertulis
18:11:09 |   [TAGGED_WITH] 912,000/8,525,257 baris tertulis
18:11:09 |   [TAGGED_WITH] 914,000/8,525,257 baris tertulis
18:11:09 |   [TAGGED_WITH] 916,000/8,525,257 baris tertulis
18:11:09 |   [TAGGED_WITH] 918,000/8,525,257 baris tertulis
18:11:09 |   [TAGGED_WITH] 920,000/8,525,257 baris tertulis
18:11:10 |   [TAGGED_WITH] 922,000/8,525,257 baris tertulis
18:11:10 |   [TAGGED_WITH] 924,000/8,525,257 baris tertulis
18:11:10 |   [TAGGED_WITH] 926,000/8,525,257 baris tertulis
18:11:10 |   [TAGGED_WITH] 928,000/8,525,257 baris tertulis
18:11:10 |   [TAGGED_WITH] 930,000/8,525,257 baris tertulis
18:11:10 |   [TAGGED_WITH] 932,000/8,525,257 baris tertulis
18:11:10 |   [TAGGED_WITH] 934,000/8,525,257 baris tertulis
18:11:10 |   [TAGGED_WITH] 936,000/8,525,257 baris tertulis
18:11:10 |   [TAGGED_WITH] 938,000/8,525,257 baris tertulis
18:11:10 |   [TAGGED_WITH] 940,000/8,525,257 baris tertulis
18:11:10 |   [TAGGED_WITH] 942,000/8,525,257 baris tertulis
18:11:11 |   [TAGGED_WITH] 944,000/8,525,257 baris tertulis
18:11:11 |   [TAGGED_WITH] 946,000/8,525,257 baris tertulis
18:11:11 |   [TAGGED_WITH] 948,000/8,525,257 baris tertulis
18:11:11 |   [TAGGED_WITH] 950,000/8,525,257 baris tertulis
18:11:11 |   [TAGGED_WITH] 952,000/8,525,257 baris tertulis
18:11:11 |   [TAGGED_WITH] 954,000/8,525,257 baris tertulis
18:11:11 |   [TAGGED_WITH] 956,000/8,525,257 baris tertulis
18:11:11 |   [TAGGED_WITH] 958,000/8,525,257 baris tertulis
18:11:11 |   [TAGGED_WITH] 960,000/8,525,257 baris tertulis
18:11:11 |   [TAGGED_WITH] 962,000/8,525,257 baris tertulis
18:11:11 |   [TAGGED_WITH] 964,000/8,525,257 baris tertulis
18:11:12 |   [TAGGED_WITH] 966,000/8,525,257 baris tertulis
18:11:12 |   [TAGGED_WITH] 968,000/8,525,257 baris tertulis
18:11:12 |   [TAGGED_WITH] 970,000/8,525,257 baris tertulis
18:11:12 |   [TAGGED_WITH] 972,000/8,525,257 baris tertulis
18:11:12 |   [TAGGED_WITH] 974,000/8,525,257 baris tertulis
18:11:12 |   [TAGGED_WITH] 976,000/8,525,257 baris tertulis
18:11:12 |   [TAGGED_WITH] 978,000/8,525,257 baris tertulis
18:11:12 |   [TAGGED_WITH] 980,000/8,525,257 baris tertulis
18:11:12 |   [TAGGED_WITH] 982,000/8,525,257 baris tertulis
18:11:12 |   [TAGGED_WITH] 984,000/8,525,257 baris tertulis
18:11:12 |   [TAGGED_WITH] 986,000/8,525,257 baris tertulis
18:11:13 |   [TAGGED_WITH] 988,000/8,525,257 baris tertulis
18:11:13 |   [TAGGED_WITH] 990,000/8,525,257 baris tertulis
18:11:13 |   [TAGGED_WITH] 992,000/8,525,257 baris tertulis
18:11:13 |   [TAGGED_WITH] 994,000/8,525,257 baris tertulis
18:11:13 |   [TAGGED_WITH] 996,000/8,525,257 baris tertulis
18:11:13 |   [TAGGED_WITH] 998,000/8,525,257 baris tertulis
18:11:13 |   [TAGGED_WITH] 1,000,000/8,525,257 baris tertulis
18:11:13 |   [TAGGED_WITH] 1,002,000/8,525,257 baris tertulis
18:11:13 |   [TAGGED_WITH] 1,004,000/8,525,257 baris tertulis
18:11:14 |   [TAGGED_WITH] 1,006,000/8,525,257 baris tertulis
18:11:14 |   [TAGGED_WITH] 1,008,000/8,525,257 baris tertulis
18:11:14 |   [TAGGED_WITH] 1,010,000/8,525,257 baris tertulis
18:11:14 |   [TAGGED_WITH] 1,012,000/8,525,257 baris tertulis
18:11:14 |   [TAGGED_WITH] 1,014,000/8,525,257 baris tertulis
18:11:14 |   [TAGGED_WITH] 1,016,000/8,525,257 baris tertulis
18:11:14 |   [TAGGED_WITH] 1,018,000/8,525,257 baris tertulis
18:11:14 |   [TAGGED_WITH] 1,020,000/8,525,257 baris tertulis
18:11:14 |   [TAGGED_WITH] 1,022,000/8,525,257 baris tertulis
18:11:14 |   [TAGGED_WITH] 1,024,000/8,525,257 baris tertulis
18:11:15 |   [TAGGED_WITH] 1,026,000/8,525,257 baris tertulis
18:11:15 |   [TAGGED_WITH] 1,028,000/8,525,257 baris tertulis
18:11:15 |   [TAGGED_WITH] 1,030,000/8,525,257 baris tertulis
18:11:15 |   [TAGGED_WITH] 1,032,000/8,525,257 baris tertulis
18:11:15 |   [TAGGED_WITH] 1,034,000/8,525,257 baris tertulis
18:11:15 |   [TAGGED_WITH] 1,036,000/8,525,257 baris tertulis
18:11:15 |   [TAGGED_WITH] 1,038,000/8,525,257 baris tertulis
18:11:15 |   [TAGGED_WITH] 1,040,000/8,525,257 baris tertulis
18:11:15 |   [TAGGED_WITH] 1,042,000/8,525,257 baris tertulis
18:11:15 |   [TAGGED_WITH] 1,044,000/8,525,257 baris tertulis
18:11:15 |   [TAGGED_WITH] 1,046,000/8,525,257 baris tertulis
18:11:16 |   [TAGGED_WITH] 1,048,000/8,525,257 baris tertulis
18:11:16 |   [TAGGED_WITH] 1,050,000/8,525,257 baris tertulis
18:11:16 |   [TAGGED_WITH] 1,052,000/8,525,257 baris tertulis
18:11:16 |   [TAGGED_WITH] 1,054,000/8,525,257 baris tertulis
18:11:16 |   [TAGGED_WITH] 1,056,000/8,525,257 baris tertulis
18:11:16 |   [TAGGED_WITH] 1,058,000/8,525,257 baris tertulis
18:11:16 |   [TAGGED_WITH] 1,060,000/8,525,257 baris tertulis
18:11:16 |   [TAGGED_WITH] 1,062,000/8,525,257 baris tertulis
18:11:16 |   [TAGGED_WITH] 1,064,000/8,525,257 baris tertulis
18:11:16 |   [TAGGED_WITH] 1,066,000/8,525,257 baris tertulis
18:11:16 |   [TAGGED_WITH] 1,068,000/8,525,257 baris tertulis
18:11:17 |   [TAGGED_WITH] 1,070,000/8,525,257 baris tertulis
18:11:17 |   [TAGGED_WITH] 1,072,000/8,525,257 baris tertulis
18:11:17 |   [TAGGED_WITH] 1,074,000/8,525,257 baris tertulis
18:11:17 |   [TAGGED_WITH] 1,076,000/8,525,257 baris tertulis
18:11:17 |   [TAGGED_WITH] 1,078,000/8,525,257 baris tertulis
18:11:17 |   [TAGGED_WITH] 1,080,000/8,525,257 baris tertulis
18:11:17 |   [TAGGED_WITH] 1,082,000/8,525,257 baris tertulis
18:11:17 |   [TAGGED_WITH] 1,084,000/8,525,257 baris tertulis
18:11:17 |   [TAGGED_WITH] 1,086,000/8,525,257 baris tertulis
18:11:17 |   [TAGGED_WITH] 1,088,000/8,525,257 baris tertulis
18:11:17 |   [TAGGED_WITH] 1,090,000/8,525,257 baris tertulis
18:11:18 |   [TAGGED_WITH] 1,092,000/8,525,257 baris tertulis
18:11:18 |   [TAGGED_WITH] 1,094,000/8,525,257 baris tertulis
18:11:18 |   [TAGGED_WITH] 1,096,000/8,525,257 baris tertulis
18:11:18 |   [TAGGED_WITH] 1,098,000/8,525,257 baris tertulis
18:11:18 |   [TAGGED_WITH] 1,100,000/8,525,257 baris tertulis
18:11:18 |   [TAGGED_WITH] 1,102,000/8,525,257 baris tertulis
18:11:18 |   [TAGGED_WITH] 1,104,000/8,525,257 baris tertulis
18:11:18 |   [TAGGED_WITH] 1,106,000/8,525,257 baris tertulis
18:11:18 |   [TAGGED_WITH] 1,108,000/8,525,257 baris tertulis
18:11:18 |   [TAGGED_WITH] 1,110,000/8,525,257 baris tertulis
18:11:19 |   [TAGGED_WITH] 1,112,000/8,525,257 baris tertulis
18:11:19 |   [TAGGED_WITH] 1,114,000/8,525,257 baris tertulis
18:11:19 |   [TAGGED_WITH] 1,116,000/8,525,257 baris tertulis
18:11:19 |   [TAGGED_WITH] 1,118,000/8,525,257 baris tertulis
18:11:19 |   [TAGGED_WITH] 1,120,000/8,525,257 baris tertulis
18:11:19 |   [TAGGED_WITH] 1,122,000/8,525,257 baris tertulis
18:11:19 |   [TAGGED_WITH] 1,124,000/8,525,257 baris tertulis
18:11:19 |   [TAGGED_WITH] 1,126,000/8,525,257 baris tertulis
18:11:19 |   [TAGGED_WITH] 1,128,000/8,525,257 baris tertulis
18:11:19 |   [TAGGED_WITH] 1,130,000/8,525,257 baris tertulis
18:11:19 |   [TAGGED_WITH] 1,132,000/8,525,257 baris tertulis
18:11:20 |   [TAGGED_WITH] 1,134,000/8,525,257 baris tertulis
18:11:20 |   [TAGGED_WITH] 1,136,000/8,525,257 baris tertulis
18:11:20 |   [TAGGED_WITH] 1,138,000/8,525,257 baris tertulis
18:11:20 |   [TAGGED_WITH] 1,140,000/8,525,257 baris tertulis
18:11:20 |   [TAGGED_WITH] 1,142,000/8,525,257 baris tertulis
18:11:20 |   [TAGGED_WITH] 1,144,000/8,525,257 baris tertulis
18:11:20 |   [TAGGED_WITH] 1,146,000/8,525,257 baris tertulis
18:11:20 |   [TAGGED_WITH] 1,148,000/8,525,257 baris tertulis
18:11:20 |   [TAGGED_WITH] 1,150,000/8,525,257 baris tertulis
18:11:20 |   [TAGGED_WITH] 1,152,000/8,525,257 baris tertulis
18:11:21 |   [TAGGED_WITH] 1,154,000/8,525,257 baris tertulis
18:11:21 |   [TAGGED_WITH] 1,156,000/8,525,257 baris tertulis
18:11:21 |   [TAGGED_WITH] 1,158,000/8,525,257 baris tertulis
18:11:21 |   [TAGGED_WITH] 1,160,000/8,525,257 baris tertulis
18:11:21 |   [TAGGED_WITH] 1,162,000/8,525,257 baris tertulis
18:11:21 |   [TAGGED_WITH] 1,164,000/8,525,257 baris tertulis
18:11:21 |   [TAGGED_WITH] 1,166,000/8,525,257 baris tertulis
18:11:21 |   [TAGGED_WITH] 1,168,000/8,525,257 baris tertulis
18:11:21 |   [TAGGED_WITH] 1,170,000/8,525,257 baris tertulis
18:11:21 |   [TAGGED_WITH] 1,172,000/8,525,257 baris tertulis
18:11:21 |   [TAGGED_WITH] 1,174,000/8,525,257 baris tertulis
18:11:22 |   [TAGGED_WITH] 1,176,000/8,525,257 baris tertulis
18:11:22 |   [TAGGED_WITH] 1,178,000/8,525,257 baris tertulis
18:11:22 |   [TAGGED_WITH] 1,180,000/8,525,257 baris tertulis
18:11:22 |   [TAGGED_WITH] 1,182,000/8,525,257 baris tertulis
18:11:22 |   [TAGGED_WITH] 1,184,000/8,525,257 baris tertulis
18:11:22 |   [TAGGED_WITH] 1,186,000/8,525,257 baris tertulis
18:11:22 |   [TAGGED_WITH] 1,188,000/8,525,257 baris tertulis
18:11:22 |   [TAGGED_WITH] 1,190,000/8,525,257 baris tertulis
18:11:22 |   [TAGGED_WITH] 1,192,000/8,525,257 baris tertulis
18:11:22 |   [TAGGED_WITH] 1,194,000/8,525,257 baris tertulis
18:11:22 |   [TAGGED_WITH] 1,196,000/8,525,257 baris tertulis
18:11:23 |   [TAGGED_WITH] 1,198,000/8,525,257 baris tertulis
18:11:23 |   [TAGGED_WITH] 1,200,000/8,525,257 baris tertulis
18:11:23 |   [TAGGED_WITH] 1,202,000/8,525,257 baris tertulis
18:11:23 |   [TAGGED_WITH] 1,204,000/8,525,257 baris tertulis
18:11:23 |   [TAGGED_WITH] 1,206,000/8,525,257 baris tertulis
18:11:23 |   [TAGGED_WITH] 1,208,000/8,525,257 baris tertulis
18:11:23 |   [TAGGED_WITH] 1,210,000/8,525,257 baris tertulis
18:11:23 |   [TAGGED_WITH] 1,212,000/8,525,257 baris tertulis
18:11:23 |   [TAGGED_WITH] 1,214,000/8,525,257 baris tertulis
18:11:23 |   [TAGGED_WITH] 1,216,000/8,525,257 baris tertulis
18:11:24 |   [TAGGED_WITH] 1,218,000/8,525,257 baris tertulis
18:11:24 |   [TAGGED_WITH] 1,220,000/8,525,257 baris tertulis
18:11:24 |   [TAGGED_WITH] 1,222,000/8,525,257 baris tertulis
18:11:24 |   [TAGGED_WITH] 1,224,000/8,525,257 baris tertulis
18:11:24 |   [TAGGED_WITH] 1,226,000/8,525,257 baris tertulis
18:11:24 |   [TAGGED_WITH] 1,228,000/8,525,257 baris tertulis
18:11:24 |   [TAGGED_WITH] 1,230,000/8,525,257 baris tertulis
18:11:24 |   [TAGGED_WITH] 1,232,000/8,525,257 baris tertulis
18:11:24 |   [TAGGED_WITH] 1,234,000/8,525,257 baris tertulis
18:11:24 |   [TAGGED_WITH] 1,236,000/8,525,257 baris tertulis
18:11:25 |   [TAGGED_WITH] 1,238,000/8,525,257 baris tertulis
18:11:25 |   [TAGGED_WITH] 1,240,000/8,525,257 baris tertulis
18:11:25 |   [TAGGED_WITH] 1,242,000/8,525,257 baris tertulis
18:11:25 |   [TAGGED_WITH] 1,244,000/8,525,257 baris tertulis
18:11:25 |   [TAGGED_WITH] 1,246,000/8,525,257 baris tertulis
18:11:25 |   [TAGGED_WITH] 1,248,000/8,525,257 baris tertulis
18:11:25 |   [TAGGED_WITH] 1,250,000/8,525,257 baris tertulis
18:11:25 |   [TAGGED_WITH] 1,252,000/8,525,257 baris tertulis
18:11:25 |   [TAGGED_WITH] 1,254,000/8,525,257 baris tertulis
18:11:26 |   [TAGGED_WITH] 1,256,000/8,525,257 baris tertulis
18:11:26 |   [TAGGED_WITH] 1,258,000/8,525,257 baris tertulis
18:11:26 |   [TAGGED_WITH] 1,260,000/8,525,257 baris tertulis
18:11:26 |   [TAGGED_WITH] 1,262,000/8,525,257 baris tertulis
18:11:26 |   [TAGGED_WITH] 1,264,000/8,525,257 baris tertulis
18:11:26 |   [TAGGED_WITH] 1,266,000/8,525,257 baris tertulis
18:11:26 |   [TAGGED_WITH] 1,268,000/8,525,257 baris tertulis
18:11:26 |   [TAGGED_WITH] 1,270,000/8,525,257 baris tertulis
18:11:26 |   [TAGGED_WITH] 1,272,000/8,525,257 baris tertulis
18:11:26 |   [TAGGED_WITH] 1,274,000/8,525,257 baris tertulis
18:11:27 |   [TAGGED_WITH] 1,276,000/8,525,257 baris tertulis
18:11:27 |   [TAGGED_WITH] 1,278,000/8,525,257 baris tertulis
18:11:27 |   [TAGGED_WITH] 1,280,000/8,525,257 baris tertulis
18:11:27 |   [TAGGED_WITH] 1,282,000/8,525,257 baris tertulis
18:11:27 |   [TAGGED_WITH] 1,284,000/8,525,257 baris tertulis
18:11:27 |   [TAGGED_WITH] 1,286,000/8,525,257 baris tertulis
18:11:27 |   [TAGGED_WITH] 1,288,000/8,525,257 baris tertulis
18:11:27 |   [TAGGED_WITH] 1,290,000/8,525,257 baris tertulis
18:11:27 |   [TAGGED_WITH] 1,292,000/8,525,257 baris tertulis
18:11:27 |   [TAGGED_WITH] 1,294,000/8,525,257 baris tertulis
18:11:27 |   [TAGGED_WITH] 1,296,000/8,525,257 baris tertulis
18:11:28 |   [TAGGED_WITH] 1,298,000/8,525,257 baris tertulis
18:11:28 |   [TAGGED_WITH] 1,300,000/8,525,257 baris tertulis
18:11:28 |   [TAGGED_WITH] 1,302,000/8,525,257 baris tertulis
18:11:28 |   [TAGGED_WITH] 1,304,000/8,525,257 baris tertulis
18:11:28 |   [TAGGED_WITH] 1,306,000/8,525,257 baris tertulis
18:11:28 |   [TAGGED_WITH] 1,308,000/8,525,257 baris tertulis
18:11:28 |   [TAGGED_WITH] 1,310,000/8,525,257 baris tertulis
18:11:28 |   [TAGGED_WITH] 1,312,000/8,525,257 baris tertulis
18:11:28 |   [TAGGED_WITH] 1,314,000/8,525,257 baris tertulis
18:11:28 |   [TAGGED_WITH] 1,316,000/8,525,257 baris tertulis
18:11:29 |   [TAGGED_WITH] 1,318,000/8,525,257 baris tertulis
18:11:29 |   [TAGGED_WITH] 1,320,000/8,525,257 baris tertulis
18:11:29 |   [TAGGED_WITH] 1,322,000/8,525,257 baris tertulis
18:11:29 |   [TAGGED_WITH] 1,324,000/8,525,257 baris tertulis
18:11:29 |   [TAGGED_WITH] 1,326,000/8,525,257 baris tertulis
18:11:29 |   [TAGGED_WITH] 1,328,000/8,525,257 baris tertulis
18:11:29 |   [TAGGED_WITH] 1,330,000/8,525,257 baris tertulis
18:11:29 |   [TAGGED_WITH] 1,332,000/8,525,257 baris tertulis
18:11:29 |   [TAGGED_WITH] 1,334,000/8,525,257 baris tertulis
18:11:29 |   [TAGGED_WITH] 1,336,000/8,525,257 baris tertulis
18:11:29 |   [TAGGED_WITH] 1,338,000/8,525,257 baris tertulis
18:11:30 |   [TAGGED_WITH] 1,340,000/8,525,257 baris tertulis
18:11:30 |   [TAGGED_WITH] 1,342,000/8,525,257 baris tertulis
18:11:30 |   [TAGGED_WITH] 1,344,000/8,525,257 baris tertulis
18:11:30 |   [TAGGED_WITH] 1,346,000/8,525,257 baris tertulis
18:11:30 |   [TAGGED_WITH] 1,348,000/8,525,257 baris tertulis
18:11:30 |   [TAGGED_WITH] 1,350,000/8,525,257 baris tertulis
18:11:30 |   [TAGGED_WITH] 1,352,000/8,525,257 baris tertulis
18:11:30 |   [TAGGED_WITH] 1,354,000/8,525,257 baris tertulis
18:11:30 |   [TAGGED_WITH] 1,356,000/8,525,257 baris tertulis
18:11:30 |   [TAGGED_WITH] 1,358,000/8,525,257 baris tertulis
18:11:31 |   [TAGGED_WITH] 1,360,000/8,525,257 baris tertulis
18:11:31 |   [TAGGED_WITH] 1,362,000/8,525,257 baris tertulis
18:11:31 |   [TAGGED_WITH] 1,364,000/8,525,257 baris tertulis
18:11:31 |   [TAGGED_WITH] 1,366,000/8,525,257 baris tertulis
18:11:31 |   [TAGGED_WITH] 1,368,000/8,525,257 baris tertulis
18:11:31 |   [TAGGED_WITH] 1,370,000/8,525,257 baris tertulis
18:11:31 |   [TAGGED_WITH] 1,372,000/8,525,257 baris tertulis
18:11:31 |   [TAGGED_WITH] 1,374,000/8,525,257 baris tertulis
18:11:31 |   [TAGGED_WITH] 1,376,000/8,525,257 baris tertulis
18:11:32 |   [TAGGED_WITH] 1,378,000/8,525,257 baris tertulis
18:11:32 |   [TAGGED_WITH] 1,380,000/8,525,257 baris tertulis
18:11:32 |   [TAGGED_WITH] 1,382,000/8,525,257 baris tertulis
18:11:32 |   [TAGGED_WITH] 1,384,000/8,525,257 baris tertulis
18:11:32 |   [TAGGED_WITH] 1,386,000/8,525,257 baris tertulis
18:11:32 |   [TAGGED_WITH] 1,388,000/8,525,257 baris tertulis
18:11:32 |   [TAGGED_WITH] 1,390,000/8,525,257 baris tertulis
18:11:32 |   [TAGGED_WITH] 1,392,000/8,525,257 baris tertulis
18:11:32 |   [TAGGED_WITH] 1,394,000/8,525,257 baris tertulis
18:11:32 |   [TAGGED_WITH] 1,396,000/8,525,257 baris tertulis
18:11:32 |   [TAGGED_WITH] 1,398,000/8,525,257 baris tertulis
18:11:33 |   [TAGGED_WITH] 1,400,000/8,525,257 baris tertulis
18:11:33 |   [TAGGED_WITH] 1,402,000/8,525,257 baris tertulis
18:11:33 |   [TAGGED_WITH] 1,404,000/8,525,257 baris tertulis
18:11:33 |   [TAGGED_WITH] 1,406,000/8,525,257 baris tertulis
18:11:33 |   [TAGGED_WITH] 1,408,000/8,525,257 baris tertulis
18:11:33 |   [TAGGED_WITH] 1,410,000/8,525,257 baris tertulis
18:11:33 |   [TAGGED_WITH] 1,412,000/8,525,257 baris tertulis
18:11:33 |   [TAGGED_WITH] 1,414,000/8,525,257 baris tertulis
18:11:33 |   [TAGGED_WITH] 1,416,000/8,525,257 baris tertulis
18:11:33 |   [TAGGED_WITH] 1,418,000/8,525,257 baris tertulis
18:11:33 |   [TAGGED_WITH] 1,420,000/8,525,257 baris tertulis
18:11:34 |   [TAGGED_WITH] 1,422,000/8,525,257 baris tertulis
18:11:34 |   [TAGGED_WITH] 1,424,000/8,525,257 baris tertulis
18:11:34 |   [TAGGED_WITH] 1,426,000/8,525,257 baris tertulis
18:11:34 |   [TAGGED_WITH] 1,428,000/8,525,257 baris tertulis
18:11:34 |   [TAGGED_WITH] 1,430,000/8,525,257 baris tertulis
18:11:34 |   [TAGGED_WITH] 1,432,000/8,525,257 baris tertulis
18:11:34 |   [TAGGED_WITH] 1,434,000/8,525,257 baris tertulis
18:11:34 |   [TAGGED_WITH] 1,436,000/8,525,257 baris tertulis
18:11:34 |   [TAGGED_WITH] 1,438,000/8,525,257 baris tertulis
18:11:34 |   [TAGGED_WITH] 1,440,000/8,525,257 baris tertulis
18:11:35 |   [TAGGED_WITH] 1,442,000/8,525,257 baris tertulis
18:11:35 |   [TAGGED_WITH] 1,444,000/8,525,257 baris tertulis
18:11:35 |   [TAGGED_WITH] 1,446,000/8,525,257 baris tertulis
18:11:35 |   [TAGGED_WITH] 1,448,000/8,525,257 baris tertulis
18:11:35 |   [TAGGED_WITH] 1,450,000/8,525,257 baris tertulis
18:11:35 |   [TAGGED_WITH] 1,452,000/8,525,257 baris tertulis
18:11:35 |   [TAGGED_WITH] 1,454,000/8,525,257 baris tertulis
18:11:35 |   [TAGGED_WITH] 1,456,000/8,525,257 baris tertulis
18:11:35 |   [TAGGED_WITH] 1,458,000/8,525,257 baris tertulis
18:11:35 |   [TAGGED_WITH] 1,460,000/8,525,257 baris tertulis
18:11:35 |   [TAGGED_WITH] 1,462,000/8,525,257 baris tertulis
18:11:36 |   [TAGGED_WITH] 1,464,000/8,525,257 baris tertulis
18:11:36 |   [TAGGED_WITH] 1,466,000/8,525,257 baris tertulis
18:11:36 |   [TAGGED_WITH] 1,468,000/8,525,257 baris tertulis
18:11:36 |   [TAGGED_WITH] 1,470,000/8,525,257 baris tertulis
18:11:36 |   [TAGGED_WITH] 1,472,000/8,525,257 baris tertulis
18:11:36 |   [TAGGED_WITH] 1,474,000/8,525,257 baris tertulis
18:11:36 |   [TAGGED_WITH] 1,476,000/8,525,257 baris tertulis
18:11:36 |   [TAGGED_WITH] 1,478,000/8,525,257 baris tertulis
18:11:36 |   [TAGGED_WITH] 1,480,000/8,525,257 baris tertulis
18:11:36 |   [TAGGED_WITH] 1,482,000/8,525,257 baris tertulis
18:11:37 |   [TAGGED_WITH] 1,484,000/8,525,257 baris tertulis
18:11:37 |   [TAGGED_WITH] 1,486,000/8,525,257 baris tertulis
18:11:37 |   [TAGGED_WITH] 1,488,000/8,525,257 baris tertulis
18:11:37 |   [TAGGED_WITH] 1,490,000/8,525,257 baris tertulis
18:11:37 |   [TAGGED_WITH] 1,492,000/8,525,257 baris tertulis
18:11:37 |   [TAGGED_WITH] 1,494,000/8,525,257 baris tertulis
18:11:37 |   [TAGGED_WITH] 1,496,000/8,525,257 baris tertulis
18:11:37 |   [TAGGED_WITH] 1,498,000/8,525,257 baris tertulis
18:11:37 |   [TAGGED_WITH] 1,500,000/8,525,257 baris tertulis
18:11:37 |   [TAGGED_WITH] 1,502,000/8,525,257 baris tertulis
18:11:37 |   [TAGGED_WITH] 1,504,000/8,525,257 baris tertulis
18:11:38 |   [TAGGED_WITH] 1,506,000/8,525,257 baris tertulis
18:11:38 |   [TAGGED_WITH] 1,508,000/8,525,257 baris tertulis
18:11:38 |   [TAGGED_WITH] 1,510,000/8,525,257 baris tertulis
18:11:38 |   [TAGGED_WITH] 1,512,000/8,525,257 baris tertulis
18:11:38 |   [TAGGED_WITH] 1,514,000/8,525,257 baris tertulis
18:11:38 |   [TAGGED_WITH] 1,516,000/8,525,257 baris tertulis
18:11:38 |   [TAGGED_WITH] 1,518,000/8,525,257 baris tertulis
18:11:38 |   [TAGGED_WITH] 1,520,000/8,525,257 baris tertulis
18:11:38 |   [TAGGED_WITH] 1,522,000/8,525,257 baris tertulis
18:11:38 |   [TAGGED_WITH] 1,524,000/8,525,257 baris tertulis
18:11:38 |   [TAGGED_WITH] 1,526,000/8,525,257 baris tertulis
18:11:39 |   [TAGGED_WITH] 1,528,000/8,525,257 baris tertulis
18:11:39 |   [TAGGED_WITH] 1,530,000/8,525,257 baris tertulis
18:11:39 |   [TAGGED_WITH] 1,532,000/8,525,257 baris tertulis
18:11:39 |   [TAGGED_WITH] 1,534,000/8,525,257 baris tertulis
18:11:39 |   [TAGGED_WITH] 1,536,000/8,525,257 baris tertulis
18:11:39 |   [TAGGED_WITH] 1,538,000/8,525,257 baris tertulis
18:11:39 |   [TAGGED_WITH] 1,540,000/8,525,257 baris tertulis
18:11:39 |   [TAGGED_WITH] 1,542,000/8,525,257 baris tertulis
18:11:39 |   [TAGGED_WITH] 1,544,000/8,525,257 baris tertulis
18:11:39 |   [TAGGED_WITH] 1,546,000/8,525,257 baris tertulis
18:11:39 |   [TAGGED_WITH] 1,548,000/8,525,257 baris tertulis
18:11:40 |   [TAGGED_WITH] 1,550,000/8,525,257 baris tertulis
18:11:40 |   [TAGGED_WITH] 1,552,000/8,525,257 baris tertulis
18:11:40 |   [TAGGED_WITH] 1,554,000/8,525,257 baris tertulis
18:11:40 |   [TAGGED_WITH] 1,556,000/8,525,257 baris tertulis
18:11:40 |   [TAGGED_WITH] 1,558,000/8,525,257 baris tertulis
18:11:40 |   [TAGGED_WITH] 1,560,000/8,525,257 baris tertulis
18:11:40 |   [TAGGED_WITH] 1,562,000/8,525,257 baris tertulis
18:11:40 |   [TAGGED_WITH] 1,564,000/8,525,257 baris tertulis
18:11:40 |   [TAGGED_WITH] 1,566,000/8,525,257 baris tertulis
18:11:40 |   [TAGGED_WITH] 1,568,000/8,525,257 baris tertulis
18:11:40 |   [TAGGED_WITH] 1,570,000/8,525,257 baris tertulis
18:11:41 |   [TAGGED_WITH] 1,572,000/8,525,257 baris tertulis
18:11:41 |   [TAGGED_WITH] 1,574,000/8,525,257 baris tertulis
18:11:41 |   [TAGGED_WITH] 1,576,000/8,525,257 baris tertulis
18:11:41 |   [TAGGED_WITH] 1,578,000/8,525,257 baris tertulis
18:11:41 |   [TAGGED_WITH] 1,580,000/8,525,257 baris tertulis
18:11:41 |   [TAGGED_WITH] 1,582,000/8,525,257 baris tertulis
18:11:41 |   [TAGGED_WITH] 1,584,000/8,525,257 baris tertulis
18:11:41 |   [TAGGED_WITH] 1,586,000/8,525,257 baris tertulis
18:11:41 |   [TAGGED_WITH] 1,588,000/8,525,257 baris tertulis
18:11:41 |   [TAGGED_WITH] 1,590,000/8,525,257 baris tertulis
18:11:41 |   [TAGGED_WITH] 1,592,000/8,525,257 baris tertulis
18:11:42 |   [TAGGED_WITH] 1,594,000/8,525,257 baris tertulis
18:11:42 |   [TAGGED_WITH] 1,596,000/8,525,257 baris tertulis
18:11:42 |   [TAGGED_WITH] 1,598,000/8,525,257 baris tertulis
18:11:42 |   [TAGGED_WITH] 1,600,000/8,525,257 baris tertulis
18:11:42 |   [TAGGED_WITH] 1,602,000/8,525,257 baris tertulis
18:11:42 |   [TAGGED_WITH] 1,604,000/8,525,257 baris tertulis
18:11:42 |   [TAGGED_WITH] 1,606,000/8,525,257 baris tertulis
18:11:42 |   [TAGGED_WITH] 1,608,000/8,525,257 baris tertulis
18:11:42 |   [TAGGED_WITH] 1,610,000/8,525,257 baris tertulis
18:11:42 |   [TAGGED_WITH] 1,612,000/8,525,257 baris tertulis
18:11:42 |   [TAGGED_WITH] 1,614,000/8,525,257 baris tertulis
18:11:43 |   [TAGGED_WITH] 1,616,000/8,525,257 baris tertulis
18:11:43 |   [TAGGED_WITH] 1,618,000/8,525,257 baris tertulis
18:11:43 |   [TAGGED_WITH] 1,620,000/8,525,257 baris tertulis
18:11:43 |   [TAGGED_WITH] 1,622,000/8,525,257 baris tertulis
18:11:43 |   [TAGGED_WITH] 1,624,000/8,525,257 baris tertulis
18:11:43 |   [TAGGED_WITH] 1,626,000/8,525,257 baris tertulis
18:11:43 |   [TAGGED_WITH] 1,628,000/8,525,257 baris tertulis
18:11:43 |   [TAGGED_WITH] 1,630,000/8,525,257 baris tertulis
18:11:43 |   [TAGGED_WITH] 1,632,000/8,525,257 baris tertulis
18:11:43 |   [TAGGED_WITH] 1,634,000/8,525,257 baris tertulis
18:11:43 |   [TAGGED_WITH] 1,636,000/8,525,257 baris tertulis
18:11:44 |   [TAGGED_WITH] 1,638,000/8,525,257 baris tertulis
18:11:44 |   [TAGGED_WITH] 1,640,000/8,525,257 baris tertulis
18:11:44 |   [TAGGED_WITH] 1,642,000/8,525,257 baris tertulis
18:11:44 |   [TAGGED_WITH] 1,644,000/8,525,257 baris tertulis
18:11:44 |   [TAGGED_WITH] 1,646,000/8,525,257 baris tertulis
18:11:44 |   [TAGGED_WITH] 1,648,000/8,525,257 baris tertulis
18:11:44 |   [TAGGED_WITH] 1,650,000/8,525,257 baris tertulis
18:11:44 |   [TAGGED_WITH] 1,652,000/8,525,257 baris tertulis
18:11:44 |   [TAGGED_WITH] 1,654,000/8,525,257 baris tertulis
18:11:44 |   [TAGGED_WITH] 1,656,000/8,525,257 baris tertulis
18:11:45 |   [TAGGED_WITH] 1,658,000/8,525,257 baris tertulis
18:11:45 |   [TAGGED_WITH] 1,660,000/8,525,257 baris tertulis
18:11:45 |   [TAGGED_WITH] 1,662,000/8,525,257 baris tertulis
18:11:45 |   [TAGGED_WITH] 1,664,000/8,525,257 baris tertulis
18:11:45 |   [TAGGED_WITH] 1,666,000/8,525,257 baris tertulis
18:11:45 |   [TAGGED_WITH] 1,668,000/8,525,257 baris tertulis
18:11:45 |   [TAGGED_WITH] 1,670,000/8,525,257 baris tertulis
18:11:45 |   [TAGGED_WITH] 1,672,000/8,525,257 baris tertulis
18:11:45 |   [TAGGED_WITH] 1,674,000/8,525,257 baris tertulis
18:11:45 |   [TAGGED_WITH] 1,676,000/8,525,257 baris tertulis
18:11:45 |   [TAGGED_WITH] 1,678,000/8,525,257 baris tertulis
18:11:46 |   [TAGGED_WITH] 1,680,000/8,525,257 baris tertulis
18:11:46 |   [TAGGED_WITH] 1,682,000/8,525,257 baris tertulis
18:11:46 |   [TAGGED_WITH] 1,684,000/8,525,257 baris tertulis
18:11:46 |   [TAGGED_WITH] 1,686,000/8,525,257 baris tertulis
18:11:46 |   [TAGGED_WITH] 1,688,000/8,525,257 baris tertulis
18:11:46 |   [TAGGED_WITH] 1,690,000/8,525,257 baris tertulis
18:11:46 |   [TAGGED_WITH] 1,692,000/8,525,257 baris tertulis
18:11:46 |   [TAGGED_WITH] 1,694,000/8,525,257 baris tertulis
18:11:46 |   [TAGGED_WITH] 1,696,000/8,525,257 baris tertulis
18:11:46 |   [TAGGED_WITH] 1,698,000/8,525,257 baris tertulis
18:11:46 |   [TAGGED_WITH] 1,700,000/8,525,257 baris tertulis
18:11:47 |   [TAGGED_WITH] 1,702,000/8,525,257 baris tertulis
18:11:47 |   [TAGGED_WITH] 1,704,000/8,525,257 baris tertulis
18:11:47 |   [TAGGED_WITH] 1,706,000/8,525,257 baris tertulis
18:11:47 |   [TAGGED_WITH] 1,708,000/8,525,257 baris tertulis
18:11:47 |   [TAGGED_WITH] 1,710,000/8,525,257 baris tertulis
18:11:47 |   [TAGGED_WITH] 1,712,000/8,525,257 baris tertulis
18:11:47 |   [TAGGED_WITH] 1,714,000/8,525,257 baris tertulis
18:11:47 |   [TAGGED_WITH] 1,716,000/8,525,257 baris tertulis
18:11:47 |   [TAGGED_WITH] 1,718,000/8,525,257 baris tertulis
18:11:47 |   [TAGGED_WITH] 1,720,000/8,525,257 baris tertulis
18:11:47 |   [TAGGED_WITH] 1,722,000/8,525,257 baris tertulis
18:11:48 |   [TAGGED_WITH] 1,724,000/8,525,257 baris tertulis
18:11:48 |   [TAGGED_WITH] 1,726,000/8,525,257 baris tertulis
18:11:48 |   [TAGGED_WITH] 1,728,000/8,525,257 baris tertulis
18:11:48 |   [TAGGED_WITH] 1,730,000/8,525,257 baris tertulis
18:11:48 |   [TAGGED_WITH] 1,732,000/8,525,257 baris tertulis
18:11:48 |   [TAGGED_WITH] 1,734,000/8,525,257 baris tertulis
18:11:48 |   [TAGGED_WITH] 1,736,000/8,525,257 baris tertulis
18:11:48 |   [TAGGED_WITH] 1,738,000/8,525,257 baris tertulis
18:11:48 |   [TAGGED_WITH] 1,740,000/8,525,257 baris tertulis
18:11:48 |   [TAGGED_WITH] 1,742,000/8,525,257 baris tertulis
18:11:49 |   [TAGGED_WITH] 1,744,000/8,525,257 baris tertulis
18:11:49 |   [TAGGED_WITH] 1,746,000/8,525,257 baris tertulis
18:11:49 |   [TAGGED_WITH] 1,748,000/8,525,257 baris tertulis
18:11:49 |   [TAGGED_WITH] 1,750,000/8,525,257 baris tertulis
18:11:49 |   [TAGGED_WITH] 1,752,000/8,525,257 baris tertulis
18:11:49 |   [TAGGED_WITH] 1,754,000/8,525,257 baris tertulis
18:11:49 |   [TAGGED_WITH] 1,756,000/8,525,257 baris tertulis
18:11:49 |   [TAGGED_WITH] 1,758,000/8,525,257 baris tertulis
18:11:49 |   [TAGGED_WITH] 1,760,000/8,525,257 baris tertulis
18:11:49 |   [TAGGED_WITH] 1,762,000/8,525,257 baris tertulis
18:11:49 |   [TAGGED_WITH] 1,764,000/8,525,257 baris tertulis
18:11:50 |   [TAGGED_WITH] 1,766,000/8,525,257 baris tertulis
18:11:50 |   [TAGGED_WITH] 1,768,000/8,525,257 baris tertulis
18:11:50 |   [TAGGED_WITH] 1,770,000/8,525,257 baris tertulis
18:11:50 |   [TAGGED_WITH] 1,772,000/8,525,257 baris tertulis
18:11:50 |   [TAGGED_WITH] 1,774,000/8,525,257 baris tertulis
18:11:50 |   [TAGGED_WITH] 1,776,000/8,525,257 baris tertulis
18:11:50 |   [TAGGED_WITH] 1,778,000/8,525,257 baris tertulis
18:11:50 |   [TAGGED_WITH] 1,780,000/8,525,257 baris tertulis
18:11:50 |   [TAGGED_WITH] 1,782,000/8,525,257 baris tertulis
18:11:50 |   [TAGGED_WITH] 1,784,000/8,525,257 baris tertulis
18:11:50 |   [TAGGED_WITH] 1,786,000/8,525,257 baris tertulis
18:11:51 |   [TAGGED_WITH] 1,788,000/8,525,257 baris tertulis
18:11:51 |   [TAGGED_WITH] 1,790,000/8,525,257 baris tertulis
18:11:51 |   [TAGGED_WITH] 1,792,000/8,525,257 baris tertulis
18:11:51 |   [TAGGED_WITH] 1,794,000/8,525,257 baris tertulis
18:11:51 |   [TAGGED_WITH] 1,796,000/8,525,257 baris tertulis
18:11:51 |   [TAGGED_WITH] 1,798,000/8,525,257 baris tertulis
18:11:51 |   [TAGGED_WITH] 1,800,000/8,525,257 baris tertulis
18:11:51 |   [TAGGED_WITH] 1,802,000/8,525,257 baris tertulis
18:11:51 |   [TAGGED_WITH] 1,804,000/8,525,257 baris tertulis
18:11:51 |   [TAGGED_WITH] 1,806,000/8,525,257 baris tertulis
18:11:51 |   [TAGGED_WITH] 1,808,000/8,525,257 baris tertulis
18:11:52 |   [TAGGED_WITH] 1,810,000/8,525,257 baris tertulis
18:11:52 |   [TAGGED_WITH] 1,812,000/8,525,257 baris tertulis
18:11:52 |   [TAGGED_WITH] 1,814,000/8,525,257 baris tertulis
18:11:52 |   [TAGGED_WITH] 1,816,000/8,525,257 baris tertulis
18:11:52 |   [TAGGED_WITH] 1,818,000/8,525,257 baris tertulis
18:11:52 |   [TAGGED_WITH] 1,820,000/8,525,257 baris tertulis
18:11:52 |   [TAGGED_WITH] 1,822,000/8,525,257 baris tertulis
18:11:52 |   [TAGGED_WITH] 1,824,000/8,525,257 baris tertulis
18:11:52 |   [TAGGED_WITH] 1,826,000/8,525,257 baris tertulis
18:11:52 |   [TAGGED_WITH] 1,828,000/8,525,257 baris tertulis
18:11:52 |   [TAGGED_WITH] 1,830,000/8,525,257 baris tertulis
18:11:53 |   [TAGGED_WITH] 1,832,000/8,525,257 baris tertulis
18:11:53 |   [TAGGED_WITH] 1,834,000/8,525,257 baris tertulis
18:11:53 |   [TAGGED_WITH] 1,836,000/8,525,257 baris tertulis
18:11:53 |   [TAGGED_WITH] 1,838,000/8,525,257 baris tertulis
18:11:53 |   [TAGGED_WITH] 1,840,000/8,525,257 baris tertulis
18:11:53 |   [TAGGED_WITH] 1,842,000/8,525,257 baris tertulis
18:11:53 |   [TAGGED_WITH] 1,844,000/8,525,257 baris tertulis
18:11:53 |   [TAGGED_WITH] 1,846,000/8,525,257 baris tertulis
18:11:53 |   [TAGGED_WITH] 1,848,000/8,525,257 baris tertulis
18:11:53 |   [TAGGED_WITH] 1,850,000/8,525,257 baris tertulis
18:11:53 |   [TAGGED_WITH] 1,852,000/8,525,257 baris tertulis
18:11:54 |   [TAGGED_WITH] 1,854,000/8,525,257 baris tertulis
18:11:54 |   [TAGGED_WITH] 1,856,000/8,525,257 baris tertulis
18:11:54 |   [TAGGED_WITH] 1,858,000/8,525,257 baris tertulis
18:11:54 |   [TAGGED_WITH] 1,860,000/8,525,257 baris tertulis
18:11:54 |   [TAGGED_WITH] 1,862,000/8,525,257 baris tertulis
18:11:54 |   [TAGGED_WITH] 1,864,000/8,525,257 baris tertulis
18:11:54 |   [TAGGED_WITH] 1,866,000/8,525,257 baris tertulis
18:11:54 |   [TAGGED_WITH] 1,868,000/8,525,257 baris tertulis
18:11:54 |   [TAGGED_WITH] 1,870,000/8,525,257 baris tertulis
18:11:54 |   [TAGGED_WITH] 1,872,000/8,525,257 baris tertulis
18:11:55 |   [TAGGED_WITH] 1,874,000/8,525,257 baris tertulis
18:11:55 |   [TAGGED_WITH] 1,876,000/8,525,257 baris tertulis
18:11:55 |   [TAGGED_WITH] 1,878,000/8,525,257 baris tertulis
18:11:55 |   [TAGGED_WITH] 1,880,000/8,525,257 baris tertulis
18:11:55 |   [TAGGED_WITH] 1,882,000/8,525,257 baris tertulis
18:11:55 |   [TAGGED_WITH] 1,884,000/8,525,257 baris tertulis
18:11:55 |   [TAGGED_WITH] 1,886,000/8,525,257 baris tertulis
18:11:55 |   [TAGGED_WITH] 1,888,000/8,525,257 baris tertulis
18:11:55 |   [TAGGED_WITH] 1,890,000/8,525,257 baris tertulis
18:11:55 |   [TAGGED_WITH] 1,892,000/8,525,257 baris tertulis
18:11:56 |   [TAGGED_WITH] 1,894,000/8,525,257 baris tertulis
18:11:56 |   [TAGGED_WITH] 1,896,000/8,525,257 baris tertulis
18:11:56 |   [TAGGED_WITH] 1,898,000/8,525,257 baris tertulis
18:11:56 |   [TAGGED_WITH] 1,900,000/8,525,257 baris tertulis
18:11:56 |   [TAGGED_WITH] 1,902,000/8,525,257 baris tertulis
18:11:56 |   [TAGGED_WITH] 1,904,000/8,525,257 baris tertulis
18:11:56 |   [TAGGED_WITH] 1,906,000/8,525,257 baris tertulis
18:11:56 |   [TAGGED_WITH] 1,908,000/8,525,257 baris tertulis
18:11:56 |   [TAGGED_WITH] 1,910,000/8,525,257 baris tertulis
18:11:56 |   [TAGGED_WITH] 1,912,000/8,525,257 baris tertulis
18:11:56 |   [TAGGED_WITH] 1,914,000/8,525,257 baris tertulis
18:11:57 |   [TAGGED_WITH] 1,916,000/8,525,257 baris tertulis
18:11:57 |   [TAGGED_WITH] 1,918,000/8,525,257 baris tertulis
18:11:57 |   [TAGGED_WITH] 1,920,000/8,525,257 baris tertulis
18:11:57 |   [TAGGED_WITH] 1,922,000/8,525,257 baris tertulis
18:11:57 |   [TAGGED_WITH] 1,924,000/8,525,257 baris tertulis
18:11:57 |   [TAGGED_WITH] 1,926,000/8,525,257 baris tertulis
18:11:57 |   [TAGGED_WITH] 1,928,000/8,525,257 baris tertulis
18:11:57 |   [TAGGED_WITH] 1,930,000/8,525,257 baris tertulis
18:11:57 |   [TAGGED_WITH] 1,932,000/8,525,257 baris tertulis
18:11:57 |   [TAGGED_WITH] 1,934,000/8,525,257 baris tertulis
18:11:57 |   [TAGGED_WITH] 1,936,000/8,525,257 baris tertulis
18:11:58 |   [TAGGED_WITH] 1,938,000/8,525,257 baris tertulis
18:11:58 |   [TAGGED_WITH] 1,940,000/8,525,257 baris tertulis
18:11:58 |   [TAGGED_WITH] 1,942,000/8,525,257 baris tertulis
18:11:58 |   [TAGGED_WITH] 1,944,000/8,525,257 baris tertulis
18:11:58 |   [TAGGED_WITH] 1,946,000/8,525,257 baris tertulis
18:11:58 |   [TAGGED_WITH] 1,948,000/8,525,257 baris tertulis
18:11:58 |   [TAGGED_WITH] 1,950,000/8,525,257 baris tertulis
18:11:58 |   [TAGGED_WITH] 1,952,000/8,525,257 baris tertulis
18:11:58 |   [TAGGED_WITH] 1,954,000/8,525,257 baris tertulis
18:11:58 |   [TAGGED_WITH] 1,956,000/8,525,257 baris tertulis
18:11:58 |   [TAGGED_WITH] 1,958,000/8,525,257 baris tertulis
18:11:59 |   [TAGGED_WITH] 1,960,000/8,525,257 baris tertulis
18:11:59 |   [TAGGED_WITH] 1,962,000/8,525,257 baris tertulis
18:11:59 |   [TAGGED_WITH] 1,964,000/8,525,257 baris tertulis
18:11:59 |   [TAGGED_WITH] 1,966,000/8,525,257 baris tertulis
18:11:59 |   [TAGGED_WITH] 1,968,000/8,525,257 baris tertulis
18:11:59 |   [TAGGED_WITH] 1,970,000/8,525,257 baris tertulis
18:11:59 |   [TAGGED_WITH] 1,972,000/8,525,257 baris tertulis
18:11:59 |   [TAGGED_WITH] 1,974,000/8,525,257 baris tertulis
18:11:59 |   [TAGGED_WITH] 1,976,000/8,525,257 baris tertulis
18:11:59 |   [TAGGED_WITH] 1,978,000/8,525,257 baris tertulis
18:11:59 |   [TAGGED_WITH] 1,980,000/8,525,257 baris tertulis
18:12:00 |   [TAGGED_WITH] 1,982,000/8,525,257 baris tertulis
18:12:00 |   [TAGGED_WITH] 1,984,000/8,525,257 baris tertulis
18:12:00 |   [TAGGED_WITH] 1,986,000/8,525,257 baris tertulis
18:12:00 |   [TAGGED_WITH] 1,988,000/8,525,257 baris tertulis
18:12:00 |   [TAGGED_WITH] 1,990,000/8,525,257 baris tertulis
18:12:00 |   [TAGGED_WITH] 1,992,000/8,525,257 baris tertulis
18:12:00 |   [TAGGED_WITH] 1,994,000/8,525,257 baris tertulis
18:12:00 |   [TAGGED_WITH] 1,996,000/8,525,257 baris tertulis
18:12:00 |   [TAGGED_WITH] 1,998,000/8,525,257 baris tertulis
18:12:00 |   [TAGGED_WITH] 2,000,000/8,525,257 baris tertulis
18:12:00 |   [TAGGED_WITH] 2,002,000/8,525,257 baris tertulis
18:12:01 |   [TAGGED_WITH] 2,004,000/8,525,257 baris tertulis
18:12:01 |   [TAGGED_WITH] 2,006,000/8,525,257 baris tertulis
18:12:01 |   [TAGGED_WITH] 2,008,000/8,525,257 baris tertulis
18:12:01 |   [TAGGED_WITH] 2,010,000/8,525,257 baris tertulis
18:12:01 |   [TAGGED_WITH] 2,012,000/8,525,257 baris tertulis
18:12:01 |   [TAGGED_WITH] 2,014,000/8,525,257 baris tertulis
18:12:01 |   [TAGGED_WITH] 2,016,000/8,525,257 baris tertulis
18:12:01 |   [TAGGED_WITH] 2,018,000/8,525,257 baris tertulis
18:12:01 |   [TAGGED_WITH] 2,020,000/8,525,257 baris tertulis
18:12:01 |   [TAGGED_WITH] 2,022,000/8,525,257 baris tertulis
18:12:01 |   [TAGGED_WITH] 2,024,000/8,525,257 baris tertulis
18:12:02 |   [TAGGED_WITH] 2,026,000/8,525,257 baris tertulis
18:12:02 |   [TAGGED_WITH] 2,028,000/8,525,257 baris tertulis
18:12:02 |   [TAGGED_WITH] 2,030,000/8,525,257 baris tertulis
18:12:02 |   [TAGGED_WITH] 2,032,000/8,525,257 baris tertulis
18:12:02 |   [TAGGED_WITH] 2,034,000/8,525,257 baris tertulis
18:12:02 |   [TAGGED_WITH] 2,036,000/8,525,257 baris tertulis
18:12:02 |   [TAGGED_WITH] 2,038,000/8,525,257 baris tertulis
18:12:02 |   [TAGGED_WITH] 2,040,000/8,525,257 baris tertulis
18:12:02 |   [TAGGED_WITH] 2,042,000/8,525,257 baris tertulis
18:12:02 |   [TAGGED_WITH] 2,044,000/8,525,257 baris tertulis
18:12:02 |   [TAGGED_WITH] 2,046,000/8,525,257 baris tertulis
18:12:03 |   [TAGGED_WITH] 2,048,000/8,525,257 baris tertulis
18:12:03 |   [TAGGED_WITH] 2,050,000/8,525,257 baris tertulis
18:12:03 |   [TAGGED_WITH] 2,052,000/8,525,257 baris tertulis
18:12:03 |   [TAGGED_WITH] 2,054,000/8,525,257 baris tertulis
18:12:03 |   [TAGGED_WITH] 2,056,000/8,525,257 baris tertulis
18:12:03 |   [TAGGED_WITH] 2,058,000/8,525,257 baris tertulis
18:12:03 |   [TAGGED_WITH] 2,060,000/8,525,257 baris tertulis
18:12:03 |   [TAGGED_WITH] 2,062,000/8,525,257 baris tertulis
18:12:03 |   [TAGGED_WITH] 2,064,000/8,525,257 baris tertulis
18:12:03 |   [TAGGED_WITH] 2,066,000/8,525,257 baris tertulis
18:12:04 |   [TAGGED_WITH] 2,068,000/8,525,257 baris tertulis
18:12:04 |   [TAGGED_WITH] 2,070,000/8,525,257 baris tertulis
18:12:04 |   [TAGGED_WITH] 2,072,000/8,525,257 baris tertulis
18:12:04 |   [TAGGED_WITH] 2,074,000/8,525,257 baris tertulis
18:12:04 |   [TAGGED_WITH] 2,076,000/8,525,257 baris tertulis
18:12:04 |   [TAGGED_WITH] 2,078,000/8,525,257 baris tertulis
18:12:04 |   [TAGGED_WITH] 2,080,000/8,525,257 baris tertulis
18:12:04 |   [TAGGED_WITH] 2,082,000/8,525,257 baris tertulis
18:12:04 |   [TAGGED_WITH] 2,084,000/8,525,257 baris tertulis
18:12:04 |   [TAGGED_WITH] 2,086,000/8,525,257 baris tertulis
18:12:04 |   [TAGGED_WITH] 2,088,000/8,525,257 baris tertulis
18:12:05 |   [TAGGED_WITH] 2,090,000/8,525,257 baris tertulis
18:12:05 |   [TAGGED_WITH] 2,092,000/8,525,257 baris tertulis
18:12:05 |   [TAGGED_WITH] 2,094,000/8,525,257 baris tertulis
18:12:05 |   [TAGGED_WITH] 2,096,000/8,525,257 baris tertulis
18:12:05 |   [TAGGED_WITH] 2,098,000/8,525,257 baris tertulis
18:12:05 |   [TAGGED_WITH] 2,100,000/8,525,257 baris tertulis
18:12:05 |   [TAGGED_WITH] 2,102,000/8,525,257 baris tertulis
18:12:05 |   [TAGGED_WITH] 2,104,000/8,525,257 baris tertulis
18:12:05 |   [TAGGED_WITH] 2,106,000/8,525,257 baris tertulis
18:12:05 |   [TAGGED_WITH] 2,108,000/8,525,257 baris tertulis
18:12:06 |   [TAGGED_WITH] 2,110,000/8,525,257 baris tertulis
18:12:06 |   [TAGGED_WITH] 2,112,000/8,525,257 baris tertulis
18:12:06 |   [TAGGED_WITH] 2,114,000/8,525,257 baris tertulis
18:12:06 |   [TAGGED_WITH] 2,116,000/8,525,257 baris tertulis
18:12:06 |   [TAGGED_WITH] 2,118,000/8,525,257 baris tertulis
18:12:06 |   [TAGGED_WITH] 2,120,000/8,525,257 baris tertulis
18:12:06 |   [TAGGED_WITH] 2,122,000/8,525,257 baris tertulis
18:12:06 |   [TAGGED_WITH] 2,124,000/8,525,257 baris tertulis
18:12:06 |   [TAGGED_WITH] 2,126,000/8,525,257 baris tertulis
18:12:06 |   [TAGGED_WITH] 2,128,000/8,525,257 baris tertulis
18:12:06 |   [TAGGED_WITH] 2,130,000/8,525,257 baris tertulis
18:12:07 |   [TAGGED_WITH] 2,132,000/8,525,257 baris tertulis
18:12:07 |   [TAGGED_WITH] 2,134,000/8,525,257 baris tertulis
18:12:07 |   [TAGGED_WITH] 2,136,000/8,525,257 baris tertulis
18:12:07 |   [TAGGED_WITH] 2,138,000/8,525,257 baris tertulis
18:12:07 |   [TAGGED_WITH] 2,140,000/8,525,257 baris tertulis
18:12:07 |   [TAGGED_WITH] 2,142,000/8,525,257 baris tertulis
18:12:07 |   [TAGGED_WITH] 2,144,000/8,525,257 baris tertulis
18:12:07 |   [TAGGED_WITH] 2,146,000/8,525,257 baris tertulis
18:12:07 |   [TAGGED_WITH] 2,148,000/8,525,257 baris tertulis
18:12:07 |   [TAGGED_WITH] 2,150,000/8,525,257 baris tertulis
18:12:07 |   [TAGGED_WITH] 2,152,000/8,525,257 baris tertulis
18:12:08 |   [TAGGED_WITH] 2,154,000/8,525,257 baris tertulis
18:12:08 |   [TAGGED_WITH] 2,156,000/8,525,257 baris tertulis
18:12:08 |   [TAGGED_WITH] 2,158,000/8,525,257 baris tertulis
18:12:08 |   [TAGGED_WITH] 2,160,000/8,525,257 baris tertulis
18:12:08 |   [TAGGED_WITH] 2,162,000/8,525,257 baris tertulis
18:12:08 |   [TAGGED_WITH] 2,164,000/8,525,257 baris tertulis
18:12:08 |   [TAGGED_WITH] 2,166,000/8,525,257 baris tertulis
18:12:08 |   [TAGGED_WITH] 2,168,000/8,525,257 baris tertulis
18:12:08 |   [TAGGED_WITH] 2,170,000/8,525,257 baris tertulis
18:12:08 |   [TAGGED_WITH] 2,172,000/8,525,257 baris tertulis
18:12:09 |   [TAGGED_WITH] 2,174,000/8,525,257 baris tertulis
18:12:09 |   [TAGGED_WITH] 2,176,000/8,525,257 baris tertulis
18:12:09 |   [TAGGED_WITH] 2,178,000/8,525,257 baris tertulis
18:12:09 |   [TAGGED_WITH] 2,180,000/8,525,257 baris tertulis
18:12:09 |   [TAGGED_WITH] 2,182,000/8,525,257 baris tertulis
18:12:09 |   [TAGGED_WITH] 2,184,000/8,525,257 baris tertulis
18:12:09 |   [TAGGED_WITH] 2,186,000/8,525,257 baris tertulis
18:12:09 |   [TAGGED_WITH] 2,188,000/8,525,257 baris tertulis
18:12:09 |   [TAGGED_WITH] 2,190,000/8,525,257 baris tertulis
18:12:09 |   [TAGGED_WITH] 2,192,000/8,525,257 baris tertulis
18:12:09 |   [TAGGED_WITH] 2,194,000/8,525,257 baris tertulis
18:12:10 |   [TAGGED_WITH] 2,196,000/8,525,257 baris tertulis
18:12:10 |   [TAGGED_WITH] 2,198,000/8,525,257 baris tertulis
18:12:10 |   [TAGGED_WITH] 2,200,000/8,525,257 baris tertulis
18:12:10 |   [TAGGED_WITH] 2,202,000/8,525,257 baris tertulis
18:12:10 |   [TAGGED_WITH] 2,204,000/8,525,257 baris tertulis
18:12:10 |   [TAGGED_WITH] 2,206,000/8,525,257 baris tertulis
18:12:10 |   [TAGGED_WITH] 2,208,000/8,525,257 baris tertulis
18:12:10 |   [TAGGED_WITH] 2,210,000/8,525,257 baris tertulis
18:12:10 |   [TAGGED_WITH] 2,212,000/8,525,257 baris tertulis
18:12:10 |   [TAGGED_WITH] 2,214,000/8,525,257 baris tertulis
18:12:10 |   [TAGGED_WITH] 2,216,000/8,525,257 baris tertulis
18:12:11 |   [TAGGED_WITH] 2,218,000/8,525,257 baris tertulis
18:12:11 |   [TAGGED_WITH] 2,220,000/8,525,257 baris tertulis
18:12:11 |   [TAGGED_WITH] 2,222,000/8,525,257 baris tertulis
18:12:11 |   [TAGGED_WITH] 2,224,000/8,525,257 baris tertulis
18:12:11 |   [TAGGED_WITH] 2,226,000/8,525,257 baris tertulis
18:12:11 |   [TAGGED_WITH] 2,228,000/8,525,257 baris tertulis
18:12:11 |   [TAGGED_WITH] 2,230,000/8,525,257 baris tertulis
18:12:11 |   [TAGGED_WITH] 2,232,000/8,525,257 baris tertulis
18:12:11 |   [TAGGED_WITH] 2,234,000/8,525,257 baris tertulis
18:12:11 |   [TAGGED_WITH] 2,236,000/8,525,257 baris tertulis
18:12:11 |   [TAGGED_WITH] 2,238,000/8,525,257 baris tertulis
18:12:12 |   [TAGGED_WITH] 2,240,000/8,525,257 baris tertulis
18:12:12 |   [TAGGED_WITH] 2,242,000/8,525,257 baris tertulis
18:12:12 |   [TAGGED_WITH] 2,244,000/8,525,257 baris tertulis
18:12:12 |   [TAGGED_WITH] 2,246,000/8,525,257 baris tertulis
18:12:12 |   [TAGGED_WITH] 2,248,000/8,525,257 baris tertulis
18:12:12 |   [TAGGED_WITH] 2,250,000/8,525,257 baris tertulis
18:12:12 |   [TAGGED_WITH] 2,252,000/8,525,257 baris tertulis
18:12:12 |   [TAGGED_WITH] 2,254,000/8,525,257 baris tertulis
18:12:12 |   [TAGGED_WITH] 2,256,000/8,525,257 baris tertulis
18:12:12 |   [TAGGED_WITH] 2,258,000/8,525,257 baris tertulis
18:12:12 |   [TAGGED_WITH] 2,260,000/8,525,257 baris tertulis
18:12:13 |   [TAGGED_WITH] 2,262,000/8,525,257 baris tertulis
18:12:13 |   [TAGGED_WITH] 2,264,000/8,525,257 baris tertulis
18:12:13 |   [TAGGED_WITH] 2,266,000/8,525,257 baris tertulis
18:12:13 |   [TAGGED_WITH] 2,268,000/8,525,257 baris tertulis
18:12:13 |   [TAGGED_WITH] 2,270,000/8,525,257 baris tertulis
18:12:13 |   [TAGGED_WITH] 2,272,000/8,525,257 baris tertulis
18:12:13 |   [TAGGED_WITH] 2,274,000/8,525,257 baris tertulis
18:12:13 |   [TAGGED_WITH] 2,276,000/8,525,257 baris tertulis
18:12:13 |   [TAGGED_WITH] 2,278,000/8,525,257 baris tertulis
18:12:13 |   [TAGGED_WITH] 2,280,000/8,525,257 baris tertulis
18:12:13 |   [TAGGED_WITH] 2,282,000/8,525,257 baris tertulis
18:12:14 |   [TAGGED_WITH] 2,284,000/8,525,257 baris tertulis
18:12:14 |   [TAGGED_WITH] 2,286,000/8,525,257 baris tertulis
18:12:14 |   [TAGGED_WITH] 2,288,000/8,525,257 baris tertulis
18:12:14 |   [TAGGED_WITH] 2,290,000/8,525,257 baris tertulis
18:12:14 |   [TAGGED_WITH] 2,292,000/8,525,257 baris tertulis
18:12:14 |   [TAGGED_WITH] 2,294,000/8,525,257 baris tertulis
18:12:14 |   [TAGGED_WITH] 2,296,000/8,525,257 baris tertulis
18:12:14 |   [TAGGED_WITH] 2,298,000/8,525,257 baris tertulis
18:12:14 |   [TAGGED_WITH] 2,300,000/8,525,257 baris tertulis
18:12:14 |   [TAGGED_WITH] 2,302,000/8,525,257 baris tertulis
18:12:15 |   [TAGGED_WITH] 2,304,000/8,525,257 baris tertulis
18:12:15 |   [TAGGED_WITH] 2,306,000/8,525,257 baris tertulis
18:12:15 |   [TAGGED_WITH] 2,308,000/8,525,257 baris tertulis
18:12:15 |   [TAGGED_WITH] 2,310,000/8,525,257 baris tertulis
18:12:15 |   [TAGGED_WITH] 2,312,000/8,525,257 baris tertulis
18:12:15 |   [TAGGED_WITH] 2,314,000/8,525,257 baris tertulis
18:12:15 |   [TAGGED_WITH] 2,316,000/8,525,257 baris tertulis
18:12:15 |   [TAGGED_WITH] 2,318,000/8,525,257 baris tertulis
18:12:15 |   [TAGGED_WITH] 2,320,000/8,525,257 baris tertulis
18:12:15 |   [TAGGED_WITH] 2,322,000/8,525,257 baris tertulis
18:12:16 |   [TAGGED_WITH] 2,324,000/8,525,257 baris tertulis
18:12:16 |   [TAGGED_WITH] 2,326,000/8,525,257 baris tertulis
18:12:16 |   [TAGGED_WITH] 2,328,000/8,525,257 baris tertulis
18:12:16 |   [TAGGED_WITH] 2,330,000/8,525,257 baris tertulis
18:12:16 |   [TAGGED_WITH] 2,332,000/8,525,257 baris tertulis
18:12:16 |   [TAGGED_WITH] 2,334,000/8,525,257 baris tertulis
18:12:16 |   [TAGGED_WITH] 2,336,000/8,525,257 baris tertulis
18:12:16 |   [TAGGED_WITH] 2,338,000/8,525,257 baris tertulis
18:12:16 |   [TAGGED_WITH] 2,340,000/8,525,257 baris tertulis
18:12:16 |   [TAGGED_WITH] 2,342,000/8,525,257 baris tertulis
18:12:16 |   [TAGGED_WITH] 2,344,000/8,525,257 baris tertulis
18:12:17 |   [TAGGED_WITH] 2,346,000/8,525,257 baris tertulis
18:12:17 |   [TAGGED_WITH] 2,348,000/8,525,257 baris tertulis
18:12:17 |   [TAGGED_WITH] 2,350,000/8,525,257 baris tertulis
18:12:17 |   [TAGGED_WITH] 2,352,000/8,525,257 baris tertulis
18:12:17 |   [TAGGED_WITH] 2,354,000/8,525,257 baris tertulis
18:12:17 |   [TAGGED_WITH] 2,356,000/8,525,257 baris tertulis
18:12:17 |   [TAGGED_WITH] 2,358,000/8,525,257 baris tertulis
18:12:17 |   [TAGGED_WITH] 2,360,000/8,525,257 baris tertulis
18:12:17 |   [TAGGED_WITH] 2,362,000/8,525,257 baris tertulis
18:12:17 |   [TAGGED_WITH] 2,364,000/8,525,257 baris tertulis
18:12:17 |   [TAGGED_WITH] 2,366,000/8,525,257 baris tertulis
18:12:18 |   [TAGGED_WITH] 2,368,000/8,525,257 baris tertulis
18:12:18 |   [TAGGED_WITH] 2,370,000/8,525,257 baris tertulis
18:12:18 |   [TAGGED_WITH] 2,372,000/8,525,257 baris tertulis
18:12:18 |   [TAGGED_WITH] 2,374,000/8,525,257 baris tertulis
18:12:18 |   [TAGGED_WITH] 2,376,000/8,525,257 baris tertulis
18:12:18 |   [TAGGED_WITH] 2,378,000/8,525,257 baris tertulis
18:12:18 |   [TAGGED_WITH] 2,380,000/8,525,257 baris tertulis
18:12:18 |   [TAGGED_WITH] 2,382,000/8,525,257 baris tertulis
18:12:18 |   [TAGGED_WITH] 2,384,000/8,525,257 baris tertulis
18:12:18 |   [TAGGED_WITH] 2,386,000/8,525,257 baris tertulis
18:12:18 |   [TAGGED_WITH] 2,388,000/8,525,257 baris tertulis
18:12:19 |   [TAGGED_WITH] 2,390,000/8,525,257 baris tertulis
18:12:19 |   [TAGGED_WITH] 2,392,000/8,525,257 baris tertulis
18:12:19 |   [TAGGED_WITH] 2,394,000/8,525,257 baris tertulis
18:12:19 |   [TAGGED_WITH] 2,396,000/8,525,257 baris tertulis
18:12:19 |   [TAGGED_WITH] 2,398,000/8,525,257 baris tertulis
18:12:19 |   [TAGGED_WITH] 2,400,000/8,525,257 baris tertulis
18:12:19 |   [TAGGED_WITH] 2,402,000/8,525,257 baris tertulis
18:12:19 |   [TAGGED_WITH] 2,404,000/8,525,257 baris tertulis
18:12:19 |   [TAGGED_WITH] 2,406,000/8,525,257 baris tertulis
18:12:19 |   [TAGGED_WITH] 2,408,000/8,525,257 baris tertulis
18:12:19 |   [TAGGED_WITH] 2,410,000/8,525,257 baris tertulis
18:12:20 |   [TAGGED_WITH] 2,412,000/8,525,257 baris tertulis
18:12:20 |   [TAGGED_WITH] 2,414,000/8,525,257 baris tertulis
18:12:20 |   [TAGGED_WITH] 2,416,000/8,525,257 baris tertulis
18:12:20 |   [TAGGED_WITH] 2,418,000/8,525,257 baris tertulis
18:12:20 |   [TAGGED_WITH] 2,420,000/8,525,257 baris tertulis
18:12:20 |   [TAGGED_WITH] 2,422,000/8,525,257 baris tertulis
18:12:20 |   [TAGGED_WITH] 2,424,000/8,525,257 baris tertulis
18:12:20 |   [TAGGED_WITH] 2,426,000/8,525,257 baris tertulis
18:12:20 |   [TAGGED_WITH] 2,428,000/8,525,257 baris tertulis
18:12:20 |   [TAGGED_WITH] 2,430,000/8,525,257 baris tertulis
18:12:20 |   [TAGGED_WITH] 2,432,000/8,525,257 baris tertulis
18:12:21 |   [TAGGED_WITH] 2,434,000/8,525,257 baris tertulis
18:12:21 |   [TAGGED_WITH] 2,436,000/8,525,257 baris tertulis
18:12:21 |   [TAGGED_WITH] 2,438,000/8,525,257 baris tertulis
18:12:21 |   [TAGGED_WITH] 2,440,000/8,525,257 baris tertulis
18:12:21 |   [TAGGED_WITH] 2,442,000/8,525,257 baris tertulis
18:12:21 |   [TAGGED_WITH] 2,444,000/8,525,257 baris tertulis
18:12:21 |   [TAGGED_WITH] 2,446,000/8,525,257 baris tertulis
18:12:21 |   [TAGGED_WITH] 2,448,000/8,525,257 baris tertulis
18:12:21 |   [TAGGED_WITH] 2,450,000/8,525,257 baris tertulis
18:12:21 |   [TAGGED_WITH] 2,452,000/8,525,257 baris tertulis
18:12:22 |   [TAGGED_WITH] 2,454,000/8,525,257 baris tertulis
18:12:22 |   [TAGGED_WITH] 2,456,000/8,525,257 baris tertulis
18:12:22 |   [TAGGED_WITH] 2,458,000/8,525,257 baris tertulis
18:12:22 |   [TAGGED_WITH] 2,460,000/8,525,257 baris tertulis
18:12:22 |   [TAGGED_WITH] 2,462,000/8,525,257 baris tertulis
18:12:22 |   [TAGGED_WITH] 2,464,000/8,525,257 baris tertulis
18:12:22 |   [TAGGED_WITH] 2,466,000/8,525,257 baris tertulis
18:12:22 |   [TAGGED_WITH] 2,468,000/8,525,257 baris tertulis
18:12:22 |   [TAGGED_WITH] 2,470,000/8,525,257 baris tertulis
18:12:22 |   [TAGGED_WITH] 2,472,000/8,525,257 baris tertulis
18:12:22 |   [TAGGED_WITH] 2,474,000/8,525,257 baris tertulis
18:12:23 |   [TAGGED_WITH] 2,476,000/8,525,257 baris tertulis
18:12:23 |   [TAGGED_WITH] 2,478,000/8,525,257 baris tertulis
18:12:23 |   [TAGGED_WITH] 2,480,000/8,525,257 baris tertulis
18:12:23 |   [TAGGED_WITH] 2,482,000/8,525,257 baris tertulis
18:12:23 |   [TAGGED_WITH] 2,484,000/8,525,257 baris tertulis
18:12:23 |   [TAGGED_WITH] 2,486,000/8,525,257 baris tertulis
18:12:23 |   [TAGGED_WITH] 2,488,000/8,525,257 baris tertulis
18:12:23 |   [TAGGED_WITH] 2,490,000/8,525,257 baris tertulis
18:12:23 |   [TAGGED_WITH] 2,492,000/8,525,257 baris tertulis
18:12:23 |   [TAGGED_WITH] 2,494,000/8,525,257 baris tertulis
18:12:23 |   [TAGGED_WITH] 2,496,000/8,525,257 baris tertulis
18:12:24 |   [TAGGED_WITH] 2,498,000/8,525,257 baris tertulis
18:12:24 |   [TAGGED_WITH] 2,500,000/8,525,257 baris tertulis
18:12:24 |   [TAGGED_WITH] 2,502,000/8,525,257 baris tertulis
18:12:24 |   [TAGGED_WITH] 2,504,000/8,525,257 baris tertulis
18:12:24 |   [TAGGED_WITH] 2,506,000/8,525,257 baris tertulis
18:12:24 |   [TAGGED_WITH] 2,508,000/8,525,257 baris tertulis
18:12:24 |   [TAGGED_WITH] 2,510,000/8,525,257 baris tertulis
18:12:24 |   [TAGGED_WITH] 2,512,000/8,525,257 baris tertulis
18:12:24 |   [TAGGED_WITH] 2,514,000/8,525,257 baris tertulis
18:12:24 |   [TAGGED_WITH] 2,516,000/8,525,257 baris tertulis
18:12:24 |   [TAGGED_WITH] 2,518,000/8,525,257 baris tertulis
18:12:25 |   [TAGGED_WITH] 2,520,000/8,525,257 baris tertulis
18:12:25 |   [TAGGED_WITH] 2,522,000/8,525,257 baris tertulis
18:12:25 |   [TAGGED_WITH] 2,524,000/8,525,257 baris tertulis
18:12:25 |   [TAGGED_WITH] 2,526,000/8,525,257 baris tertulis
18:12:25 |   [TAGGED_WITH] 2,528,000/8,525,257 baris tertulis
18:12:25 |   [TAGGED_WITH] 2,530,000/8,525,257 baris tertulis
18:12:25 |   [TAGGED_WITH] 2,532,000/8,525,257 baris tertulis
18:12:25 |   [TAGGED_WITH] 2,534,000/8,525,257 baris tertulis
18:12:25 |   [TAGGED_WITH] 2,536,000/8,525,257 baris tertulis
18:12:25 |   [TAGGED_WITH] 2,538,000/8,525,257 baris tertulis
18:12:25 |   [TAGGED_WITH] 2,540,000/8,525,257 baris tertulis
18:12:26 |   [TAGGED_WITH] 2,542,000/8,525,257 baris tertulis
18:12:26 |   [TAGGED_WITH] 2,544,000/8,525,257 baris tertulis
18:12:26 |   [TAGGED_WITH] 2,546,000/8,525,257 baris tertulis
18:12:26 |   [TAGGED_WITH] 2,548,000/8,525,257 baris tertulis
18:12:26 |   [TAGGED_WITH] 2,550,000/8,525,257 baris tertulis
18:12:26 |   [TAGGED_WITH] 2,552,000/8,525,257 baris tertulis
18:12:26 |   [TAGGED_WITH] 2,554,000/8,525,257 baris tertulis
18:12:26 |   [TAGGED_WITH] 2,556,000/8,525,257 baris tertulis
18:12:26 |   [TAGGED_WITH] 2,558,000/8,525,257 baris tertulis
18:12:26 |   [TAGGED_WITH] 2,560,000/8,525,257 baris tertulis
18:12:26 |   [TAGGED_WITH] 2,562,000/8,525,257 baris tertulis
18:12:27 |   [TAGGED_WITH] 2,564,000/8,525,257 baris tertulis
18:12:27 |   [TAGGED_WITH] 2,566,000/8,525,257 baris tertulis
18:12:27 |   [TAGGED_WITH] 2,568,000/8,525,257 baris tertulis
18:12:27 |   [TAGGED_WITH] 2,570,000/8,525,257 baris tertulis
18:12:27 |   [TAGGED_WITH] 2,572,000/8,525,257 baris tertulis
18:12:27 |   [TAGGED_WITH] 2,574,000/8,525,257 baris tertulis
18:12:27 |   [TAGGED_WITH] 2,576,000/8,525,257 baris tertulis
18:12:27 |   [TAGGED_WITH] 2,578,000/8,525,257 baris tertulis
18:12:27 |   [TAGGED_WITH] 2,580,000/8,525,257 baris tertulis
18:12:27 |   [TAGGED_WITH] 2,582,000/8,525,257 baris tertulis
18:12:27 |   [TAGGED_WITH] 2,584,000/8,525,257 baris tertulis
18:12:28 |   [TAGGED_WITH] 2,586,000/8,525,257 baris tertulis
18:12:28 |   [TAGGED_WITH] 2,588,000/8,525,257 baris tertulis
18:12:28 |   [TAGGED_WITH] 2,590,000/8,525,257 baris tertulis
18:12:28 |   [TAGGED_WITH] 2,592,000/8,525,257 baris tertulis
18:12:28 |   [TAGGED_WITH] 2,594,000/8,525,257 baris tertulis
18:12:28 |   [TAGGED_WITH] 2,596,000/8,525,257 baris tertulis
18:12:28 |   [TAGGED_WITH] 2,598,000/8,525,257 baris tertulis
18:12:28 |   [TAGGED_WITH] 2,600,000/8,525,257 baris tertulis
18:12:28 |   [TAGGED_WITH] 2,602,000/8,525,257 baris tertulis
18:12:28 |   [TAGGED_WITH] 2,604,000/8,525,257 baris tertulis
18:12:28 |   [TAGGED_WITH] 2,606,000/8,525,257 baris tertulis
18:12:29 |   [TAGGED_WITH] 2,608,000/8,525,257 baris tertulis
18:12:29 |   [TAGGED_WITH] 2,610,000/8,525,257 baris tertulis
18:12:29 |   [TAGGED_WITH] 2,612,000/8,525,257 baris tertulis
18:12:29 |   [TAGGED_WITH] 2,614,000/8,525,257 baris tertulis
18:12:29 |   [TAGGED_WITH] 2,616,000/8,525,257 baris tertulis
18:12:29 |   [TAGGED_WITH] 2,618,000/8,525,257 baris tertulis
18:12:29 |   [TAGGED_WITH] 2,620,000/8,525,257 baris tertulis
18:12:29 |   [TAGGED_WITH] 2,622,000/8,525,257 baris tertulis
18:12:29 |   [TAGGED_WITH] 2,624,000/8,525,257 baris tertulis
18:12:29 |   [TAGGED_WITH] 2,626,000/8,525,257 baris tertulis
18:12:29 |   [TAGGED_WITH] 2,628,000/8,525,257 baris tertulis
18:12:30 |   [TAGGED_WITH] 2,630,000/8,525,257 baris tertulis
18:12:30 |   [TAGGED_WITH] 2,632,000/8,525,257 baris tertulis
18:12:30 |   [TAGGED_WITH] 2,634,000/8,525,257 baris tertulis
18:12:30 |   [TAGGED_WITH] 2,636,000/8,525,257 baris tertulis
18:12:30 |   [TAGGED_WITH] 2,638,000/8,525,257 baris tertulis
18:12:30 |   [TAGGED_WITH] 2,640,000/8,525,257 baris tertulis
18:12:30 |   [TAGGED_WITH] 2,642,000/8,525,257 baris tertulis
18:12:30 |   [TAGGED_WITH] 2,644,000/8,525,257 baris tertulis
18:12:30 |   [TAGGED_WITH] 2,646,000/8,525,257 baris tertulis
18:12:30 |   [TAGGED_WITH] 2,648,000/8,525,257 baris tertulis
18:12:31 |   [TAGGED_WITH] 2,650,000/8,525,257 baris tertulis
18:12:31 |   [TAGGED_WITH] 2,652,000/8,525,257 baris tertulis
18:12:31 |   [TAGGED_WITH] 2,654,000/8,525,257 baris tertulis
18:12:31 |   [TAGGED_WITH] 2,656,000/8,525,257 baris tertulis
18:12:31 |   [TAGGED_WITH] 2,658,000/8,525,257 baris tertulis
18:12:31 |   [TAGGED_WITH] 2,660,000/8,525,257 baris tertulis
18:12:31 |   [TAGGED_WITH] 2,662,000/8,525,257 baris tertulis
18:12:31 |   [TAGGED_WITH] 2,664,000/8,525,257 baris tertulis
18:12:31 |   [TAGGED_WITH] 2,666,000/8,525,257 baris tertulis
18:12:31 |   [TAGGED_WITH] 2,668,000/8,525,257 baris tertulis
18:12:31 |   [TAGGED_WITH] 2,670,000/8,525,257 baris tertulis
18:12:32 |   [TAGGED_WITH] 2,672,000/8,525,257 baris tertulis
18:12:32 |   [TAGGED_WITH] 2,674,000/8,525,257 baris tertulis
18:12:32 |   [TAGGED_WITH] 2,676,000/8,525,257 baris tertulis
18:12:32 |   [TAGGED_WITH] 2,678,000/8,525,257 baris tertulis
18:12:32 |   [TAGGED_WITH] 2,680,000/8,525,257 baris tertulis
18:12:32 |   [TAGGED_WITH] 2,682,000/8,525,257 baris tertulis
18:12:32 |   [TAGGED_WITH] 2,684,000/8,525,257 baris tertulis
18:12:32 |   [TAGGED_WITH] 2,686,000/8,525,257 baris tertulis
18:12:32 |   [TAGGED_WITH] 2,688,000/8,525,257 baris tertulis
18:12:32 |   [TAGGED_WITH] 2,690,000/8,525,257 baris tertulis
18:12:32 |   [TAGGED_WITH] 2,692,000/8,525,257 baris tertulis
18:12:33 |   [TAGGED_WITH] 2,694,000/8,525,257 baris tertulis
18:12:33 |   [TAGGED_WITH] 2,696,000/8,525,257 baris tertulis
18:12:33 |   [TAGGED_WITH] 2,698,000/8,525,257 baris tertulis
18:12:33 |   [TAGGED_WITH] 2,700,000/8,525,257 baris tertulis
18:12:33 |   [TAGGED_WITH] 2,702,000/8,525,257 baris tertulis
18:12:33 |   [TAGGED_WITH] 2,704,000/8,525,257 baris tertulis
18:12:33 |   [TAGGED_WITH] 2,706,000/8,525,257 baris tertulis
18:12:33 |   [TAGGED_WITH] 2,708,000/8,525,257 baris tertulis
18:12:33 |   [TAGGED_WITH] 2,710,000/8,525,257 baris tertulis
18:12:33 |   [TAGGED_WITH] 2,712,000/8,525,257 baris tertulis
18:12:33 |   [TAGGED_WITH] 2,714,000/8,525,257 baris tertulis
18:12:34 |   [TAGGED_WITH] 2,716,000/8,525,257 baris tertulis
18:12:34 |   [TAGGED_WITH] 2,718,000/8,525,257 baris tertulis
18:12:34 |   [TAGGED_WITH] 2,720,000/8,525,257 baris tertulis
18:12:34 |   [TAGGED_WITH] 2,722,000/8,525,257 baris tertulis
18:12:34 |   [TAGGED_WITH] 2,724,000/8,525,257 baris tertulis
18:12:34 |   [TAGGED_WITH] 2,726,000/8,525,257 baris tertulis
18:12:34 |   [TAGGED_WITH] 2,728,000/8,525,257 baris tertulis
18:12:34 |   [TAGGED_WITH] 2,730,000/8,525,257 baris tertulis
18:12:34 |   [TAGGED_WITH] 2,732,000/8,525,257 baris tertulis
18:12:34 |   [TAGGED_WITH] 2,734,000/8,525,257 baris tertulis
18:12:34 |   [TAGGED_WITH] 2,736,000/8,525,257 baris tertulis
18:12:35 |   [TAGGED_WITH] 2,738,000/8,525,257 baris tertulis
18:12:35 |   [TAGGED_WITH] 2,740,000/8,525,257 baris tertulis
18:12:35 |   [TAGGED_WITH] 2,742,000/8,525,257 baris tertulis
18:12:35 |   [TAGGED_WITH] 2,744,000/8,525,257 baris tertulis
18:12:35 |   [TAGGED_WITH] 2,746,000/8,525,257 baris tertulis
18:12:35 |   [TAGGED_WITH] 2,748,000/8,525,257 baris tertulis
18:12:35 |   [TAGGED_WITH] 2,750,000/8,525,257 baris tertulis
18:12:35 |   [TAGGED_WITH] 2,752,000/8,525,257 baris tertulis
18:12:35 |   [TAGGED_WITH] 2,754,000/8,525,257 baris tertulis
18:12:35 |   [TAGGED_WITH] 2,756,000/8,525,257 baris tertulis
18:12:35 |   [TAGGED_WITH] 2,758,000/8,525,257 baris tertulis
18:12:36 |   [TAGGED_WITH] 2,760,000/8,525,257 baris tertulis
18:12:36 |   [TAGGED_WITH] 2,762,000/8,525,257 baris tertulis
18:12:36 |   [TAGGED_WITH] 2,764,000/8,525,257 baris tertulis
18:12:36 |   [TAGGED_WITH] 2,766,000/8,525,257 baris tertulis
18:12:36 |   [TAGGED_WITH] 2,768,000/8,525,257 baris tertulis
18:12:36 |   [TAGGED_WITH] 2,770,000/8,525,257 baris tertulis
18:12:36 |   [TAGGED_WITH] 2,772,000/8,525,257 baris tertulis
18:12:36 |   [TAGGED_WITH] 2,774,000/8,525,257 baris tertulis
18:12:36 |   [TAGGED_WITH] 2,776,000/8,525,257 baris tertulis
18:12:36 |   [TAGGED_WITH] 2,778,000/8,525,257 baris tertulis
18:12:36 |   [TAGGED_WITH] 2,780,000/8,525,257 baris tertulis
18:12:37 |   [TAGGED_WITH] 2,782,000/8,525,257 baris tertulis
18:12:37 |   [TAGGED_WITH] 2,784,000/8,525,257 baris tertulis
18:12:37 |   [TAGGED_WITH] 2,786,000/8,525,257 baris tertulis
18:12:37 |   [TAGGED_WITH] 2,788,000/8,525,257 baris tertulis
18:12:37 |   [TAGGED_WITH] 2,790,000/8,525,257 baris tertulis
18:12:37 |   [TAGGED_WITH] 2,792,000/8,525,257 baris tertulis
18:12:37 |   [TAGGED_WITH] 2,794,000/8,525,257 baris tertulis
18:12:37 |   [TAGGED_WITH] 2,796,000/8,525,257 baris tertulis
18:12:37 |   [TAGGED_WITH] 2,798,000/8,525,257 baris tertulis
18:12:37 |   [TAGGED_WITH] 2,800,000/8,525,257 baris tertulis
18:12:37 |   [TAGGED_WITH] 2,802,000/8,525,257 baris tertulis
18:12:38 |   [TAGGED_WITH] 2,804,000/8,525,257 baris tertulis
18:12:38 |   [TAGGED_WITH] 2,806,000/8,525,257 baris tertulis
18:12:38 |   [TAGGED_WITH] 2,808,000/8,525,257 baris tertulis
18:12:38 |   [TAGGED_WITH] 2,810,000/8,525,257 baris tertulis
18:12:38 |   [TAGGED_WITH] 2,812,000/8,525,257 baris tertulis
18:12:38 |   [TAGGED_WITH] 2,814,000/8,525,257 baris tertulis
18:12:38 |   [TAGGED_WITH] 2,816,000/8,525,257 baris tertulis
18:12:38 |   [TAGGED_WITH] 2,818,000/8,525,257 baris tertulis
18:12:38 |   [TAGGED_WITH] 2,820,000/8,525,257 baris tertulis
18:12:38 |   [TAGGED_WITH] 2,822,000/8,525,257 baris tertulis
18:12:38 |   [TAGGED_WITH] 2,824,000/8,525,257 baris tertulis
18:12:39 |   [TAGGED_WITH] 2,826,000/8,525,257 baris tertulis
18:12:39 |   [TAGGED_WITH] 2,828,000/8,525,257 baris tertulis
18:12:39 |   [TAGGED_WITH] 2,830,000/8,525,257 baris tertulis
18:12:39 |   [TAGGED_WITH] 2,832,000/8,525,257 baris tertulis
18:12:39 |   [TAGGED_WITH] 2,834,000/8,525,257 baris tertulis
18:12:39 |   [TAGGED_WITH] 2,836,000/8,525,257 baris tertulis
18:12:39 |   [TAGGED_WITH] 2,838,000/8,525,257 baris tertulis
18:12:39 |   [TAGGED_WITH] 2,840,000/8,525,257 baris tertulis
18:12:39 |   [TAGGED_WITH] 2,842,000/8,525,257 baris tertulis
18:12:39 |   [TAGGED_WITH] 2,844,000/8,525,257 baris tertulis
18:12:39 |   [TAGGED_WITH] 2,846,000/8,525,257 baris tertulis
18:12:40 |   [TAGGED_WITH] 2,848,000/8,525,257 baris tertulis
18:12:40 |   [TAGGED_WITH] 2,850,000/8,525,257 baris tertulis
18:12:40 |   [TAGGED_WITH] 2,852,000/8,525,257 baris tertulis
18:12:40 |   [TAGGED_WITH] 2,854,000/8,525,257 baris tertulis
18:12:40 |   [TAGGED_WITH] 2,856,000/8,525,257 baris tertulis
18:12:40 |   [TAGGED_WITH] 2,858,000/8,525,257 baris tertulis
18:12:40 |   [TAGGED_WITH] 2,860,000/8,525,257 baris tertulis
18:12:40 |   [TAGGED_WITH] 2,862,000/8,525,257 baris tertulis
18:12:40 |   [TAGGED_WITH] 2,864,000/8,525,257 baris tertulis
18:12:41 |   [TAGGED_WITH] 2,866,000/8,525,257 baris tertulis
18:12:41 |   [TAGGED_WITH] 2,868,000/8,525,257 baris tertulis
18:12:41 |   [TAGGED_WITH] 2,870,000/8,525,257 baris tertulis
18:12:41 |   [TAGGED_WITH] 2,872,000/8,525,257 baris tertulis
18:12:41 |   [TAGGED_WITH] 2,874,000/8,525,257 baris tertulis
18:12:41 |   [TAGGED_WITH] 2,876,000/8,525,257 baris tertulis
18:12:41 |   [TAGGED_WITH] 2,878,000/8,525,257 baris tertulis
18:12:42 |   [TAGGED_WITH] 2,880,000/8,525,257 baris tertulis
18:12:42 |   [TAGGED_WITH] 2,882,000/8,525,257 baris tertulis
18:12:42 |   [TAGGED_WITH] 2,884,000/8,525,257 baris tertulis
18:12:42 |   [TAGGED_WITH] 2,886,000/8,525,257 baris tertulis
18:12:42 |   [TAGGED_WITH] 2,888,000/8,525,257 baris tertulis
18:12:42 |   [TAGGED_WITH] 2,890,000/8,525,257 baris tertulis
18:12:42 |   [TAGGED_WITH] 2,892,000/8,525,257 baris tertulis
18:12:42 |   [TAGGED_WITH] 2,894,000/8,525,257 baris tertulis
18:12:42 |   [TAGGED_WITH] 2,896,000/8,525,257 baris tertulis
18:12:43 |   [TAGGED_WITH] 2,898,000/8,525,257 baris tertulis
18:12:43 |   [TAGGED_WITH] 2,900,000/8,525,257 baris tertulis
18:12:43 |   [TAGGED_WITH] 2,902,000/8,525,257 baris tertulis
18:12:43 |   [TAGGED_WITH] 2,904,000/8,525,257 baris tertulis
18:12:43 |   [TAGGED_WITH] 2,906,000/8,525,257 baris tertulis
18:12:43 |   [TAGGED_WITH] 2,908,000/8,525,257 baris tertulis
18:12:43 |   [TAGGED_WITH] 2,910,000/8,525,257 baris tertulis
18:12:43 |   [TAGGED_WITH] 2,912,000/8,525,257 baris tertulis
18:12:43 |   [TAGGED_WITH] 2,914,000/8,525,257 baris tertulis
18:12:44 |   [TAGGED_WITH] 2,916,000/8,525,257 baris tertulis
18:12:44 |   [TAGGED_WITH] 2,918,000/8,525,257 baris tertulis
18:12:44 |   [TAGGED_WITH] 2,920,000/8,525,257 baris tertulis
18:12:44 |   [TAGGED_WITH] 2,922,000/8,525,257 baris tertulis
18:12:44 |   [TAGGED_WITH] 2,924,000/8,525,257 baris tertulis
18:12:44 |   [TAGGED_WITH] 2,926,000/8,525,257 baris tertulis
18:12:44 |   [TAGGED_WITH] 2,928,000/8,525,257 baris tertulis
18:12:44 |   [TAGGED_WITH] 2,930,000/8,525,257 baris tertulis
18:12:44 |   [TAGGED_WITH] 2,932,000/8,525,257 baris tertulis
18:12:45 |   [TAGGED_WITH] 2,934,000/8,525,257 baris tertulis
18:12:45 |   [TAGGED_WITH] 2,936,000/8,525,257 baris tertulis
18:12:45 |   [TAGGED_WITH] 2,938,000/8,525,257 baris tertulis
18:12:45 |   [TAGGED_WITH] 2,940,000/8,525,257 baris tertulis
18:12:45 |   [TAGGED_WITH] 2,942,000/8,525,257 baris tertulis
18:12:45 |   [TAGGED_WITH] 2,944,000/8,525,257 baris tertulis
18:12:45 |   [TAGGED_WITH] 2,946,000/8,525,257 baris tertulis
18:12:45 |   [TAGGED_WITH] 2,948,000/8,525,257 baris tertulis
18:12:45 |   [TAGGED_WITH] 2,950,000/8,525,257 baris tertulis
18:12:45 |   [TAGGED_WITH] 2,952,000/8,525,257 baris tertulis
18:12:45 |   [TAGGED_WITH] 2,954,000/8,525,257 baris tertulis
18:12:46 |   [TAGGED_WITH] 2,956,000/8,525,257 baris tertulis
18:12:46 |   [TAGGED_WITH] 2,958,000/8,525,257 baris tertulis
18:12:46 |   [TAGGED_WITH] 2,960,000/8,525,257 baris tertulis
18:12:46 |   [TAGGED_WITH] 2,962,000/8,525,257 baris tertulis
18:12:46 |   [TAGGED_WITH] 2,964,000/8,525,257 baris tertulis
18:12:46 |   [TAGGED_WITH] 2,966,000/8,525,257 baris tertulis
18:12:46 |   [TAGGED_WITH] 2,968,000/8,525,257 baris tertulis
18:12:46 |   [TAGGED_WITH] 2,970,000/8,525,257 baris tertulis
18:12:46 |   [TAGGED_WITH] 2,972,000/8,525,257 baris tertulis
18:12:46 |   [TAGGED_WITH] 2,974,000/8,525,257 baris tertulis
18:12:46 |   [TAGGED_WITH] 2,976,000/8,525,257 baris tertulis
18:12:47 |   [TAGGED_WITH] 2,978,000/8,525,257 baris tertulis
18:12:47 |   [TAGGED_WITH] 2,980,000/8,525,257 baris tertulis
18:12:47 |   [TAGGED_WITH] 2,982,000/8,525,257 baris tertulis
18:12:47 |   [TAGGED_WITH] 2,984,000/8,525,257 baris tertulis
18:12:47 |   [TAGGED_WITH] 2,986,000/8,525,257 baris tertulis
18:12:47 |   [TAGGED_WITH] 2,988,000/8,525,257 baris tertulis
18:12:47 |   [TAGGED_WITH] 2,990,000/8,525,257 baris tertulis
18:12:47 |   [TAGGED_WITH] 2,992,000/8,525,257 baris tertulis
18:12:47 |   [TAGGED_WITH] 2,994,000/8,525,257 baris tertulis
18:12:47 |   [TAGGED_WITH] 2,996,000/8,525,257 baris tertulis
18:12:47 |   [TAGGED_WITH] 2,998,000/8,525,257 baris tertulis
18:12:48 |   [TAGGED_WITH] 3,000,000/8,525,257 baris tertulis
18:12:48 |   [TAGGED_WITH] 3,002,000/8,525,257 baris tertulis
18:12:48 |   [TAGGED_WITH] 3,004,000/8,525,257 baris tertulis
18:12:48 |   [TAGGED_WITH] 3,006,000/8,525,257 baris tertulis
18:12:48 |   [TAGGED_WITH] 3,008,000/8,525,257 baris tertulis
18:12:48 |   [TAGGED_WITH] 3,010,000/8,525,257 baris tertulis
18:12:48 |   [TAGGED_WITH] 3,012,000/8,525,257 baris tertulis
18:12:48 |   [TAGGED_WITH] 3,014,000/8,525,257 baris tertulis
18:12:48 |   [TAGGED_WITH] 3,016,000/8,525,257 baris tertulis
18:12:48 |   [TAGGED_WITH] 3,018,000/8,525,257 baris tertulis
18:12:48 |   [TAGGED_WITH] 3,020,000/8,525,257 baris tertulis
18:12:49 |   [TAGGED_WITH] 3,022,000/8,525,257 baris tertulis
18:12:49 |   [TAGGED_WITH] 3,024,000/8,525,257 baris tertulis
18:12:49 |   [TAGGED_WITH] 3,026,000/8,525,257 baris tertulis
18:12:49 |   [TAGGED_WITH] 3,028,000/8,525,257 baris tertulis
18:12:49 |   [TAGGED_WITH] 3,030,000/8,525,257 baris tertulis
18:12:49 |   [TAGGED_WITH] 3,032,000/8,525,257 baris tertulis
18:12:49 |   [TAGGED_WITH] 3,034,000/8,525,257 baris tertulis
18:12:49 |   [TAGGED_WITH] 3,036,000/8,525,257 baris tertulis
18:12:49 |   [TAGGED_WITH] 3,038,000/8,525,257 baris tertulis
18:12:49 |   [TAGGED_WITH] 3,040,000/8,525,257 baris tertulis
18:12:49 |   [TAGGED_WITH] 3,042,000/8,525,257 baris tertulis
18:12:50 |   [TAGGED_WITH] 3,044,000/8,525,257 baris tertulis
18:12:50 |   [TAGGED_WITH] 3,046,000/8,525,257 baris tertulis
18:12:50 |   [TAGGED_WITH] 3,048,000/8,525,257 baris tertulis
18:12:50 |   [TAGGED_WITH] 3,050,000/8,525,257 baris tertulis
18:12:50 |   [TAGGED_WITH] 3,052,000/8,525,257 baris tertulis
18:12:50 |   [TAGGED_WITH] 3,054,000/8,525,257 baris tertulis
18:12:50 |   [TAGGED_WITH] 3,056,000/8,525,257 baris tertulis
18:12:50 |   [TAGGED_WITH] 3,058,000/8,525,257 baris tertulis
18:12:50 |   [TAGGED_WITH] 3,060,000/8,525,257 baris tertulis
18:12:50 |   [TAGGED_WITH] 3,062,000/8,525,257 baris tertulis
18:12:50 |   [TAGGED_WITH] 3,064,000/8,525,257 baris tertulis
18:12:51 |   [TAGGED_WITH] 3,066,000/8,525,257 baris tertulis
18:12:51 |   [TAGGED_WITH] 3,068,000/8,525,257 baris tertulis
18:12:51 |   [TAGGED_WITH] 3,070,000/8,525,257 baris tertulis
18:12:51 |   [TAGGED_WITH] 3,072,000/8,525,257 baris tertulis
18:12:51 |   [TAGGED_WITH] 3,074,000/8,525,257 baris tertulis
18:12:51 |   [TAGGED_WITH] 3,076,000/8,525,257 baris tertulis
18:12:51 |   [TAGGED_WITH] 3,078,000/8,525,257 baris tertulis
18:12:51 |   [TAGGED_WITH] 3,080,000/8,525,257 baris tertulis
18:12:51 |   [TAGGED_WITH] 3,082,000/8,525,257 baris tertulis
18:12:51 |   [TAGGED_WITH] 3,084,000/8,525,257 baris tertulis
18:12:51 |   [TAGGED_WITH] 3,086,000/8,525,257 baris tertulis
18:12:52 |   [TAGGED_WITH] 3,088,000/8,525,257 baris tertulis
18:12:52 |   [TAGGED_WITH] 3,090,000/8,525,257 baris tertulis
18:12:52 |   [TAGGED_WITH] 3,092,000/8,525,257 baris tertulis
18:12:52 |   [TAGGED_WITH] 3,094,000/8,525,257 baris tertulis
18:12:52 |   [TAGGED_WITH] 3,096,000/8,525,257 baris tertulis
18:12:52 |   [TAGGED_WITH] 3,098,000/8,525,257 baris tertulis
18:12:52 |   [TAGGED_WITH] 3,100,000/8,525,257 baris tertulis
18:12:52 |   [TAGGED_WITH] 3,102,000/8,525,257 baris tertulis
18:12:52 |   [TAGGED_WITH] 3,104,000/8,525,257 baris tertulis
18:12:52 |   [TAGGED_WITH] 3,106,000/8,525,257 baris tertulis
18:12:53 |   [TAGGED_WITH] 3,108,000/8,525,257 baris tertulis
18:12:53 |   [TAGGED_WITH] 3,110,000/8,525,257 baris tertulis
18:12:53 |   [TAGGED_WITH] 3,112,000/8,525,257 baris tertulis
18:12:53 |   [TAGGED_WITH] 3,114,000/8,525,257 baris tertulis
18:12:53 |   [TAGGED_WITH] 3,116,000/8,525,257 baris tertulis
18:12:53 |   [TAGGED_WITH] 3,118,000/8,525,257 baris tertulis
18:12:53 |   [TAGGED_WITH] 3,120,000/8,525,257 baris tertulis
18:12:53 |   [TAGGED_WITH] 3,122,000/8,525,257 baris tertulis
18:12:53 |   [TAGGED_WITH] 3,124,000/8,525,257 baris tertulis
18:12:53 |   [TAGGED_WITH] 3,126,000/8,525,257 baris tertulis
18:12:53 |   [TAGGED_WITH] 3,128,000/8,525,257 baris tertulis
18:12:54 |   [TAGGED_WITH] 3,130,000/8,525,257 baris tertulis
18:12:54 |   [TAGGED_WITH] 3,132,000/8,525,257 baris tertulis
18:12:54 |   [TAGGED_WITH] 3,134,000/8,525,257 baris tertulis
18:12:54 |   [TAGGED_WITH] 3,136,000/8,525,257 baris tertulis
18:12:54 |   [TAGGED_WITH] 3,138,000/8,525,257 baris tertulis
18:12:54 |   [TAGGED_WITH] 3,140,000/8,525,257 baris tertulis
18:12:54 |   [TAGGED_WITH] 3,142,000/8,525,257 baris tertulis
18:12:54 |   [TAGGED_WITH] 3,144,000/8,525,257 baris tertulis
18:12:54 |   [TAGGED_WITH] 3,146,000/8,525,257 baris tertulis
18:12:54 |   [TAGGED_WITH] 3,148,000/8,525,257 baris tertulis
18:12:54 |   [TAGGED_WITH] 3,150,000/8,525,257 baris tertulis
18:12:55 |   [TAGGED_WITH] 3,152,000/8,525,257 baris tertulis
18:12:55 |   [TAGGED_WITH] 3,154,000/8,525,257 baris tertulis
18:12:55 |   [TAGGED_WITH] 3,156,000/8,525,257 baris tertulis
18:12:55 |   [TAGGED_WITH] 3,158,000/8,525,257 baris tertulis
18:12:55 |   [TAGGED_WITH] 3,160,000/8,525,257 baris tertulis
18:12:55 |   [TAGGED_WITH] 3,162,000/8,525,257 baris tertulis
18:12:55 |   [TAGGED_WITH] 3,164,000/8,525,257 baris tertulis
18:12:55 |   [TAGGED_WITH] 3,166,000/8,525,257 baris tertulis
18:12:55 |   [TAGGED_WITH] 3,168,000/8,525,257 baris tertulis
18:12:55 |   [TAGGED_WITH] 3,170,000/8,525,257 baris tertulis
18:12:55 |   [TAGGED_WITH] 3,172,000/8,525,257 baris tertulis
18:12:56 |   [TAGGED_WITH] 3,174,000/8,525,257 baris tertulis
18:12:56 |   [TAGGED_WITH] 3,176,000/8,525,257 baris tertulis
18:12:56 |   [TAGGED_WITH] 3,178,000/8,525,257 baris tertulis
18:12:56 |   [TAGGED_WITH] 3,180,000/8,525,257 baris tertulis
18:12:56 |   [TAGGED_WITH] 3,182,000/8,525,257 baris tertulis
18:12:56 |   [TAGGED_WITH] 3,184,000/8,525,257 baris tertulis
18:12:56 |   [TAGGED_WITH] 3,186,000/8,525,257 baris tertulis
18:12:56 |   [TAGGED_WITH] 3,188,000/8,525,257 baris tertulis
18:12:56 |   [TAGGED_WITH] 3,190,000/8,525,257 baris tertulis
18:12:56 |   [TAGGED_WITH] 3,192,000/8,525,257 baris tertulis
18:12:56 |   [TAGGED_WITH] 3,194,000/8,525,257 baris tertulis
18:12:57 |   [TAGGED_WITH] 3,196,000/8,525,257 baris tertulis
18:12:57 |   [TAGGED_WITH] 3,198,000/8,525,257 baris tertulis
18:12:57 |   [TAGGED_WITH] 3,200,000/8,525,257 baris tertulis
18:12:57 |   [TAGGED_WITH] 3,202,000/8,525,257 baris tertulis
18:12:57 |   [TAGGED_WITH] 3,204,000/8,525,257 baris tertulis
18:12:57 |   [TAGGED_WITH] 3,206,000/8,525,257 baris tertulis
18:12:57 |   [TAGGED_WITH] 3,208,000/8,525,257 baris tertulis
18:12:57 |   [TAGGED_WITH] 3,210,000/8,525,257 baris tertulis
18:12:57 |   [TAGGED_WITH] 3,212,000/8,525,257 baris tertulis
18:12:57 |   [TAGGED_WITH] 3,214,000/8,525,257 baris tertulis
18:12:57 |   [TAGGED_WITH] 3,216,000/8,525,257 baris tertulis
18:12:58 |   [TAGGED_WITH] 3,218,000/8,525,257 baris tertulis
18:12:58 |   [TAGGED_WITH] 3,220,000/8,525,257 baris tertulis
18:12:58 |   [TAGGED_WITH] 3,222,000/8,525,257 baris tertulis
18:12:58 |   [TAGGED_WITH] 3,224,000/8,525,257 baris tertulis
18:12:58 |   [TAGGED_WITH] 3,226,000/8,525,257 baris tertulis
18:12:58 |   [TAGGED_WITH] 3,228,000/8,525,257 baris tertulis
18:12:58 |   [TAGGED_WITH] 3,230,000/8,525,257 baris tertulis
18:12:58 |   [TAGGED_WITH] 3,232,000/8,525,257 baris tertulis
18:12:58 |   [TAGGED_WITH] 3,234,000/8,525,257 baris tertulis
18:12:58 |   [TAGGED_WITH] 3,236,000/8,525,257 baris tertulis
18:12:58 |   [TAGGED_WITH] 3,238,000/8,525,257 baris tertulis
18:12:59 |   [TAGGED_WITH] 3,240,000/8,525,257 baris tertulis
18:12:59 |   [TAGGED_WITH] 3,242,000/8,525,257 baris tertulis
18:12:59 |   [TAGGED_WITH] 3,244,000/8,525,257 baris tertulis
18:12:59 |   [TAGGED_WITH] 3,246,000/8,525,257 baris tertulis
18:12:59 |   [TAGGED_WITH] 3,248,000/8,525,257 baris tertulis
18:12:59 |   [TAGGED_WITH] 3,250,000/8,525,257 baris tertulis
18:12:59 |   [TAGGED_WITH] 3,252,000/8,525,257 baris tertulis
18:12:59 |   [TAGGED_WITH] 3,254,000/8,525,257 baris tertulis
18:12:59 |   [TAGGED_WITH] 3,256,000/8,525,257 baris tertulis
18:12:59 |   [TAGGED_WITH] 3,258,000/8,525,257 baris tertulis
18:12:59 |   [TAGGED_WITH] 3,260,000/8,525,257 baris tertulis
18:13:00 |   [TAGGED_WITH] 3,262,000/8,525,257 baris tertulis
18:13:00 |   [TAGGED_WITH] 3,264,000/8,525,257 baris tertulis
18:13:00 |   [TAGGED_WITH] 3,266,000/8,525,257 baris tertulis
18:13:00 |   [TAGGED_WITH] 3,268,000/8,525,257 baris tertulis
18:13:00 |   [TAGGED_WITH] 3,270,000/8,525,257 baris tertulis
18:13:00 |   [TAGGED_WITH] 3,272,000/8,525,257 baris tertulis
18:13:00 |   [TAGGED_WITH] 3,274,000/8,525,257 baris tertulis
18:13:00 |   [TAGGED_WITH] 3,276,000/8,525,257 baris tertulis
18:13:00 |   [TAGGED_WITH] 3,278,000/8,525,257 baris tertulis
18:13:00 |   [TAGGED_WITH] 3,280,000/8,525,257 baris tertulis
18:13:00 |   [TAGGED_WITH] 3,282,000/8,525,257 baris tertulis
18:13:01 |   [TAGGED_WITH] 3,284,000/8,525,257 baris tertulis
18:13:01 |   [TAGGED_WITH] 3,286,000/8,525,257 baris tertulis
18:13:01 |   [TAGGED_WITH] 3,288,000/8,525,257 baris tertulis
18:13:01 |   [TAGGED_WITH] 3,290,000/8,525,257 baris tertulis
18:13:01 |   [TAGGED_WITH] 3,292,000/8,525,257 baris tertulis
18:13:01 |   [TAGGED_WITH] 3,294,000/8,525,257 baris tertulis
18:13:01 |   [TAGGED_WITH] 3,296,000/8,525,257 baris tertulis
18:13:01 |   [TAGGED_WITH] 3,298,000/8,525,257 baris tertulis
18:13:01 |   [TAGGED_WITH] 3,300,000/8,525,257 baris tertulis
18:13:01 |   [TAGGED_WITH] 3,302,000/8,525,257 baris tertulis
18:13:01 |   [TAGGED_WITH] 3,304,000/8,525,257 baris tertulis
18:13:02 |   [TAGGED_WITH] 3,306,000/8,525,257 baris tertulis
18:13:02 |   [TAGGED_WITH] 3,308,000/8,525,257 baris tertulis
18:13:02 |   [TAGGED_WITH] 3,310,000/8,525,257 baris tertulis
18:13:02 |   [TAGGED_WITH] 3,312,000/8,525,257 baris tertulis
18:13:02 |   [TAGGED_WITH] 3,314,000/8,525,257 baris tertulis
18:13:02 |   [TAGGED_WITH] 3,316,000/8,525,257 baris tertulis
18:13:02 |   [TAGGED_WITH] 3,318,000/8,525,257 baris tertulis
18:13:02 |   [TAGGED_WITH] 3,320,000/8,525,257 baris tertulis
18:13:02 |   [TAGGED_WITH] 3,322,000/8,525,257 baris tertulis
18:13:02 |   [TAGGED_WITH] 3,324,000/8,525,257 baris tertulis
18:13:02 |   [TAGGED_WITH] 3,326,000/8,525,257 baris tertulis
18:13:03 |   [TAGGED_WITH] 3,328,000/8,525,257 baris tertulis
18:13:03 |   [TAGGED_WITH] 3,330,000/8,525,257 baris tertulis
18:13:03 |   [TAGGED_WITH] 3,332,000/8,525,257 baris tertulis
18:13:03 |   [TAGGED_WITH] 3,334,000/8,525,257 baris tertulis
18:13:03 |   [TAGGED_WITH] 3,336,000/8,525,257 baris tertulis
18:13:03 |   [TAGGED_WITH] 3,338,000/8,525,257 baris tertulis
18:13:03 |   [TAGGED_WITH] 3,340,000/8,525,257 baris tertulis
18:13:03 |   [TAGGED_WITH] 3,342,000/8,525,257 baris tertulis
18:13:03 |   [TAGGED_WITH] 3,344,000/8,525,257 baris tertulis
18:13:03 |   [TAGGED_WITH] 3,346,000/8,525,257 baris tertulis
18:13:03 |   [TAGGED_WITH] 3,348,000/8,525,257 baris tertulis
18:13:04 |   [TAGGED_WITH] 3,350,000/8,525,257 baris tertulis
18:13:04 |   [TAGGED_WITH] 3,352,000/8,525,257 baris tertulis
18:13:04 |   [TAGGED_WITH] 3,354,000/8,525,257 baris tertulis
18:13:04 |   [TAGGED_WITH] 3,356,000/8,525,257 baris tertulis
18:13:04 |   [TAGGED_WITH] 3,358,000/8,525,257 baris tertulis
18:13:04 |   [TAGGED_WITH] 3,360,000/8,525,257 baris tertulis
18:13:04 |   [TAGGED_WITH] 3,362,000/8,525,257 baris tertulis
18:13:04 |   [TAGGED_WITH] 3,364,000/8,525,257 baris tertulis
18:13:04 |   [TAGGED_WITH] 3,366,000/8,525,257 baris tertulis
18:13:04 |   [TAGGED_WITH] 3,368,000/8,525,257 baris tertulis
18:13:04 |   [TAGGED_WITH] 3,370,000/8,525,257 baris tertulis
18:13:05 |   [TAGGED_WITH] 3,372,000/8,525,257 baris tertulis
18:13:05 |   [TAGGED_WITH] 3,374,000/8,525,257 baris tertulis
18:13:05 |   [TAGGED_WITH] 3,376,000/8,525,257 baris tertulis
18:13:05 |   [TAGGED_WITH] 3,378,000/8,525,257 baris tertulis
18:13:05 |   [TAGGED_WITH] 3,380,000/8,525,257 baris tertulis
18:13:05 |   [TAGGED_WITH] 3,382,000/8,525,257 baris tertulis
18:13:05 |   [TAGGED_WITH] 3,384,000/8,525,257 baris tertulis
18:13:05 |   [TAGGED_WITH] 3,386,000/8,525,257 baris tertulis
18:13:05 |   [TAGGED_WITH] 3,388,000/8,525,257 baris tertulis
18:13:05 |   [TAGGED_WITH] 3,390,000/8,525,257 baris tertulis
18:13:05 |   [TAGGED_WITH] 3,392,000/8,525,257 baris tertulis
18:13:06 |   [TAGGED_WITH] 3,394,000/8,525,257 baris tertulis
18:13:06 |   [TAGGED_WITH] 3,396,000/8,525,257 baris tertulis
18:13:06 |   [TAGGED_WITH] 3,398,000/8,525,257 baris tertulis
18:13:06 |   [TAGGED_WITH] 3,400,000/8,525,257 baris tertulis
18:13:06 |   [TAGGED_WITH] 3,402,000/8,525,257 baris tertulis
18:13:06 |   [TAGGED_WITH] 3,404,000/8,525,257 baris tertulis
18:13:06 |   [TAGGED_WITH] 3,406,000/8,525,257 baris tertulis
18:13:06 |   [TAGGED_WITH] 3,408,000/8,525,257 baris tertulis
18:13:06 |   [TAGGED_WITH] 3,410,000/8,525,257 baris tertulis
18:13:06 |   [TAGGED_WITH] 3,412,000/8,525,257 baris tertulis
18:13:07 |   [TAGGED_WITH] 3,414,000/8,525,257 baris tertulis
18:13:07 |   [TAGGED_WITH] 3,416,000/8,525,257 baris tertulis
18:13:07 |   [TAGGED_WITH] 3,418,000/8,525,257 baris tertulis
18:13:07 |   [TAGGED_WITH] 3,420,000/8,525,257 baris tertulis
18:13:07 |   [TAGGED_WITH] 3,422,000/8,525,257 baris tertulis
18:13:07 |   [TAGGED_WITH] 3,424,000/8,525,257 baris tertulis
18:13:07 |   [TAGGED_WITH] 3,426,000/8,525,257 baris tertulis
18:13:07 |   [TAGGED_WITH] 3,428,000/8,525,257 baris tertulis
18:13:07 |   [TAGGED_WITH] 3,430,000/8,525,257 baris tertulis
18:13:07 |   [TAGGED_WITH] 3,432,000/8,525,257 baris tertulis
18:13:07 |   [TAGGED_WITH] 3,434,000/8,525,257 baris tertulis
18:13:08 |   [TAGGED_WITH] 3,436,000/8,525,257 baris tertulis
18:13:08 |   [TAGGED_WITH] 3,438,000/8,525,257 baris tertulis
18:13:08 |   [TAGGED_WITH] 3,440,000/8,525,257 baris tertulis
18:13:08 |   [TAGGED_WITH] 3,442,000/8,525,257 baris tertulis
18:13:08 |   [TAGGED_WITH] 3,444,000/8,525,257 baris tertulis
18:13:08 |   [TAGGED_WITH] 3,446,000/8,525,257 baris tertulis
18:13:08 |   [TAGGED_WITH] 3,448,000/8,525,257 baris tertulis
18:13:08 |   [TAGGED_WITH] 3,450,000/8,525,257 baris tertulis
18:13:08 |   [TAGGED_WITH] 3,452,000/8,525,257 baris tertulis
18:13:08 |   [TAGGED_WITH] 3,454,000/8,525,257 baris tertulis
18:13:09 |   [TAGGED_WITH] 3,456,000/8,525,257 baris tertulis
18:13:09 |   [TAGGED_WITH] 3,458,000/8,525,257 baris tertulis
18:13:09 |   [TAGGED_WITH] 3,460,000/8,525,257 baris tertulis
18:13:09 |   [TAGGED_WITH] 3,462,000/8,525,257 baris tertulis
18:13:09 |   [TAGGED_WITH] 3,464,000/8,525,257 baris tertulis
18:13:09 |   [TAGGED_WITH] 3,466,000/8,525,257 baris tertulis
18:13:09 |   [TAGGED_WITH] 3,468,000/8,525,257 baris tertulis
18:13:09 |   [TAGGED_WITH] 3,470,000/8,525,257 baris tertulis
18:13:09 |   [TAGGED_WITH] 3,472,000/8,525,257 baris tertulis
18:13:09 |   [TAGGED_WITH] 3,474,000/8,525,257 baris tertulis
18:13:09 |   [TAGGED_WITH] 3,476,000/8,525,257 baris tertulis
18:13:10 |   [TAGGED_WITH] 3,478,000/8,525,257 baris tertulis
18:13:10 |   [TAGGED_WITH] 3,480,000/8,525,257 baris tertulis
18:13:10 |   [TAGGED_WITH] 3,482,000/8,525,257 baris tertulis
18:13:10 |   [TAGGED_WITH] 3,484,000/8,525,257 baris tertulis
18:13:10 |   [TAGGED_WITH] 3,486,000/8,525,257 baris tertulis
18:13:10 |   [TAGGED_WITH] 3,488,000/8,525,257 baris tertulis
18:13:10 |   [TAGGED_WITH] 3,490,000/8,525,257 baris tertulis
18:13:10 |   [TAGGED_WITH] 3,492,000/8,525,257 baris tertulis
18:13:10 |   [TAGGED_WITH] 3,494,000/8,525,257 baris tertulis
18:13:10 |   [TAGGED_WITH] 3,496,000/8,525,257 baris tertulis
18:13:10 |   [TAGGED_WITH] 3,498,000/8,525,257 baris tertulis
18:13:11 |   [TAGGED_WITH] 3,500,000/8,525,257 baris tertulis
18:13:11 |   [TAGGED_WITH] 3,502,000/8,525,257 baris tertulis
18:13:11 |   [TAGGED_WITH] 3,504,000/8,525,257 baris tertulis
18:13:11 |   [TAGGED_WITH] 3,506,000/8,525,257 baris tertulis
18:13:11 |   [TAGGED_WITH] 3,508,000/8,525,257 baris tertulis
18:13:11 |   [TAGGED_WITH] 3,510,000/8,525,257 baris tertulis
18:13:11 |   [TAGGED_WITH] 3,512,000/8,525,257 baris tertulis
18:13:11 |   [TAGGED_WITH] 3,514,000/8,525,257 baris tertulis
18:13:11 |   [TAGGED_WITH] 3,516,000/8,525,257 baris tertulis
18:13:11 |   [TAGGED_WITH] 3,518,000/8,525,257 baris tertulis
18:13:11 |   [TAGGED_WITH] 3,520,000/8,525,257 baris tertulis
18:13:12 |   [TAGGED_WITH] 3,522,000/8,525,257 baris tertulis
18:13:12 |   [TAGGED_WITH] 3,524,000/8,525,257 baris tertulis
18:13:12 |   [TAGGED_WITH] 3,526,000/8,525,257 baris tertulis
18:13:12 |   [TAGGED_WITH] 3,528,000/8,525,257 baris tertulis
18:13:12 |   [TAGGED_WITH] 3,530,000/8,525,257 baris tertulis
18:13:12 |   [TAGGED_WITH] 3,532,000/8,525,257 baris tertulis
18:13:12 |   [TAGGED_WITH] 3,534,000/8,525,257 baris tertulis
18:13:12 |   [TAGGED_WITH] 3,536,000/8,525,257 baris tertulis
18:13:12 |   [TAGGED_WITH] 3,538,000/8,525,257 baris tertulis
18:13:12 |   [TAGGED_WITH] 3,540,000/8,525,257 baris tertulis
18:13:12 |   [TAGGED_WITH] 3,542,000/8,525,257 baris tertulis
18:13:13 |   [TAGGED_WITH] 3,544,000/8,525,257 baris tertulis
18:13:13 |   [TAGGED_WITH] 3,546,000/8,525,257 baris tertulis
18:13:13 |   [TAGGED_WITH] 3,548,000/8,525,257 baris tertulis
18:13:13 |   [TAGGED_WITH] 3,550,000/8,525,257 baris tertulis
18:13:13 |   [TAGGED_WITH] 3,552,000/8,525,257 baris tertulis
18:13:13 |   [TAGGED_WITH] 3,554,000/8,525,257 baris tertulis
18:13:13 |   [TAGGED_WITH] 3,556,000/8,525,257 baris tertulis
18:13:13 |   [TAGGED_WITH] 3,558,000/8,525,257 baris tertulis
18:13:13 |   [TAGGED_WITH] 3,560,000/8,525,257 baris tertulis
18:13:13 |   [TAGGED_WITH] 3,562,000/8,525,257 baris tertulis
18:13:13 |   [TAGGED_WITH] 3,564,000/8,525,257 baris tertulis
18:13:14 |   [TAGGED_WITH] 3,566,000/8,525,257 baris tertulis
18:13:14 |   [TAGGED_WITH] 3,568,000/8,525,257 baris tertulis
18:13:14 |   [TAGGED_WITH] 3,570,000/8,525,257 baris tertulis
18:13:14 |   [TAGGED_WITH] 3,572,000/8,525,257 baris tertulis
18:13:14 |   [TAGGED_WITH] 3,574,000/8,525,257 baris tertulis
18:13:14 |   [TAGGED_WITH] 3,576,000/8,525,257 baris tertulis
18:13:14 |   [TAGGED_WITH] 3,578,000/8,525,257 baris tertulis
18:13:14 |   [TAGGED_WITH] 3,580,000/8,525,257 baris tertulis
18:13:14 |   [TAGGED_WITH] 3,582,000/8,525,257 baris tertulis
18:13:14 |   [TAGGED_WITH] 3,584,000/8,525,257 baris tertulis
18:13:14 |   [TAGGED_WITH] 3,586,000/8,525,257 baris tertulis
18:13:15 |   [TAGGED_WITH] 3,588,000/8,525,257 baris tertulis
18:13:15 |   [TAGGED_WITH] 3,590,000/8,525,257 baris tertulis
18:13:15 |   [TAGGED_WITH] 3,592,000/8,525,257 baris tertulis
18:13:15 |   [TAGGED_WITH] 3,594,000/8,525,257 baris tertulis
18:13:15 |   [TAGGED_WITH] 3,596,000/8,525,257 baris tertulis
18:13:15 |   [TAGGED_WITH] 3,598,000/8,525,257 baris tertulis
18:13:15 |   [TAGGED_WITH] 3,600,000/8,525,257 baris tertulis
18:13:15 |   [TAGGED_WITH] 3,602,000/8,525,257 baris tertulis
18:13:15 |   [TAGGED_WITH] 3,604,000/8,525,257 baris tertulis
18:13:15 |   [TAGGED_WITH] 3,606,000/8,525,257 baris tertulis
18:13:15 |   [TAGGED_WITH] 3,608,000/8,525,257 baris tertulis
18:13:16 |   [TAGGED_WITH] 3,610,000/8,525,257 baris tertulis
18:13:16 |   [TAGGED_WITH] 3,612,000/8,525,257 baris tertulis
18:13:16 |   [TAGGED_WITH] 3,614,000/8,525,257 baris tertulis
18:13:16 |   [TAGGED_WITH] 3,616,000/8,525,257 baris tertulis
18:13:16 |   [TAGGED_WITH] 3,618,000/8,525,257 baris tertulis
18:13:16 |   [TAGGED_WITH] 3,620,000/8,525,257 baris tertulis
18:13:16 |   [TAGGED_WITH] 3,622,000/8,525,257 baris tertulis
18:13:16 |   [TAGGED_WITH] 3,624,000/8,525,257 baris tertulis
18:13:16 |   [TAGGED_WITH] 3,626,000/8,525,257 baris tertulis
18:13:16 |   [TAGGED_WITH] 3,628,000/8,525,257 baris tertulis
18:13:17 |   [TAGGED_WITH] 3,630,000/8,525,257 baris tertulis
18:13:17 |   [TAGGED_WITH] 3,632,000/8,525,257 baris tertulis
18:13:17 |   [TAGGED_WITH] 3,634,000/8,525,257 baris tertulis
18:13:17 |   [TAGGED_WITH] 3,636,000/8,525,257 baris tertulis
18:13:17 |   [TAGGED_WITH] 3,638,000/8,525,257 baris tertulis
18:13:17 |   [TAGGED_WITH] 3,640,000/8,525,257 baris tertulis
18:13:17 |   [TAGGED_WITH] 3,642,000/8,525,257 baris tertulis
18:13:17 |   [TAGGED_WITH] 3,644,000/8,525,257 baris tertulis
18:13:17 |   [TAGGED_WITH] 3,646,000/8,525,257 baris tertulis
18:13:17 |   [TAGGED_WITH] 3,648,000/8,525,257 baris tertulis
18:13:18 |   [TAGGED_WITH] 3,650,000/8,525,257 baris tertulis
18:13:18 |   [TAGGED_WITH] 3,652,000/8,525,257 baris tertulis
18:13:18 |   [TAGGED_WITH] 3,654,000/8,525,257 baris tertulis
18:13:18 |   [TAGGED_WITH] 3,656,000/8,525,257 baris tertulis
18:13:18 |   [TAGGED_WITH] 3,658,000/8,525,257 baris tertulis
18:13:18 |   [TAGGED_WITH] 3,660,000/8,525,257 baris tertulis
18:13:18 |   [TAGGED_WITH] 3,662,000/8,525,257 baris tertulis
18:13:18 |   [TAGGED_WITH] 3,664,000/8,525,257 baris tertulis
18:13:18 |   [TAGGED_WITH] 3,666,000/8,525,257 baris tertulis
18:13:18 |   [TAGGED_WITH] 3,668,000/8,525,257 baris tertulis
18:13:18 |   [TAGGED_WITH] 3,670,000/8,525,257 baris tertulis
18:13:19 |   [TAGGED_WITH] 3,672,000/8,525,257 baris tertulis
18:13:19 |   [TAGGED_WITH] 3,674,000/8,525,257 baris tertulis
18:13:19 |   [TAGGED_WITH] 3,676,000/8,525,257 baris tertulis
18:13:19 |   [TAGGED_WITH] 3,678,000/8,525,257 baris tertulis
18:13:19 |   [TAGGED_WITH] 3,680,000/8,525,257 baris tertulis
18:13:19 |   [TAGGED_WITH] 3,682,000/8,525,257 baris tertulis
18:13:19 |   [TAGGED_WITH] 3,684,000/8,525,257 baris tertulis
18:13:19 |   [TAGGED_WITH] 3,686,000/8,525,257 baris tertulis
18:13:19 |   [TAGGED_WITH] 3,688,000/8,525,257 baris tertulis
18:13:19 |   [TAGGED_WITH] 3,690,000/8,525,257 baris tertulis
18:13:19 |   [TAGGED_WITH] 3,692,000/8,525,257 baris tertulis
18:13:20 |   [TAGGED_WITH] 3,694,000/8,525,257 baris tertulis
18:13:20 |   [TAGGED_WITH] 3,696,000/8,525,257 baris tertulis
18:13:20 |   [TAGGED_WITH] 3,698,000/8,525,257 baris tertulis
18:13:20 |   [TAGGED_WITH] 3,700,000/8,525,257 baris tertulis
18:13:20 |   [TAGGED_WITH] 3,702,000/8,525,257 baris tertulis
18:13:20 |   [TAGGED_WITH] 3,704,000/8,525,257 baris tertulis
18:13:20 |   [TAGGED_WITH] 3,706,000/8,525,257 baris tertulis
18:13:20 |   [TAGGED_WITH] 3,708,000/8,525,257 baris tertulis
18:13:20 |   [TAGGED_WITH] 3,710,000/8,525,257 baris tertulis
18:13:20 |   [TAGGED_WITH] 3,712,000/8,525,257 baris tertulis
18:13:20 |   [TAGGED_WITH] 3,714,000/8,525,257 baris tertulis
18:13:21 |   [TAGGED_WITH] 3,716,000/8,525,257 baris tertulis
18:13:21 |   [TAGGED_WITH] 3,718,000/8,525,257 baris tertulis
18:13:21 |   [TAGGED_WITH] 3,720,000/8,525,257 baris tertulis
18:13:21 |   [TAGGED_WITH] 3,722,000/8,525,257 baris tertulis
18:13:21 |   [TAGGED_WITH] 3,724,000/8,525,257 baris tertulis
18:13:21 |   [TAGGED_WITH] 3,726,000/8,525,257 baris tertulis
18:13:21 |   [TAGGED_WITH] 3,728,000/8,525,257 baris tertulis
18:13:21 |   [TAGGED_WITH] 3,730,000/8,525,257 baris tertulis
18:13:21 |   [TAGGED_WITH] 3,732,000/8,525,257 baris tertulis
18:13:21 |   [TAGGED_WITH] 3,734,000/8,525,257 baris tertulis
18:13:22 |   [TAGGED_WITH] 3,736,000/8,525,257 baris tertulis
18:13:22 |   [TAGGED_WITH] 3,738,000/8,525,257 baris tertulis
18:13:22 |   [TAGGED_WITH] 3,740,000/8,525,257 baris tertulis
18:13:22 |   [TAGGED_WITH] 3,742,000/8,525,257 baris tertulis
18:13:22 |   [TAGGED_WITH] 3,744,000/8,525,257 baris tertulis
18:13:22 |   [TAGGED_WITH] 3,746,000/8,525,257 baris tertulis
18:13:22 |   [TAGGED_WITH] 3,748,000/8,525,257 baris tertulis
18:13:22 |   [TAGGED_WITH] 3,750,000/8,525,257 baris tertulis
18:13:22 |   [TAGGED_WITH] 3,752,000/8,525,257 baris tertulis
18:13:22 |   [TAGGED_WITH] 3,754,000/8,525,257 baris tertulis
18:13:22 |   [TAGGED_WITH] 3,756,000/8,525,257 baris tertulis
18:13:23 |   [TAGGED_WITH] 3,758,000/8,525,257 baris tertulis
18:13:23 |   [TAGGED_WITH] 3,760,000/8,525,257 baris tertulis
18:13:23 |   [TAGGED_WITH] 3,762,000/8,525,257 baris tertulis
18:13:23 |   [TAGGED_WITH] 3,764,000/8,525,257 baris tertulis
18:13:23 |   [TAGGED_WITH] 3,766,000/8,525,257 baris tertulis
18:13:23 |   [TAGGED_WITH] 3,768,000/8,525,257 baris tertulis
18:13:23 |   [TAGGED_WITH] 3,770,000/8,525,257 baris tertulis
18:13:23 |   [TAGGED_WITH] 3,772,000/8,525,257 baris tertulis
18:13:23 |   [TAGGED_WITH] 3,774,000/8,525,257 baris tertulis
18:13:23 |   [TAGGED_WITH] 3,776,000/8,525,257 baris tertulis
18:13:24 |   [TAGGED_WITH] 3,778,000/8,525,257 baris tertulis
18:13:24 |   [TAGGED_WITH] 3,780,000/8,525,257 baris tertulis
18:13:24 |   [TAGGED_WITH] 3,782,000/8,525,257 baris tertulis
18:13:24 |   [TAGGED_WITH] 3,784,000/8,525,257 baris tertulis
18:13:24 |   [TAGGED_WITH] 3,786,000/8,525,257 baris tertulis
18:13:24 |   [TAGGED_WITH] 3,788,000/8,525,257 baris tertulis
18:13:24 |   [TAGGED_WITH] 3,790,000/8,525,257 baris tertulis
18:13:24 |   [TAGGED_WITH] 3,792,000/8,525,257 baris tertulis
18:13:24 |   [TAGGED_WITH] 3,794,000/8,525,257 baris tertulis
18:13:24 |   [TAGGED_WITH] 3,796,000/8,525,257 baris tertulis
18:13:25 |   [TAGGED_WITH] 3,798,000/8,525,257 baris tertulis
18:13:25 |   [TAGGED_WITH] 3,800,000/8,525,257 baris tertulis
18:13:25 |   [TAGGED_WITH] 3,802,000/8,525,257 baris tertulis
18:13:25 |   [TAGGED_WITH] 3,804,000/8,525,257 baris tertulis
18:13:25 |   [TAGGED_WITH] 3,806,000/8,525,257 baris tertulis
18:13:25 |   [TAGGED_WITH] 3,808,000/8,525,257 baris tertulis
18:13:25 |   [TAGGED_WITH] 3,810,000/8,525,257 baris tertulis
18:13:25 |   [TAGGED_WITH] 3,812,000/8,525,257 baris tertulis
18:13:25 |   [TAGGED_WITH] 3,814,000/8,525,257 baris tertulis
18:13:25 |   [TAGGED_WITH] 3,816,000/8,525,257 baris tertulis
18:13:25 |   [TAGGED_WITH] 3,818,000/8,525,257 baris tertulis
18:13:26 |   [TAGGED_WITH] 3,820,000/8,525,257 baris tertulis
18:13:26 |   [TAGGED_WITH] 3,822,000/8,525,257 baris tertulis
18:13:26 |   [TAGGED_WITH] 3,824,000/8,525,257 baris tertulis
18:13:26 |   [TAGGED_WITH] 3,826,000/8,525,257 baris tertulis
18:13:26 |   [TAGGED_WITH] 3,828,000/8,525,257 baris tertulis
18:13:26 |   [TAGGED_WITH] 3,830,000/8,525,257 baris tertulis
18:13:26 |   [TAGGED_WITH] 3,832,000/8,525,257 baris tertulis
18:13:26 |   [TAGGED_WITH] 3,834,000/8,525,257 baris tertulis
18:13:26 |   [TAGGED_WITH] 3,836,000/8,525,257 baris tertulis
18:13:26 |   [TAGGED_WITH] 3,838,000/8,525,257 baris tertulis
18:13:26 |   [TAGGED_WITH] 3,840,000/8,525,257 baris tertulis
18:13:27 |   [TAGGED_WITH] 3,842,000/8,525,257 baris tertulis
18:13:27 |   [TAGGED_WITH] 3,844,000/8,525,257 baris tertulis
18:13:27 |   [TAGGED_WITH] 3,846,000/8,525,257 baris tertulis
18:13:27 |   [TAGGED_WITH] 3,848,000/8,525,257 baris tertulis
18:13:27 |   [TAGGED_WITH] 3,850,000/8,525,257 baris tertulis
18:13:27 |   [TAGGED_WITH] 3,852,000/8,525,257 baris tertulis
18:13:27 |   [TAGGED_WITH] 3,854,000/8,525,257 baris tertulis
18:13:27 |   [TAGGED_WITH] 3,856,000/8,525,257 baris tertulis
18:13:27 |   [TAGGED_WITH] 3,858,000/8,525,257 baris tertulis
18:13:27 |   [TAGGED_WITH] 3,860,000/8,525,257 baris tertulis
18:13:27 |   [TAGGED_WITH] 3,862,000/8,525,257 baris tertulis
18:13:28 |   [TAGGED_WITH] 3,864,000/8,525,257 baris tertulis
18:13:28 |   [TAGGED_WITH] 3,866,000/8,525,257 baris tertulis
18:13:28 |   [TAGGED_WITH] 3,868,000/8,525,257 baris tertulis
18:13:28 |   [TAGGED_WITH] 3,870,000/8,525,257 baris tertulis
18:13:28 |   [TAGGED_WITH] 3,872,000/8,525,257 baris tertulis
18:13:28 |   [TAGGED_WITH] 3,874,000/8,525,257 baris tertulis
18:13:28 |   [TAGGED_WITH] 3,876,000/8,525,257 baris tertulis
18:13:28 |   [TAGGED_WITH] 3,878,000/8,525,257 baris tertulis
18:13:28 |   [TAGGED_WITH] 3,880,000/8,525,257 baris tertulis
18:13:28 |   [TAGGED_WITH] 3,882,000/8,525,257 baris tertulis
18:13:28 |   [TAGGED_WITH] 3,884,000/8,525,257 baris tertulis
18:13:29 |   [TAGGED_WITH] 3,886,000/8,525,257 baris tertulis
18:13:29 |   [TAGGED_WITH] 3,888,000/8,525,257 baris tertulis
18:13:29 |   [TAGGED_WITH] 3,890,000/8,525,257 baris tertulis
18:13:29 |   [TAGGED_WITH] 3,892,000/8,525,257 baris tertulis
18:13:29 |   [TAGGED_WITH] 3,894,000/8,525,257 baris tertulis
18:13:29 |   [TAGGED_WITH] 3,896,000/8,525,257 baris tertulis
18:13:29 |   [TAGGED_WITH] 3,898,000/8,525,257 baris tertulis
18:13:29 |   [TAGGED_WITH] 3,900,000/8,525,257 baris tertulis
18:13:29 |   [TAGGED_WITH] 3,902,000/8,525,257 baris tertulis
18:13:29 |   [TAGGED_WITH] 3,904,000/8,525,257 baris tertulis
18:13:29 |   [TAGGED_WITH] 3,906,000/8,525,257 baris tertulis
18:13:30 |   [TAGGED_WITH] 3,908,000/8,525,257 baris tertulis
18:13:30 |   [TAGGED_WITH] 3,910,000/8,525,257 baris tertulis
18:13:30 |   [TAGGED_WITH] 3,912,000/8,525,257 baris tertulis
18:13:30 |   [TAGGED_WITH] 3,914,000/8,525,257 baris tertulis
18:13:30 |   [TAGGED_WITH] 3,916,000/8,525,257 baris tertulis
18:13:30 |   [TAGGED_WITH] 3,918,000/8,525,257 baris tertulis
18:13:30 |   [TAGGED_WITH] 3,920,000/8,525,257 baris tertulis
18:13:30 |   [TAGGED_WITH] 3,922,000/8,525,257 baris tertulis
18:13:30 |   [TAGGED_WITH] 3,924,000/8,525,257 baris tertulis
18:13:30 |   [TAGGED_WITH] 3,926,000/8,525,257 baris tertulis
18:13:31 |   [TAGGED_WITH] 3,928,000/8,525,257 baris tertulis
18:13:31 |   [TAGGED_WITH] 3,930,000/8,525,257 baris tertulis
18:13:31 |   [TAGGED_WITH] 3,932,000/8,525,257 baris tertulis
18:13:31 |   [TAGGED_WITH] 3,934,000/8,525,257 baris tertulis
18:13:31 |   [TAGGED_WITH] 3,936,000/8,525,257 baris tertulis
18:13:31 |   [TAGGED_WITH] 3,938,000/8,525,257 baris tertulis
18:13:31 |   [TAGGED_WITH] 3,940,000/8,525,257 baris tertulis
18:13:31 |   [TAGGED_WITH] 3,942,000/8,525,257 baris tertulis
18:13:31 |   [TAGGED_WITH] 3,944,000/8,525,257 baris tertulis
18:13:31 |   [TAGGED_WITH] 3,946,000/8,525,257 baris tertulis
18:13:31 |   [TAGGED_WITH] 3,948,000/8,525,257 baris tertulis
18:13:32 |   [TAGGED_WITH] 3,950,000/8,525,257 baris tertulis
18:13:32 |   [TAGGED_WITH] 3,952,000/8,525,257 baris tertulis
18:13:32 |   [TAGGED_WITH] 3,954,000/8,525,257 baris tertulis
18:13:32 |   [TAGGED_WITH] 3,956,000/8,525,257 baris tertulis
18:13:32 |   [TAGGED_WITH] 3,958,000/8,525,257 baris tertulis
18:13:32 |   [TAGGED_WITH] 3,960,000/8,525,257 baris tertulis
18:13:32 |   [TAGGED_WITH] 3,962,000/8,525,257 baris tertulis
18:13:32 |   [TAGGED_WITH] 3,964,000/8,525,257 baris tertulis
18:13:32 |   [TAGGED_WITH] 3,966,000/8,525,257 baris tertulis
18:13:32 |   [TAGGED_WITH] 3,968,000/8,525,257 baris tertulis
18:13:32 |   [TAGGED_WITH] 3,970,000/8,525,257 baris tertulis
18:13:32 |   [TAGGED_WITH] 3,972,000/8,525,257 baris tertulis
18:13:33 |   [TAGGED_WITH] 3,974,000/8,525,257 baris tertulis
18:13:33 |   [TAGGED_WITH] 3,976,000/8,525,257 baris tertulis
18:13:33 |   [TAGGED_WITH] 3,978,000/8,525,257 baris tertulis
18:13:33 |   [TAGGED_WITH] 3,980,000/8,525,257 baris tertulis
18:13:33 |   [TAGGED_WITH] 3,982,000/8,525,257 baris tertulis
18:13:33 |   [TAGGED_WITH] 3,984,000/8,525,257 baris tertulis
18:13:33 |   [TAGGED_WITH] 3,986,000/8,525,257 baris tertulis
18:13:33 |   [TAGGED_WITH] 3,988,000/8,525,257 baris tertulis
18:13:33 |   [TAGGED_WITH] 3,990,000/8,525,257 baris tertulis
18:13:33 |   [TAGGED_WITH] 3,992,000/8,525,257 baris tertulis
18:13:33 |   [TAGGED_WITH] 3,994,000/8,525,257 baris tertulis
18:13:34 |   [TAGGED_WITH] 3,996,000/8,525,257 baris tertulis
18:13:34 |   [TAGGED_WITH] 3,998,000/8,525,257 baris tertulis
18:13:34 |   [TAGGED_WITH] 4,000,000/8,525,257 baris tertulis
18:13:34 |   [TAGGED_WITH] 4,002,000/8,525,257 baris tertulis
18:13:34 |   [TAGGED_WITH] 4,004,000/8,525,257 baris tertulis
18:13:34 |   [TAGGED_WITH] 4,006,000/8,525,257 baris tertulis
18:13:34 |   [TAGGED_WITH] 4,008,000/8,525,257 baris tertulis
18:13:34 |   [TAGGED_WITH] 4,010,000/8,525,257 baris tertulis
18:13:34 |   [TAGGED_WITH] 4,012,000/8,525,257 baris tertulis
18:13:34 |   [TAGGED_WITH] 4,014,000/8,525,257 baris tertulis
18:13:34 |   [TAGGED_WITH] 4,016,000/8,525,257 baris tertulis
18:13:35 |   [TAGGED_WITH] 4,018,000/8,525,257 baris tertulis
18:13:35 |   [TAGGED_WITH] 4,020,000/8,525,257 baris tertulis
18:13:35 |   [TAGGED_WITH] 4,022,000/8,525,257 baris tertulis
18:13:35 |   [TAGGED_WITH] 4,024,000/8,525,257 baris tertulis
18:13:35 |   [TAGGED_WITH] 4,026,000/8,525,257 baris tertulis
18:13:35 |   [TAGGED_WITH] 4,028,000/8,525,257 baris tertulis
18:13:35 |   [TAGGED_WITH] 4,030,000/8,525,257 baris tertulis
18:13:35 |   [TAGGED_WITH] 4,032,000/8,525,257 baris tertulis
18:13:35 |   [TAGGED_WITH] 4,034,000/8,525,257 baris tertulis
18:13:35 |   [TAGGED_WITH] 4,036,000/8,525,257 baris tertulis
18:13:36 |   [TAGGED_WITH] 4,038,000/8,525,257 baris tertulis
18:13:36 |   [TAGGED_WITH] 4,040,000/8,525,257 baris tertulis
18:13:36 |   [TAGGED_WITH] 4,042,000/8,525,257 baris tertulis
18:13:36 |   [TAGGED_WITH] 4,044,000/8,525,257 baris tertulis
18:13:36 |   [TAGGED_WITH] 4,046,000/8,525,257 baris tertulis
18:13:36 |   [TAGGED_WITH] 4,048,000/8,525,257 baris tertulis
18:13:36 |   [TAGGED_WITH] 4,050,000/8,525,257 baris tertulis
18:13:36 |   [TAGGED_WITH] 4,052,000/8,525,257 baris tertulis
18:13:36 |   [TAGGED_WITH] 4,054,000/8,525,257 baris tertulis
18:13:36 |   [TAGGED_WITH] 4,056,000/8,525,257 baris tertulis
18:13:36 |   [TAGGED_WITH] 4,058,000/8,525,257 baris tertulis
18:13:37 |   [TAGGED_WITH] 4,060,000/8,525,257 baris tertulis
18:13:37 |   [TAGGED_WITH] 4,062,000/8,525,257 baris tertulis
18:13:37 |   [TAGGED_WITH] 4,064,000/8,525,257 baris tertulis
18:13:37 |   [TAGGED_WITH] 4,066,000/8,525,257 baris tertulis
18:13:37 |   [TAGGED_WITH] 4,068,000/8,525,257 baris tertulis
18:13:37 |   [TAGGED_WITH] 4,070,000/8,525,257 baris tertulis
18:13:37 |   [TAGGED_WITH] 4,072,000/8,525,257 baris tertulis
18:13:37 |   [TAGGED_WITH] 4,074,000/8,525,257 baris tertulis
18:13:37 |   [TAGGED_WITH] 4,076,000/8,525,257 baris tertulis
18:13:37 |   [TAGGED_WITH] 4,078,000/8,525,257 baris tertulis
18:13:37 |   [TAGGED_WITH] 4,080,000/8,525,257 baris tertulis
18:13:38 |   [TAGGED_WITH] 4,082,000/8,525,257 baris tertulis
18:13:38 |   [TAGGED_WITH] 4,084,000/8,525,257 baris tertulis
18:13:38 |   [TAGGED_WITH] 4,086,000/8,525,257 baris tertulis
18:13:38 |   [TAGGED_WITH] 4,088,000/8,525,257 baris tertulis
18:13:38 |   [TAGGED_WITH] 4,090,000/8,525,257 baris tertulis
18:13:38 |   [TAGGED_WITH] 4,092,000/8,525,257 baris tertulis
18:13:38 |   [TAGGED_WITH] 4,094,000/8,525,257 baris tertulis
18:13:38 |   [TAGGED_WITH] 4,096,000/8,525,257 baris tertulis
18:13:38 |   [TAGGED_WITH] 4,098,000/8,525,257 baris tertulis
18:13:38 |   [TAGGED_WITH] 4,100,000/8,525,257 baris tertulis
18:13:38 |   [TAGGED_WITH] 4,102,000/8,525,257 baris tertulis
18:13:39 |   [TAGGED_WITH] 4,104,000/8,525,257 baris tertulis
18:13:39 |   [TAGGED_WITH] 4,106,000/8,525,257 baris tertulis
18:13:39 |   [TAGGED_WITH] 4,108,000/8,525,257 baris tertulis
18:13:39 |   [TAGGED_WITH] 4,110,000/8,525,257 baris tertulis
18:13:39 |   [TAGGED_WITH] 4,112,000/8,525,257 baris tertulis
18:13:39 |   [TAGGED_WITH] 4,114,000/8,525,257 baris tertulis
18:13:39 |   [TAGGED_WITH] 4,116,000/8,525,257 baris tertulis
18:13:39 |   [TAGGED_WITH] 4,118,000/8,525,257 baris tertulis
18:13:39 |   [TAGGED_WITH] 4,120,000/8,525,257 baris tertulis
18:13:39 |   [TAGGED_WITH] 4,122,000/8,525,257 baris tertulis
18:13:39 |   [TAGGED_WITH] 4,124,000/8,525,257 baris tertulis
18:13:40 |   [TAGGED_WITH] 4,126,000/8,525,257 baris tertulis
18:13:40 |   [TAGGED_WITH] 4,128,000/8,525,257 baris tertulis
18:13:40 |   [TAGGED_WITH] 4,130,000/8,525,257 baris tertulis
18:13:40 |   [TAGGED_WITH] 4,132,000/8,525,257 baris tertulis
18:13:40 |   [TAGGED_WITH] 4,134,000/8,525,257 baris tertulis
18:13:40 |   [TAGGED_WITH] 4,136,000/8,525,257 baris tertulis
18:13:40 |   [TAGGED_WITH] 4,138,000/8,525,257 baris tertulis
18:13:40 |   [TAGGED_WITH] 4,140,000/8,525,257 baris tertulis
18:13:40 |   [TAGGED_WITH] 4,142,000/8,525,257 baris tertulis
18:13:40 |   [TAGGED_WITH] 4,144,000/8,525,257 baris tertulis
18:13:40 |   [TAGGED_WITH] 4,146,000/8,525,257 baris tertulis
18:13:41 |   [TAGGED_WITH] 4,148,000/8,525,257 baris tertulis
18:13:41 |   [TAGGED_WITH] 4,150,000/8,525,257 baris tertulis
18:13:41 |   [TAGGED_WITH] 4,152,000/8,525,257 baris tertulis
18:13:41 |   [TAGGED_WITH] 4,154,000/8,525,257 baris tertulis
18:13:41 |   [TAGGED_WITH] 4,156,000/8,525,257 baris tertulis
18:13:41 |   [TAGGED_WITH] 4,158,000/8,525,257 baris tertulis
18:13:41 |   [TAGGED_WITH] 4,160,000/8,525,257 baris tertulis
18:13:41 |   [TAGGED_WITH] 4,162,000/8,525,257 baris tertulis
18:13:41 |   [TAGGED_WITH] 4,164,000/8,525,257 baris tertulis
18:13:41 |   [TAGGED_WITH] 4,166,000/8,525,257 baris tertulis
18:13:41 |   [TAGGED_WITH] 4,168,000/8,525,257 baris tertulis
18:13:42 |   [TAGGED_WITH] 4,170,000/8,525,257 baris tertulis
18:13:42 |   [TAGGED_WITH] 4,172,000/8,525,257 baris tertulis
18:13:42 |   [TAGGED_WITH] 4,174,000/8,525,257 baris tertulis
18:13:42 |   [TAGGED_WITH] 4,176,000/8,525,257 baris tertulis
18:13:42 |   [TAGGED_WITH] 4,178,000/8,525,257 baris tertulis
18:13:42 |   [TAGGED_WITH] 4,180,000/8,525,257 baris tertulis
18:13:42 |   [TAGGED_WITH] 4,182,000/8,525,257 baris tertulis
18:13:42 |   [TAGGED_WITH] 4,184,000/8,525,257 baris tertulis
18:13:42 |   [TAGGED_WITH] 4,186,000/8,525,257 baris tertulis
18:13:43 |   [TAGGED_WITH] 4,188,000/8,525,257 baris tertulis
18:13:43 |   [TAGGED_WITH] 4,190,000/8,525,257 baris tertulis
18:13:43 |   [TAGGED_WITH] 4,192,000/8,525,257 baris tertulis
18:13:43 |   [TAGGED_WITH] 4,194,000/8,525,257 baris tertulis
18:13:43 |   [TAGGED_WITH] 4,196,000/8,525,257 baris tertulis
18:13:43 |   [TAGGED_WITH] 4,198,000/8,525,257 baris tertulis
18:13:43 |   [TAGGED_WITH] 4,200,000/8,525,257 baris tertulis
18:13:43 |   [TAGGED_WITH] 4,202,000/8,525,257 baris tertulis
18:13:44 |   [TAGGED_WITH] 4,204,000/8,525,257 baris tertulis
18:13:44 |   [TAGGED_WITH] 4,206,000/8,525,257 baris tertulis
18:13:44 |   [TAGGED_WITH] 4,208,000/8,525,257 baris tertulis
18:13:44 |   [TAGGED_WITH] 4,210,000/8,525,257 baris tertulis
18:13:44 |   [TAGGED_WITH] 4,212,000/8,525,257 baris tertulis
18:13:44 |   [TAGGED_WITH] 4,214,000/8,525,257 baris tertulis
18:13:44 |   [TAGGED_WITH] 4,216,000/8,525,257 baris tertulis
18:13:44 |   [TAGGED_WITH] 4,218,000/8,525,257 baris tertulis
18:13:44 |   [TAGGED_WITH] 4,220,000/8,525,257 baris tertulis
18:13:44 |   [TAGGED_WITH] 4,222,000/8,525,257 baris tertulis
18:13:44 |   [TAGGED_WITH] 4,224,000/8,525,257 baris tertulis
18:13:45 |   [TAGGED_WITH] 4,226,000/8,525,257 baris tertulis
18:13:45 |   [TAGGED_WITH] 4,228,000/8,525,257 baris tertulis
18:13:45 |   [TAGGED_WITH] 4,230,000/8,525,257 baris tertulis
18:13:45 |   [TAGGED_WITH] 4,232,000/8,525,257 baris tertulis
18:13:45 |   [TAGGED_WITH] 4,234,000/8,525,257 baris tertulis
18:13:45 |   [TAGGED_WITH] 4,236,000/8,525,257 baris tertulis
18:13:45 |   [TAGGED_WITH] 4,238,000/8,525,257 baris tertulis
18:13:45 |   [TAGGED_WITH] 4,240,000/8,525,257 baris tertulis
18:13:45 |   [TAGGED_WITH] 4,242,000/8,525,257 baris tertulis
18:13:45 |   [TAGGED_WITH] 4,244,000/8,525,257 baris tertulis
18:13:45 |   [TAGGED_WITH] 4,246,000/8,525,257 baris tertulis
18:13:46 |   [TAGGED_WITH] 4,248,000/8,525,257 baris tertulis
18:13:46 |   [TAGGED_WITH] 4,250,000/8,525,257 baris tertulis
18:13:46 |   [TAGGED_WITH] 4,252,000/8,525,257 baris tertulis
18:13:46 |   [TAGGED_WITH] 4,254,000/8,525,257 baris tertulis
18:13:46 |   [TAGGED_WITH] 4,256,000/8,525,257 baris tertulis
18:13:46 |   [TAGGED_WITH] 4,258,000/8,525,257 baris tertulis
18:13:46 |   [TAGGED_WITH] 4,260,000/8,525,257 baris tertulis
18:13:46 |   [TAGGED_WITH] 4,262,000/8,525,257 baris tertulis
18:13:46 |   [TAGGED_WITH] 4,264,000/8,525,257 baris tertulis
18:13:46 |   [TAGGED_WITH] 4,266,000/8,525,257 baris tertulis
18:13:46 |   [TAGGED_WITH] 4,268,000/8,525,257 baris tertulis
18:13:47 |   [TAGGED_WITH] 4,270,000/8,525,257 baris tertulis
18:13:47 |   [TAGGED_WITH] 4,272,000/8,525,257 baris tertulis
18:13:47 |   [TAGGED_WITH] 4,274,000/8,525,257 baris tertulis
18:13:47 |   [TAGGED_WITH] 4,276,000/8,525,257 baris tertulis
18:13:47 |   [TAGGED_WITH] 4,278,000/8,525,257 baris tertulis
18:13:47 |   [TAGGED_WITH] 4,280,000/8,525,257 baris tertulis
18:13:47 |   [TAGGED_WITH] 4,282,000/8,525,257 baris tertulis
18:13:47 |   [TAGGED_WITH] 4,284,000/8,525,257 baris tertulis
18:13:47 |   [TAGGED_WITH] 4,286,000/8,525,257 baris tertulis
18:13:47 |   [TAGGED_WITH] 4,288,000/8,525,257 baris tertulis
18:13:47 |   [TAGGED_WITH] 4,290,000/8,525,257 baris tertulis
18:13:48 |   [TAGGED_WITH] 4,292,000/8,525,257 baris tertulis
18:13:48 |   [TAGGED_WITH] 4,294,000/8,525,257 baris tertulis
18:13:48 |   [TAGGED_WITH] 4,296,000/8,525,257 baris tertulis
18:13:48 |   [TAGGED_WITH] 4,298,000/8,525,257 baris tertulis
18:13:48 |   [TAGGED_WITH] 4,300,000/8,525,257 baris tertulis
18:13:48 |   [TAGGED_WITH] 4,302,000/8,525,257 baris tertulis
18:13:48 |   [TAGGED_WITH] 4,304,000/8,525,257 baris tertulis
18:13:48 |   [TAGGED_WITH] 4,306,000/8,525,257 baris tertulis
18:13:48 |   [TAGGED_WITH] 4,308,000/8,525,257 baris tertulis
18:13:48 |   [TAGGED_WITH] 4,310,000/8,525,257 baris tertulis
18:13:48 |   [TAGGED_WITH] 4,312,000/8,525,257 baris tertulis
18:13:49 |   [TAGGED_WITH] 4,314,000/8,525,257 baris tertulis
18:13:49 |   [TAGGED_WITH] 4,316,000/8,525,257 baris tertulis
18:13:49 |   [TAGGED_WITH] 4,318,000/8,525,257 baris tertulis
18:13:49 |   [TAGGED_WITH] 4,320,000/8,525,257 baris tertulis
18:13:49 |   [TAGGED_WITH] 4,322,000/8,525,257 baris tertulis
18:13:49 |   [TAGGED_WITH] 4,324,000/8,525,257 baris tertulis
18:13:49 |   [TAGGED_WITH] 4,326,000/8,525,257 baris tertulis
18:13:49 |   [TAGGED_WITH] 4,328,000/8,525,257 baris tertulis
18:13:49 |   [TAGGED_WITH] 4,330,000/8,525,257 baris tertulis
18:13:49 |   [TAGGED_WITH] 4,332,000/8,525,257 baris tertulis
18:13:50 |   [TAGGED_WITH] 4,334,000/8,525,257 baris tertulis
18:13:50 |   [TAGGED_WITH] 4,336,000/8,525,257 baris tertulis
18:13:50 |   [TAGGED_WITH] 4,338,000/8,525,257 baris tertulis
18:13:50 |   [TAGGED_WITH] 4,340,000/8,525,257 baris tertulis
18:13:50 |   [TAGGED_WITH] 4,342,000/8,525,257 baris tertulis
18:13:50 |   [TAGGED_WITH] 4,344,000/8,525,257 baris tertulis
18:13:50 |   [TAGGED_WITH] 4,346,000/8,525,257 baris tertulis
18:13:50 |   [TAGGED_WITH] 4,348,000/8,525,257 baris tertulis
18:13:50 |   [TAGGED_WITH] 4,350,000/8,525,257 baris tertulis
18:13:50 |   [TAGGED_WITH] 4,352,000/8,525,257 baris tertulis
18:13:50 |   [TAGGED_WITH] 4,354,000/8,525,257 baris tertulis
18:13:51 |   [TAGGED_WITH] 4,356,000/8,525,257 baris tertulis
18:13:51 |   [TAGGED_WITH] 4,358,000/8,525,257 baris tertulis
18:13:51 |   [TAGGED_WITH] 4,360,000/8,525,257 baris tertulis
18:13:51 |   [TAGGED_WITH] 4,362,000/8,525,257 baris tertulis
18:13:51 |   [TAGGED_WITH] 4,364,000/8,525,257 baris tertulis
18:13:51 |   [TAGGED_WITH] 4,366,000/8,525,257 baris tertulis
18:13:51 |   [TAGGED_WITH] 4,368,000/8,525,257 baris tertulis
18:13:51 |   [TAGGED_WITH] 4,370,000/8,525,257 baris tertulis
18:13:51 |   [TAGGED_WITH] 4,372,000/8,525,257 baris tertulis
18:13:51 |   [TAGGED_WITH] 4,374,000/8,525,257 baris tertulis
18:13:51 |   [TAGGED_WITH] 4,376,000/8,525,257 baris tertulis
18:13:52 |   [TAGGED_WITH] 4,378,000/8,525,257 baris tertulis
18:13:52 |   [TAGGED_WITH] 4,380,000/8,525,257 baris tertulis
18:13:52 |   [TAGGED_WITH] 4,382,000/8,525,257 baris tertulis
18:13:52 |   [TAGGED_WITH] 4,384,000/8,525,257 baris tertulis
18:13:52 |   [TAGGED_WITH] 4,386,000/8,525,257 baris tertulis
18:13:52 |   [TAGGED_WITH] 4,388,000/8,525,257 baris tertulis
18:13:52 |   [TAGGED_WITH] 4,390,000/8,525,257 baris tertulis
18:13:52 |   [TAGGED_WITH] 4,392,000/8,525,257 baris tertulis
18:13:52 |   [TAGGED_WITH] 4,394,000/8,525,257 baris tertulis
18:13:52 |   [TAGGED_WITH] 4,396,000/8,525,257 baris tertulis
18:13:52 |   [TAGGED_WITH] 4,398,000/8,525,257 baris tertulis
18:13:53 |   [TAGGED_WITH] 4,400,000/8,525,257 baris tertulis
18:13:53 |   [TAGGED_WITH] 4,402,000/8,525,257 baris tertulis
18:13:53 |   [TAGGED_WITH] 4,404,000/8,525,257 baris tertulis
18:13:53 |   [TAGGED_WITH] 4,406,000/8,525,257 baris tertulis
18:13:53 |   [TAGGED_WITH] 4,408,000/8,525,257 baris tertulis
18:13:53 |   [TAGGED_WITH] 4,410,000/8,525,257 baris tertulis
18:13:53 |   [TAGGED_WITH] 4,412,000/8,525,257 baris tertulis
18:13:53 |   [TAGGED_WITH] 4,414,000/8,525,257 baris tertulis
18:13:53 |   [TAGGED_WITH] 4,416,000/8,525,257 baris tertulis
18:13:54 |   [TAGGED_WITH] 4,418,000/8,525,257 baris tertulis
18:13:54 |   [TAGGED_WITH] 4,420,000/8,525,257 baris tertulis
18:13:54 |   [TAGGED_WITH] 4,422,000/8,525,257 baris tertulis
18:13:54 |   [TAGGED_WITH] 4,424,000/8,525,257 baris tertulis
18:13:54 |   [TAGGED_WITH] 4,426,000/8,525,257 baris tertulis
18:13:54 |   [TAGGED_WITH] 4,428,000/8,525,257 baris tertulis
18:13:54 |   [TAGGED_WITH] 4,430,000/8,525,257 baris tertulis
18:13:54 |   [TAGGED_WITH] 4,432,000/8,525,257 baris tertulis
18:13:54 |   [TAGGED_WITH] 4,434,000/8,525,257 baris tertulis
18:13:54 |   [TAGGED_WITH] 4,436,000/8,525,257 baris tertulis
18:13:55 |   [TAGGED_WITH] 4,438,000/8,525,257 baris tertulis
18:13:55 |   [TAGGED_WITH] 4,440,000/8,525,257 baris tertulis
18:13:55 |   [TAGGED_WITH] 4,442,000/8,525,257 baris tertulis
18:13:55 |   [TAGGED_WITH] 4,444,000/8,525,257 baris tertulis
18:13:55 |   [TAGGED_WITH] 4,446,000/8,525,257 baris tertulis
18:13:55 |   [TAGGED_WITH] 4,448,000/8,525,257 baris tertulis
18:13:55 |   [TAGGED_WITH] 4,450,000/8,525,257 baris tertulis
18:13:55 |   [TAGGED_WITH] 4,452,000/8,525,257 baris tertulis
18:13:55 |   [TAGGED_WITH] 4,454,000/8,525,257 baris tertulis
18:13:55 |   [TAGGED_WITH] 4,456,000/8,525,257 baris tertulis
18:13:55 |   [TAGGED_WITH] 4,458,000/8,525,257 baris tertulis
18:13:56 |   [TAGGED_WITH] 4,460,000/8,525,257 baris tertulis
18:13:56 |   [TAGGED_WITH] 4,462,000/8,525,257 baris tertulis
18:13:56 |   [TAGGED_WITH] 4,464,000/8,525,257 baris tertulis
18:13:56 |   [TAGGED_WITH] 4,466,000/8,525,257 baris tertulis
18:13:56 |   [TAGGED_WITH] 4,468,000/8,525,257 baris tertulis
18:13:56 |   [TAGGED_WITH] 4,470,000/8,525,257 baris tertulis
18:13:56 |   [TAGGED_WITH] 4,472,000/8,525,257 baris tertulis
18:13:56 |   [TAGGED_WITH] 4,474,000/8,525,257 baris tertulis
18:13:56 |   [TAGGED_WITH] 4,476,000/8,525,257 baris tertulis
18:13:56 |   [TAGGED_WITH] 4,478,000/8,525,257 baris tertulis
18:13:56 |   [TAGGED_WITH] 4,480,000/8,525,257 baris tertulis
18:13:57 |   [TAGGED_WITH] 4,482,000/8,525,257 baris tertulis
18:13:57 |   [TAGGED_WITH] 4,484,000/8,525,257 baris tertulis
18:13:57 |   [TAGGED_WITH] 4,486,000/8,525,257 baris tertulis
18:13:57 |   [TAGGED_WITH] 4,488,000/8,525,257 baris tertulis
18:13:57 |   [TAGGED_WITH] 4,490,000/8,525,257 baris tertulis
18:13:57 |   [TAGGED_WITH] 4,492,000/8,525,257 baris tertulis
18:13:57 |   [TAGGED_WITH] 4,494,000/8,525,257 baris tertulis
18:13:57 |   [TAGGED_WITH] 4,496,000/8,525,257 baris tertulis
18:13:57 |   [TAGGED_WITH] 4,498,000/8,525,257 baris tertulis
18:13:58 |   [TAGGED_WITH] 4,500,000/8,525,257 baris tertulis
18:13:58 |   [TAGGED_WITH] 4,502,000/8,525,257 baris tertulis
18:13:58 |   [TAGGED_WITH] 4,504,000/8,525,257 baris tertulis
18:13:58 |   [TAGGED_WITH] 4,506,000/8,525,257 baris tertulis
18:13:58 |   [TAGGED_WITH] 4,508,000/8,525,257 baris tertulis
18:13:58 |   [TAGGED_WITH] 4,510,000/8,525,257 baris tertulis
18:13:58 |   [TAGGED_WITH] 4,512,000/8,525,257 baris tertulis
18:13:58 |   [TAGGED_WITH] 4,514,000/8,525,257 baris tertulis
18:13:58 |   [TAGGED_WITH] 4,516,000/8,525,257 baris tertulis
18:13:58 |   [TAGGED_WITH] 4,518,000/8,525,257 baris tertulis
18:13:58 |   [TAGGED_WITH] 4,520,000/8,525,257 baris tertulis
18:13:59 |   [TAGGED_WITH] 4,522,000/8,525,257 baris tertulis
18:13:59 |   [TAGGED_WITH] 4,524,000/8,525,257 baris tertulis
18:13:59 |   [TAGGED_WITH] 4,526,000/8,525,257 baris tertulis
18:13:59 |   [TAGGED_WITH] 4,528,000/8,525,257 baris tertulis
18:13:59 |   [TAGGED_WITH] 4,530,000/8,525,257 baris tertulis
18:13:59 |   [TAGGED_WITH] 4,532,000/8,525,257 baris tertulis
18:13:59 |   [TAGGED_WITH] 4,534,000/8,525,257 baris tertulis
18:13:59 |   [TAGGED_WITH] 4,536,000/8,525,257 baris tertulis
18:13:59 |   [TAGGED_WITH] 4,538,000/8,525,257 baris tertulis
18:13:59 |   [TAGGED_WITH] 4,540,000/8,525,257 baris tertulis
18:14:00 |   [TAGGED_WITH] 4,542,000/8,525,257 baris tertulis
18:14:00 |   [TAGGED_WITH] 4,544,000/8,525,257 baris tertulis
18:14:00 |   [TAGGED_WITH] 4,546,000/8,525,257 baris tertulis
18:14:00 |   [TAGGED_WITH] 4,548,000/8,525,257 baris tertulis
18:14:00 |   [TAGGED_WITH] 4,550,000/8,525,257 baris tertulis
18:14:00 |   [TAGGED_WITH] 4,552,000/8,525,257 baris tertulis
18:14:00 |   [TAGGED_WITH] 4,554,000/8,525,257 baris tertulis
18:14:00 |   [TAGGED_WITH] 4,556,000/8,525,257 baris tertulis
18:14:00 |   [TAGGED_WITH] 4,558,000/8,525,257 baris tertulis
18:14:00 |   [TAGGED_WITH] 4,560,000/8,525,257 baris tertulis
18:14:01 |   [TAGGED_WITH] 4,562,000/8,525,257 baris tertulis
18:14:01 |   [TAGGED_WITH] 4,564,000/8,525,257 baris tertulis
18:14:01 |   [TAGGED_WITH] 4,566,000/8,525,257 baris tertulis
18:14:01 |   [TAGGED_WITH] 4,568,000/8,525,257 baris tertulis
18:14:01 |   [TAGGED_WITH] 4,570,000/8,525,257 baris tertulis
18:14:01 |   [TAGGED_WITH] 4,572,000/8,525,257 baris tertulis
18:14:01 |   [TAGGED_WITH] 4,574,000/8,525,257 baris tertulis
18:14:01 |   [TAGGED_WITH] 4,576,000/8,525,257 baris tertulis
18:14:01 |   [TAGGED_WITH] 4,578,000/8,525,257 baris tertulis
18:14:01 |   [TAGGED_WITH] 4,580,000/8,525,257 baris tertulis
18:14:01 |   [TAGGED_WITH] 4,582,000/8,525,257 baris tertulis
18:14:02 |   [TAGGED_WITH] 4,584,000/8,525,257 baris tertulis
18:14:02 |   [TAGGED_WITH] 4,586,000/8,525,257 baris tertulis
18:14:02 |   [TAGGED_WITH] 4,588,000/8,525,257 baris tertulis
18:14:02 |   [TAGGED_WITH] 4,590,000/8,525,257 baris tertulis
18:14:02 |   [TAGGED_WITH] 4,592,000/8,525,257 baris tertulis
18:14:02 |   [TAGGED_WITH] 4,594,000/8,525,257 baris tertulis
18:14:02 |   [TAGGED_WITH] 4,596,000/8,525,257 baris tertulis
18:14:02 |   [TAGGED_WITH] 4,598,000/8,525,257 baris tertulis
18:14:02 |   [TAGGED_WITH] 4,600,000/8,525,257 baris tertulis
18:14:02 |   [TAGGED_WITH] 4,602,000/8,525,257 baris tertulis
18:14:02 |   [TAGGED_WITH] 4,604,000/8,525,257 baris tertulis
18:14:03 |   [TAGGED_WITH] 4,606,000/8,525,257 baris tertulis
18:14:03 |   [TAGGED_WITH] 4,608,000/8,525,257 baris tertulis
18:14:03 |   [TAGGED_WITH] 4,610,000/8,525,257 baris tertulis
18:14:03 |   [TAGGED_WITH] 4,612,000/8,525,257 baris tertulis
18:14:03 |   [TAGGED_WITH] 4,614,000/8,525,257 baris tertulis
18:14:03 |   [TAGGED_WITH] 4,616,000/8,525,257 baris tertulis
18:14:03 |   [TAGGED_WITH] 4,618,000/8,525,257 baris tertulis
18:14:03 |   [TAGGED_WITH] 4,620,000/8,525,257 baris tertulis
18:14:03 |   [TAGGED_WITH] 4,622,000/8,525,257 baris tertulis
18:14:03 |   [TAGGED_WITH] 4,624,000/8,525,257 baris tertulis
18:14:04 |   [TAGGED_WITH] 4,626,000/8,525,257 baris tertulis
18:14:04 |   [TAGGED_WITH] 4,628,000/8,525,257 baris tertulis
18:14:04 |   [TAGGED_WITH] 4,630,000/8,525,257 baris tertulis
18:14:04 |   [TAGGED_WITH] 4,632,000/8,525,257 baris tertulis
18:14:04 |   [TAGGED_WITH] 4,634,000/8,525,257 baris tertulis
18:14:04 |   [TAGGED_WITH] 4,636,000/8,525,257 baris tertulis
18:14:04 |   [TAGGED_WITH] 4,638,000/8,525,257 baris tertulis
18:14:04 |   [TAGGED_WITH] 4,640,000/8,525,257 baris tertulis
18:14:04 |   [TAGGED_WITH] 4,642,000/8,525,257 baris tertulis
18:14:04 |   [TAGGED_WITH] 4,644,000/8,525,257 baris tertulis
18:14:04 |   [TAGGED_WITH] 4,646,000/8,525,257 baris tertulis
18:14:05 |   [TAGGED_WITH] 4,648,000/8,525,257 baris tertulis
18:14:05 |   [TAGGED_WITH] 4,650,000/8,525,257 baris tertulis
18:14:05 |   [TAGGED_WITH] 4,652,000/8,525,257 baris tertulis
18:14:05 |   [TAGGED_WITH] 4,654,000/8,525,257 baris tertulis
18:14:05 |   [TAGGED_WITH] 4,656,000/8,525,257 baris tertulis
18:14:05 |   [TAGGED_WITH] 4,658,000/8,525,257 baris tertulis
18:14:05 |   [TAGGED_WITH] 4,660,000/8,525,257 baris tertulis
18:14:05 |   [TAGGED_WITH] 4,662,000/8,525,257 baris tertulis
18:14:05 |   [TAGGED_WITH] 4,664,000/8,525,257 baris tertulis
18:14:05 |   [TAGGED_WITH] 4,666,000/8,525,257 baris tertulis
18:14:05 |   [TAGGED_WITH] 4,668,000/8,525,257 baris tertulis
18:14:06 |   [TAGGED_WITH] 4,670,000/8,525,257 baris tertulis
18:14:06 |   [TAGGED_WITH] 4,672,000/8,525,257 baris tertulis
18:14:06 |   [TAGGED_WITH] 4,674,000/8,525,257 baris tertulis
18:14:06 |   [TAGGED_WITH] 4,676,000/8,525,257 baris tertulis
18:14:06 |   [TAGGED_WITH] 4,678,000/8,525,257 baris tertulis
18:14:06 |   [TAGGED_WITH] 4,680,000/8,525,257 baris tertulis
18:14:06 |   [TAGGED_WITH] 4,682,000/8,525,257 baris tertulis
18:14:06 |   [TAGGED_WITH] 4,684,000/8,525,257 baris tertulis
18:14:06 |   [TAGGED_WITH] 4,686,000/8,525,257 baris tertulis
18:14:06 |   [TAGGED_WITH] 4,688,000/8,525,257 baris tertulis
18:14:07 |   [TAGGED_WITH] 4,690,000/8,525,257 baris tertulis
18:14:07 |   [TAGGED_WITH] 4,692,000/8,525,257 baris tertulis
18:14:07 |   [TAGGED_WITH] 4,694,000/8,525,257 baris tertulis
18:14:07 |   [TAGGED_WITH] 4,696,000/8,525,257 baris tertulis
18:14:07 |   [TAGGED_WITH] 4,698,000/8,525,257 baris tertulis
18:14:07 |   [TAGGED_WITH] 4,700,000/8,525,257 baris tertulis
18:14:07 |   [TAGGED_WITH] 4,702,000/8,525,257 baris tertulis
18:14:07 |   [TAGGED_WITH] 4,704,000/8,525,257 baris tertulis
18:14:07 |   [TAGGED_WITH] 4,706,000/8,525,257 baris tertulis
18:14:07 |   [TAGGED_WITH] 4,708,000/8,525,257 baris tertulis
18:14:07 |   [TAGGED_WITH] 4,710,000/8,525,257 baris tertulis
18:14:08 |   [TAGGED_WITH] 4,712,000/8,525,257 baris tertulis
18:14:08 |   [TAGGED_WITH] 4,714,000/8,525,257 baris tertulis
18:14:08 |   [TAGGED_WITH] 4,716,000/8,525,257 baris tertulis
18:14:08 |   [TAGGED_WITH] 4,718,000/8,525,257 baris tertulis
18:14:08 |   [TAGGED_WITH] 4,720,000/8,525,257 baris tertulis
18:14:08 |   [TAGGED_WITH] 4,722,000/8,525,257 baris tertulis
18:14:08 |   [TAGGED_WITH] 4,724,000/8,525,257 baris tertulis
18:14:08 |   [TAGGED_WITH] 4,726,000/8,525,257 baris tertulis
18:14:08 |   [TAGGED_WITH] 4,728,000/8,525,257 baris tertulis
18:14:08 |   [TAGGED_WITH] 4,730,000/8,525,257 baris tertulis
18:14:08 |   [TAGGED_WITH] 4,732,000/8,525,257 baris tertulis
18:14:09 |   [TAGGED_WITH] 4,734,000/8,525,257 baris tertulis
18:14:09 |   [TAGGED_WITH] 4,736,000/8,525,257 baris tertulis
18:14:09 |   [TAGGED_WITH] 4,738,000/8,525,257 baris tertulis
18:14:09 |   [TAGGED_WITH] 4,740,000/8,525,257 baris tertulis
18:14:09 |   [TAGGED_WITH] 4,742,000/8,525,257 baris tertulis
18:14:09 |   [TAGGED_WITH] 4,744,000/8,525,257 baris tertulis
18:14:09 |   [TAGGED_WITH] 4,746,000/8,525,257 baris tertulis
18:14:09 |   [TAGGED_WITH] 4,748,000/8,525,257 baris tertulis
18:14:09 |   [TAGGED_WITH] 4,750,000/8,525,257 baris tertulis
18:14:09 |   [TAGGED_WITH] 4,752,000/8,525,257 baris tertulis
18:14:10 |   [TAGGED_WITH] 4,754,000/8,525,257 baris tertulis
18:14:10 |   [TAGGED_WITH] 4,756,000/8,525,257 baris tertulis
18:14:10 |   [TAGGED_WITH] 4,758,000/8,525,257 baris tertulis
18:14:10 |   [TAGGED_WITH] 4,760,000/8,525,257 baris tertulis
18:14:10 |   [TAGGED_WITH] 4,762,000/8,525,257 baris tertulis
18:14:10 |   [TAGGED_WITH] 4,764,000/8,525,257 baris tertulis
18:14:10 |   [TAGGED_WITH] 4,766,000/8,525,257 baris tertulis
18:14:10 |   [TAGGED_WITH] 4,768,000/8,525,257 baris tertulis
18:14:10 |   [TAGGED_WITH] 4,770,000/8,525,257 baris tertulis
18:14:10 |   [TAGGED_WITH] 4,772,000/8,525,257 baris tertulis
18:14:10 |   [TAGGED_WITH] 4,774,000/8,525,257 baris tertulis
18:14:11 |   [TAGGED_WITH] 4,776,000/8,525,257 baris tertulis
18:14:11 |   [TAGGED_WITH] 4,778,000/8,525,257 baris tertulis
18:14:11 |   [TAGGED_WITH] 4,780,000/8,525,257 baris tertulis
18:14:11 |   [TAGGED_WITH] 4,782,000/8,525,257 baris tertulis
18:14:11 |   [TAGGED_WITH] 4,784,000/8,525,257 baris tertulis
18:14:11 |   [TAGGED_WITH] 4,786,000/8,525,257 baris tertulis
18:14:11 |   [TAGGED_WITH] 4,788,000/8,525,257 baris tertulis
18:14:11 |   [TAGGED_WITH] 4,790,000/8,525,257 baris tertulis
18:14:11 |   [TAGGED_WITH] 4,792,000/8,525,257 baris tertulis
18:14:11 |   [TAGGED_WITH] 4,794,000/8,525,257 baris tertulis
18:14:11 |   [TAGGED_WITH] 4,796,000/8,525,257 baris tertulis
18:14:12 |   [TAGGED_WITH] 4,798,000/8,525,257 baris tertulis
18:14:12 |   [TAGGED_WITH] 4,800,000/8,525,257 baris tertulis
18:14:12 |   [TAGGED_WITH] 4,802,000/8,525,257 baris tertulis
18:14:12 |   [TAGGED_WITH] 4,804,000/8,525,257 baris tertulis
18:14:12 |   [TAGGED_WITH] 4,806,000/8,525,257 baris tertulis
18:14:12 |   [TAGGED_WITH] 4,808,000/8,525,257 baris tertulis
18:14:12 |   [TAGGED_WITH] 4,810,000/8,525,257 baris tertulis
18:14:12 |   [TAGGED_WITH] 4,812,000/8,525,257 baris tertulis
18:14:12 |   [TAGGED_WITH] 4,814,000/8,525,257 baris tertulis
18:14:12 |   [TAGGED_WITH] 4,816,000/8,525,257 baris tertulis
18:14:12 |   [TAGGED_WITH] 4,818,000/8,525,257 baris tertulis
18:14:13 |   [TAGGED_WITH] 4,820,000/8,525,257 baris tertulis
18:14:13 |   [TAGGED_WITH] 4,822,000/8,525,257 baris tertulis
18:14:13 |   [TAGGED_WITH] 4,824,000/8,525,257 baris tertulis
18:14:13 |   [TAGGED_WITH] 4,826,000/8,525,257 baris tertulis
18:14:13 |   [TAGGED_WITH] 4,828,000/8,525,257 baris tertulis
18:14:13 |   [TAGGED_WITH] 4,830,000/8,525,257 baris tertulis
18:14:13 |   [TAGGED_WITH] 4,832,000/8,525,257 baris tertulis
18:14:13 |   [TAGGED_WITH] 4,834,000/8,525,257 baris tertulis
18:14:13 |   [TAGGED_WITH] 4,836,000/8,525,257 baris tertulis
18:14:13 |   [TAGGED_WITH] 4,838,000/8,525,257 baris tertulis
18:14:13 |   [TAGGED_WITH] 4,840,000/8,525,257 baris tertulis
18:14:14 |   [TAGGED_WITH] 4,842,000/8,525,257 baris tertulis
18:14:14 |   [TAGGED_WITH] 4,844,000/8,525,257 baris tertulis
18:14:14 |   [TAGGED_WITH] 4,846,000/8,525,257 baris tertulis
18:14:14 |   [TAGGED_WITH] 4,848,000/8,525,257 baris tertulis
18:14:14 |   [TAGGED_WITH] 4,850,000/8,525,257 baris tertulis
18:14:14 |   [TAGGED_WITH] 4,852,000/8,525,257 baris tertulis
18:14:14 |   [TAGGED_WITH] 4,854,000/8,525,257 baris tertulis
18:14:14 |   [TAGGED_WITH] 4,856,000/8,525,257 baris tertulis
18:14:14 |   [TAGGED_WITH] 4,858,000/8,525,257 baris tertulis
18:14:14 |   [TAGGED_WITH] 4,860,000/8,525,257 baris tertulis
18:14:15 |   [TAGGED_WITH] 4,862,000/8,525,257 baris tertulis
18:14:15 |   [TAGGED_WITH] 4,864,000/8,525,257 baris tertulis
18:14:15 |   [TAGGED_WITH] 4,866,000/8,525,257 baris tertulis
18:14:15 |   [TAGGED_WITH] 4,868,000/8,525,257 baris tertulis
18:14:15 |   [TAGGED_WITH] 4,870,000/8,525,257 baris tertulis
18:14:15 |   [TAGGED_WITH] 4,872,000/8,525,257 baris tertulis
18:14:15 |   [TAGGED_WITH] 4,874,000/8,525,257 baris tertulis
18:14:15 |   [TAGGED_WITH] 4,876,000/8,525,257 baris tertulis
18:14:15 |   [TAGGED_WITH] 4,878,000/8,525,257 baris tertulis
18:14:15 |   [TAGGED_WITH] 4,880,000/8,525,257 baris tertulis
18:14:15 |   [TAGGED_WITH] 4,882,000/8,525,257 baris tertulis
18:14:16 |   [TAGGED_WITH] 4,884,000/8,525,257 baris tertulis
18:14:16 |   [TAGGED_WITH] 4,886,000/8,525,257 baris tertulis
18:14:16 |   [TAGGED_WITH] 4,888,000/8,525,257 baris tertulis
18:14:16 |   [TAGGED_WITH] 4,890,000/8,525,257 baris tertulis
18:14:16 |   [TAGGED_WITH] 4,892,000/8,525,257 baris tertulis
18:14:16 |   [TAGGED_WITH] 4,894,000/8,525,257 baris tertulis
18:14:16 |   [TAGGED_WITH] 4,896,000/8,525,257 baris tertulis
18:14:16 |   [TAGGED_WITH] 4,898,000/8,525,257 baris tertulis
18:14:16 |   [TAGGED_WITH] 4,900,000/8,525,257 baris tertulis
18:14:16 |   [TAGGED_WITH] 4,902,000/8,525,257 baris tertulis
18:14:16 |   [TAGGED_WITH] 4,904,000/8,525,257 baris tertulis
18:14:17 |   [TAGGED_WITH] 4,906,000/8,525,257 baris tertulis
18:14:17 |   [TAGGED_WITH] 4,908,000/8,525,257 baris tertulis
18:14:17 |   [TAGGED_WITH] 4,910,000/8,525,257 baris tertulis
18:14:17 |   [TAGGED_WITH] 4,912,000/8,525,257 baris tertulis
18:14:17 |   [TAGGED_WITH] 4,914,000/8,525,257 baris tertulis
18:14:17 |   [TAGGED_WITH] 4,916,000/8,525,257 baris tertulis
18:14:17 |   [TAGGED_WITH] 4,918,000/8,525,257 baris tertulis
18:14:17 |   [TAGGED_WITH] 4,920,000/8,525,257 baris tertulis
18:14:17 |   [TAGGED_WITH] 4,922,000/8,525,257 baris tertulis
18:14:17 |   [TAGGED_WITH] 4,924,000/8,525,257 baris tertulis
18:14:17 |   [TAGGED_WITH] 4,926,000/8,525,257 baris tertulis
18:14:18 |   [TAGGED_WITH] 4,928,000/8,525,257 baris tertulis
18:14:18 |   [TAGGED_WITH] 4,930,000/8,525,257 baris tertulis
18:14:18 |   [TAGGED_WITH] 4,932,000/8,525,257 baris tertulis
18:14:18 |   [TAGGED_WITH] 4,934,000/8,525,257 baris tertulis
18:14:18 |   [TAGGED_WITH] 4,936,000/8,525,257 baris tertulis
18:14:18 |   [TAGGED_WITH] 4,938,000/8,525,257 baris tertulis
18:14:18 |   [TAGGED_WITH] 4,940,000/8,525,257 baris tertulis
18:14:18 |   [TAGGED_WITH] 4,942,000/8,525,257 baris tertulis
18:14:18 |   [TAGGED_WITH] 4,944,000/8,525,257 baris tertulis
18:14:18 |   [TAGGED_WITH] 4,946,000/8,525,257 baris tertulis
18:14:18 |   [TAGGED_WITH] 4,948,000/8,525,257 baris tertulis
18:14:19 |   [TAGGED_WITH] 4,950,000/8,525,257 baris tertulis
18:14:19 |   [TAGGED_WITH] 4,952,000/8,525,257 baris tertulis
18:14:19 |   [TAGGED_WITH] 4,954,000/8,525,257 baris tertulis
18:14:19 |   [TAGGED_WITH] 4,956,000/8,525,257 baris tertulis
18:14:19 |   [TAGGED_WITH] 4,958,000/8,525,257 baris tertulis
18:14:19 |   [TAGGED_WITH] 4,960,000/8,525,257 baris tertulis
18:14:19 |   [TAGGED_WITH] 4,962,000/8,525,257 baris tertulis
18:14:19 |   [TAGGED_WITH] 4,964,000/8,525,257 baris tertulis
18:14:19 |   [TAGGED_WITH] 4,966,000/8,525,257 baris tertulis
18:14:19 |   [TAGGED_WITH] 4,968,000/8,525,257 baris tertulis
18:14:20 |   [TAGGED_WITH] 4,970,000/8,525,257 baris tertulis
18:14:20 |   [TAGGED_WITH] 4,972,000/8,525,257 baris tertulis
18:14:20 |   [TAGGED_WITH] 4,974,000/8,525,257 baris tertulis
18:14:20 |   [TAGGED_WITH] 4,976,000/8,525,257 baris tertulis
18:14:20 |   [TAGGED_WITH] 4,978,000/8,525,257 baris tertulis
18:14:20 |   [TAGGED_WITH] 4,980,000/8,525,257 baris tertulis
18:14:20 |   [TAGGED_WITH] 4,982,000/8,525,257 baris tertulis
18:14:20 |   [TAGGED_WITH] 4,984,000/8,525,257 baris tertulis
18:14:20 |   [TAGGED_WITH] 4,986,000/8,525,257 baris tertulis
18:14:20 |   [TAGGED_WITH] 4,988,000/8,525,257 baris tertulis
18:14:20 |   [TAGGED_WITH] 4,990,000/8,525,257 baris tertulis
18:14:21 |   [TAGGED_WITH] 4,992,000/8,525,257 baris tertulis
18:14:21 |   [TAGGED_WITH] 4,994,000/8,525,257 baris tertulis
18:14:21 |   [TAGGED_WITH] 4,996,000/8,525,257 baris tertulis
18:14:21 |   [TAGGED_WITH] 4,998,000/8,525,257 baris tertulis
18:14:21 |   [TAGGED_WITH] 5,000,000/8,525,257 baris tertulis
18:14:21 |   [TAGGED_WITH] 5,002,000/8,525,257 baris tertulis
18:14:21 |   [TAGGED_WITH] 5,004,000/8,525,257 baris tertulis
18:14:21 |   [TAGGED_WITH] 5,006,000/8,525,257 baris tertulis
18:14:21 |   [TAGGED_WITH] 5,008,000/8,525,257 baris tertulis
18:14:21 |   [TAGGED_WITH] 5,010,000/8,525,257 baris tertulis
18:14:21 |   [TAGGED_WITH] 5,012,000/8,525,257 baris tertulis
18:14:22 |   [TAGGED_WITH] 5,014,000/8,525,257 baris tertulis
18:14:22 |   [TAGGED_WITH] 5,016,000/8,525,257 baris tertulis
18:14:22 |   [TAGGED_WITH] 5,018,000/8,525,257 baris tertulis
18:14:22 |   [TAGGED_WITH] 5,020,000/8,525,257 baris tertulis
18:14:22 |   [TAGGED_WITH] 5,022,000/8,525,257 baris tertulis
18:14:22 |   [TAGGED_WITH] 5,024,000/8,525,257 baris tertulis
18:14:22 |   [TAGGED_WITH] 5,026,000/8,525,257 baris tertulis
18:14:22 |   [TAGGED_WITH] 5,028,000/8,525,257 baris tertulis
18:14:22 |   [TAGGED_WITH] 5,030,000/8,525,257 baris tertulis
18:14:22 |   [TAGGED_WITH] 5,032,000/8,525,257 baris tertulis
18:14:22 |   [TAGGED_WITH] 5,034,000/8,525,257 baris tertulis
18:14:23 |   [TAGGED_WITH] 5,036,000/8,525,257 baris tertulis
18:14:23 |   [TAGGED_WITH] 5,038,000/8,525,257 baris tertulis
18:14:23 |   [TAGGED_WITH] 5,040,000/8,525,257 baris tertulis
18:14:23 |   [TAGGED_WITH] 5,042,000/8,525,257 baris tertulis
18:14:23 |   [TAGGED_WITH] 5,044,000/8,525,257 baris tertulis
18:14:23 |   [TAGGED_WITH] 5,046,000/8,525,257 baris tertulis
18:14:23 |   [TAGGED_WITH] 5,048,000/8,525,257 baris tertulis
18:14:23 |   [TAGGED_WITH] 5,050,000/8,525,257 baris tertulis
18:14:23 |   [TAGGED_WITH] 5,052,000/8,525,257 baris tertulis
18:14:23 |   [TAGGED_WITH] 5,054,000/8,525,257 baris tertulis
18:14:23 |   [TAGGED_WITH] 5,056,000/8,525,257 baris tertulis
18:14:24 |   [TAGGED_WITH] 5,058,000/8,525,257 baris tertulis
18:14:24 |   [TAGGED_WITH] 5,060,000/8,525,257 baris tertulis
18:14:24 |   [TAGGED_WITH] 5,062,000/8,525,257 baris tertulis
18:14:24 |   [TAGGED_WITH] 5,064,000/8,525,257 baris tertulis
18:14:24 |   [TAGGED_WITH] 5,066,000/8,525,257 baris tertulis
18:14:24 |   [TAGGED_WITH] 5,068,000/8,525,257 baris tertulis
18:14:24 |   [TAGGED_WITH] 5,070,000/8,525,257 baris tertulis
18:14:24 |   [TAGGED_WITH] 5,072,000/8,525,257 baris tertulis
18:14:24 |   [TAGGED_WITH] 5,074,000/8,525,257 baris tertulis
18:14:24 |   [TAGGED_WITH] 5,076,000/8,525,257 baris tertulis
18:14:25 |   [TAGGED_WITH] 5,078,000/8,525,257 baris tertulis
18:14:25 |   [TAGGED_WITH] 5,080,000/8,525,257 baris tertulis
18:14:25 |   [TAGGED_WITH] 5,082,000/8,525,257 baris tertulis
18:14:25 |   [TAGGED_WITH] 5,084,000/8,525,257 baris tertulis
18:14:25 |   [TAGGED_WITH] 5,086,000/8,525,257 baris tertulis
18:14:25 |   [TAGGED_WITH] 5,088,000/8,525,257 baris tertulis
18:14:25 |   [TAGGED_WITH] 5,090,000/8,525,257 baris tertulis
18:14:25 |   [TAGGED_WITH] 5,092,000/8,525,257 baris tertulis
18:14:25 |   [TAGGED_WITH] 5,094,000/8,525,257 baris tertulis
18:14:25 |   [TAGGED_WITH] 5,096,000/8,525,257 baris tertulis
18:14:25 |   [TAGGED_WITH] 5,098,000/8,525,257 baris tertulis
18:14:26 |   [TAGGED_WITH] 5,100,000/8,525,257 baris tertulis
18:14:26 |   [TAGGED_WITH] 5,102,000/8,525,257 baris tertulis
18:14:26 |   [TAGGED_WITH] 5,104,000/8,525,257 baris tertulis
18:14:26 |   [TAGGED_WITH] 5,106,000/8,525,257 baris tertulis
18:14:26 |   [TAGGED_WITH] 5,108,000/8,525,257 baris tertulis
18:14:26 |   [TAGGED_WITH] 5,110,000/8,525,257 baris tertulis
18:14:26 |   [TAGGED_WITH] 5,112,000/8,525,257 baris tertulis
18:14:26 |   [TAGGED_WITH] 5,114,000/8,525,257 baris tertulis
18:14:26 |   [TAGGED_WITH] 5,116,000/8,525,257 baris tertulis
18:14:26 |   [TAGGED_WITH] 5,118,000/8,525,257 baris tertulis
18:14:26 |   [TAGGED_WITH] 5,120,000/8,525,257 baris tertulis
18:14:27 |   [TAGGED_WITH] 5,122,000/8,525,257 baris tertulis
18:14:27 |   [TAGGED_WITH] 5,124,000/8,525,257 baris tertulis
18:14:27 |   [TAGGED_WITH] 5,126,000/8,525,257 baris tertulis
18:14:27 |   [TAGGED_WITH] 5,128,000/8,525,257 baris tertulis
18:14:27 |   [TAGGED_WITH] 5,130,000/8,525,257 baris tertulis
18:14:27 |   [TAGGED_WITH] 5,132,000/8,525,257 baris tertulis
18:14:27 |   [TAGGED_WITH] 5,134,000/8,525,257 baris tertulis
18:14:27 |   [TAGGED_WITH] 5,136,000/8,525,257 baris tertulis
18:14:27 |   [TAGGED_WITH] 5,138,000/8,525,257 baris tertulis
18:14:27 |   [TAGGED_WITH] 5,140,000/8,525,257 baris tertulis
18:14:27 |   [TAGGED_WITH] 5,142,000/8,525,257 baris tertulis
18:14:28 |   [TAGGED_WITH] 5,144,000/8,525,257 baris tertulis
18:14:28 |   [TAGGED_WITH] 5,146,000/8,525,257 baris tertulis
18:14:28 |   [TAGGED_WITH] 5,148,000/8,525,257 baris tertulis
18:14:28 |   [TAGGED_WITH] 5,150,000/8,525,257 baris tertulis
18:14:28 |   [TAGGED_WITH] 5,152,000/8,525,257 baris tertulis
18:14:28 |   [TAGGED_WITH] 5,154,000/8,525,257 baris tertulis
18:14:28 |   [TAGGED_WITH] 5,156,000/8,525,257 baris tertulis
18:14:28 |   [TAGGED_WITH] 5,158,000/8,525,257 baris tertulis
18:14:28 |   [TAGGED_WITH] 5,160,000/8,525,257 baris tertulis
18:14:28 |   [TAGGED_WITH] 5,162,000/8,525,257 baris tertulis
18:14:29 |   [TAGGED_WITH] 5,164,000/8,525,257 baris tertulis
18:14:29 |   [TAGGED_WITH] 5,166,000/8,525,257 baris tertulis
18:14:29 |   [TAGGED_WITH] 5,168,000/8,525,257 baris tertulis
18:14:29 |   [TAGGED_WITH] 5,170,000/8,525,257 baris tertulis
18:14:29 |   [TAGGED_WITH] 5,172,000/8,525,257 baris tertulis
18:14:29 |   [TAGGED_WITH] 5,174,000/8,525,257 baris tertulis
18:14:29 |   [TAGGED_WITH] 5,176,000/8,525,257 baris tertulis
18:14:29 |   [TAGGED_WITH] 5,178,000/8,525,257 baris tertulis
18:14:29 |   [TAGGED_WITH] 5,180,000/8,525,257 baris tertulis
18:14:29 |   [TAGGED_WITH] 5,182,000/8,525,257 baris tertulis
18:14:29 |   [TAGGED_WITH] 5,184,000/8,525,257 baris tertulis
18:14:30 |   [TAGGED_WITH] 5,186,000/8,525,257 baris tertulis
18:14:30 |   [TAGGED_WITH] 5,188,000/8,525,257 baris tertulis
18:14:30 |   [TAGGED_WITH] 5,190,000/8,525,257 baris tertulis
18:14:30 |   [TAGGED_WITH] 5,192,000/8,525,257 baris tertulis
18:14:30 |   [TAGGED_WITH] 5,194,000/8,525,257 baris tertulis
18:14:30 |   [TAGGED_WITH] 5,196,000/8,525,257 baris tertulis
18:14:30 |   [TAGGED_WITH] 5,198,000/8,525,257 baris tertulis
18:14:30 |   [TAGGED_WITH] 5,200,000/8,525,257 baris tertulis
18:14:30 |   [TAGGED_WITH] 5,202,000/8,525,257 baris tertulis
18:14:30 |   [TAGGED_WITH] 5,204,000/8,525,257 baris tertulis
18:14:31 |   [TAGGED_WITH] 5,206,000/8,525,257 baris tertulis
18:14:31 |   [TAGGED_WITH] 5,208,000/8,525,257 baris tertulis
18:14:31 |   [TAGGED_WITH] 5,210,000/8,525,257 baris tertulis
18:14:31 |   [TAGGED_WITH] 5,212,000/8,525,257 baris tertulis
18:14:31 |   [TAGGED_WITH] 5,214,000/8,525,257 baris tertulis
18:14:31 |   [TAGGED_WITH] 5,216,000/8,525,257 baris tertulis
18:14:31 |   [TAGGED_WITH] 5,218,000/8,525,257 baris tertulis
18:14:31 |   [TAGGED_WITH] 5,220,000/8,525,257 baris tertulis
18:14:31 |   [TAGGED_WITH] 5,222,000/8,525,257 baris tertulis
18:14:31 |   [TAGGED_WITH] 5,224,000/8,525,257 baris tertulis
18:14:31 |   [TAGGED_WITH] 5,226,000/8,525,257 baris tertulis
18:14:32 |   [TAGGED_WITH] 5,228,000/8,525,257 baris tertulis
18:14:32 |   [TAGGED_WITH] 5,230,000/8,525,257 baris tertulis
18:14:32 |   [TAGGED_WITH] 5,232,000/8,525,257 baris tertulis
18:14:32 |   [TAGGED_WITH] 5,234,000/8,525,257 baris tertulis
18:14:32 |   [TAGGED_WITH] 5,236,000/8,525,257 baris tertulis
18:14:32 |   [TAGGED_WITH] 5,238,000/8,525,257 baris tertulis
18:14:32 |   [TAGGED_WITH] 5,240,000/8,525,257 baris tertulis
18:14:32 |   [TAGGED_WITH] 5,242,000/8,525,257 baris tertulis
18:14:32 |   [TAGGED_WITH] 5,244,000/8,525,257 baris tertulis
18:14:32 |   [TAGGED_WITH] 5,246,000/8,525,257 baris tertulis
18:14:32 |   [TAGGED_WITH] 5,248,000/8,525,257 baris tertulis
18:14:33 |   [TAGGED_WITH] 5,250,000/8,525,257 baris tertulis
18:14:33 |   [TAGGED_WITH] 5,252,000/8,525,257 baris tertulis
18:14:33 |   [TAGGED_WITH] 5,254,000/8,525,257 baris tertulis
18:14:33 |   [TAGGED_WITH] 5,256,000/8,525,257 baris tertulis
18:14:33 |   [TAGGED_WITH] 5,258,000/8,525,257 baris tertulis
18:14:33 |   [TAGGED_WITH] 5,260,000/8,525,257 baris tertulis
18:14:33 |   [TAGGED_WITH] 5,262,000/8,525,257 baris tertulis
18:14:33 |   [TAGGED_WITH] 5,264,000/8,525,257 baris tertulis
18:14:33 |   [TAGGED_WITH] 5,266,000/8,525,257 baris tertulis
18:14:33 |   [TAGGED_WITH] 5,268,000/8,525,257 baris tertulis
18:14:33 |   [TAGGED_WITH] 5,270,000/8,525,257 baris tertulis
18:14:34 |   [TAGGED_WITH] 5,272,000/8,525,257 baris tertulis
18:14:34 |   [TAGGED_WITH] 5,274,000/8,525,257 baris tertulis
18:14:34 |   [TAGGED_WITH] 5,276,000/8,525,257 baris tertulis
18:14:34 |   [TAGGED_WITH] 5,278,000/8,525,257 baris tertulis
18:14:34 |   [TAGGED_WITH] 5,280,000/8,525,257 baris tertulis
18:14:34 |   [TAGGED_WITH] 5,282,000/8,525,257 baris tertulis
18:14:34 |   [TAGGED_WITH] 5,284,000/8,525,257 baris tertulis
18:14:34 |   [TAGGED_WITH] 5,286,000/8,525,257 baris tertulis
18:14:34 |   [TAGGED_WITH] 5,288,000/8,525,257 baris tertulis
18:14:34 |   [TAGGED_WITH] 5,290,000/8,525,257 baris tertulis
18:14:34 |   [TAGGED_WITH] 5,292,000/8,525,257 baris tertulis
18:14:35 |   [TAGGED_WITH] 5,294,000/8,525,257 baris tertulis
18:14:35 |   [TAGGED_WITH] 5,296,000/8,525,257 baris tertulis
18:14:35 |   [TAGGED_WITH] 5,298,000/8,525,257 baris tertulis
18:14:35 |   [TAGGED_WITH] 5,300,000/8,525,257 baris tertulis
18:14:35 |   [TAGGED_WITH] 5,302,000/8,525,257 baris tertulis
18:14:35 |   [TAGGED_WITH] 5,304,000/8,525,257 baris tertulis
18:14:35 |   [TAGGED_WITH] 5,306,000/8,525,257 baris tertulis
18:14:35 |   [TAGGED_WITH] 5,308,000/8,525,257 baris tertulis
18:14:35 |   [TAGGED_WITH] 5,310,000/8,525,257 baris tertulis
18:14:35 |   [TAGGED_WITH] 5,312,000/8,525,257 baris tertulis
18:14:35 |   [TAGGED_WITH] 5,314,000/8,525,257 baris tertulis
18:14:36 |   [TAGGED_WITH] 5,316,000/8,525,257 baris tertulis
18:14:36 |   [TAGGED_WITH] 5,318,000/8,525,257 baris tertulis
18:14:36 |   [TAGGED_WITH] 5,320,000/8,525,257 baris tertulis
18:14:36 |   [TAGGED_WITH] 5,322,000/8,525,257 baris tertulis
18:14:36 |   [TAGGED_WITH] 5,324,000/8,525,257 baris tertulis
18:14:36 |   [TAGGED_WITH] 5,326,000/8,525,257 baris tertulis
18:14:36 |   [TAGGED_WITH] 5,328,000/8,525,257 baris tertulis
18:14:36 |   [TAGGED_WITH] 5,330,000/8,525,257 baris tertulis
18:14:36 |   [TAGGED_WITH] 5,332,000/8,525,257 baris tertulis
18:14:36 |   [TAGGED_WITH] 5,334,000/8,525,257 baris tertulis
18:14:36 |   [TAGGED_WITH] 5,336,000/8,525,257 baris tertulis
18:14:37 |   [TAGGED_WITH] 5,338,000/8,525,257 baris tertulis
18:14:37 |   [TAGGED_WITH] 5,340,000/8,525,257 baris tertulis
18:14:37 |   [TAGGED_WITH] 5,342,000/8,525,257 baris tertulis
18:14:37 |   [TAGGED_WITH] 5,344,000/8,525,257 baris tertulis
18:14:37 |   [TAGGED_WITH] 5,346,000/8,525,257 baris tertulis
18:14:37 |   [TAGGED_WITH] 5,348,000/8,525,257 baris tertulis
18:14:37 |   [TAGGED_WITH] 5,350,000/8,525,257 baris tertulis
18:14:37 |   [TAGGED_WITH] 5,352,000/8,525,257 baris tertulis
18:14:37 |   [TAGGED_WITH] 5,354,000/8,525,257 baris tertulis
18:14:37 |   [TAGGED_WITH] 5,356,000/8,525,257 baris tertulis
18:14:37 |   [TAGGED_WITH] 5,358,000/8,525,257 baris tertulis
18:14:38 |   [TAGGED_WITH] 5,360,000/8,525,257 baris tertulis
18:14:38 |   [TAGGED_WITH] 5,362,000/8,525,257 baris tertulis
18:14:38 |   [TAGGED_WITH] 5,364,000/8,525,257 baris tertulis
18:14:38 |   [TAGGED_WITH] 5,366,000/8,525,257 baris tertulis
18:14:38 |   [TAGGED_WITH] 5,368,000/8,525,257 baris tertulis
18:14:38 |   [TAGGED_WITH] 5,370,000/8,525,257 baris tertulis
18:14:38 |   [TAGGED_WITH] 5,372,000/8,525,257 baris tertulis
18:14:38 |   [TAGGED_WITH] 5,374,000/8,525,257 baris tertulis
18:14:38 |   [TAGGED_WITH] 5,376,000/8,525,257 baris tertulis
18:14:38 |   [TAGGED_WITH] 5,378,000/8,525,257 baris tertulis
18:14:39 |   [TAGGED_WITH] 5,380,000/8,525,257 baris tertulis
18:14:39 |   [TAGGED_WITH] 5,382,000/8,525,257 baris tertulis
18:14:39 |   [TAGGED_WITH] 5,384,000/8,525,257 baris tertulis
18:14:39 |   [TAGGED_WITH] 5,386,000/8,525,257 baris tertulis
18:14:39 |   [TAGGED_WITH] 5,388,000/8,525,257 baris tertulis
18:14:39 |   [TAGGED_WITH] 5,390,000/8,525,257 baris tertulis
18:14:39 |   [TAGGED_WITH] 5,392,000/8,525,257 baris tertulis
18:14:39 |   [TAGGED_WITH] 5,394,000/8,525,257 baris tertulis
18:14:39 |   [TAGGED_WITH] 5,396,000/8,525,257 baris tertulis
18:14:39 |   [TAGGED_WITH] 5,398,000/8,525,257 baris tertulis
18:14:39 |   [TAGGED_WITH] 5,400,000/8,525,257 baris tertulis
18:14:40 |   [TAGGED_WITH] 5,402,000/8,525,257 baris tertulis
18:14:40 |   [TAGGED_WITH] 5,404,000/8,525,257 baris tertulis
18:14:40 |   [TAGGED_WITH] 5,406,000/8,525,257 baris tertulis
18:14:40 |   [TAGGED_WITH] 5,408,000/8,525,257 baris tertulis
18:14:40 |   [TAGGED_WITH] 5,410,000/8,525,257 baris tertulis
18:14:40 |   [TAGGED_WITH] 5,412,000/8,525,257 baris tertulis
18:14:40 |   [TAGGED_WITH] 5,414,000/8,525,257 baris tertulis
18:14:40 |   [TAGGED_WITH] 5,416,000/8,525,257 baris tertulis
18:14:40 |   [TAGGED_WITH] 5,418,000/8,525,257 baris tertulis
18:14:40 |   [TAGGED_WITH] 5,420,000/8,525,257 baris tertulis
18:14:41 |   [TAGGED_WITH] 5,422,000/8,525,257 baris tertulis
18:14:41 |   [TAGGED_WITH] 5,424,000/8,525,257 baris tertulis
18:14:41 |   [TAGGED_WITH] 5,426,000/8,525,257 baris tertulis
18:14:41 |   [TAGGED_WITH] 5,428,000/8,525,257 baris tertulis
18:14:41 |   [TAGGED_WITH] 5,430,000/8,525,257 baris tertulis
18:14:41 |   [TAGGED_WITH] 5,432,000/8,525,257 baris tertulis
18:14:41 |   [TAGGED_WITH] 5,434,000/8,525,257 baris tertulis
18:14:41 |   [TAGGED_WITH] 5,436,000/8,525,257 baris tertulis
18:14:41 |   [TAGGED_WITH] 5,438,000/8,525,257 baris tertulis
18:14:41 |   [TAGGED_WITH] 5,440,000/8,525,257 baris tertulis
18:14:42 |   [TAGGED_WITH] 5,442,000/8,525,257 baris tertulis
18:14:42 |   [TAGGED_WITH] 5,444,000/8,525,257 baris tertulis
18:14:42 |   [TAGGED_WITH] 5,446,000/8,525,257 baris tertulis
18:14:42 |   [TAGGED_WITH] 5,448,000/8,525,257 baris tertulis
18:14:42 |   [TAGGED_WITH] 5,450,000/8,525,257 baris tertulis
18:14:42 |   [TAGGED_WITH] 5,452,000/8,525,257 baris tertulis
18:14:42 |   [TAGGED_WITH] 5,454,000/8,525,257 baris tertulis
18:14:42 |   [TAGGED_WITH] 5,456,000/8,525,257 baris tertulis
18:14:42 |   [TAGGED_WITH] 5,458,000/8,525,257 baris tertulis
18:14:42 |   [TAGGED_WITH] 5,460,000/8,525,257 baris tertulis
18:14:42 |   [TAGGED_WITH] 5,462,000/8,525,257 baris tertulis
18:14:43 |   [TAGGED_WITH] 5,464,000/8,525,257 baris tertulis
18:14:43 |   [TAGGED_WITH] 5,466,000/8,525,257 baris tertulis
18:14:43 |   [TAGGED_WITH] 5,468,000/8,525,257 baris tertulis
18:14:43 |   [TAGGED_WITH] 5,470,000/8,525,257 baris tertulis
18:14:43 |   [TAGGED_WITH] 5,472,000/8,525,257 baris tertulis
18:14:43 |   [TAGGED_WITH] 5,474,000/8,525,257 baris tertulis
18:14:43 |   [TAGGED_WITH] 5,476,000/8,525,257 baris tertulis
18:14:43 |   [TAGGED_WITH] 5,478,000/8,525,257 baris tertulis
18:14:43 |   [TAGGED_WITH] 5,480,000/8,525,257 baris tertulis
18:14:43 |   [TAGGED_WITH] 5,482,000/8,525,257 baris tertulis
18:14:43 |   [TAGGED_WITH] 5,484,000/8,525,257 baris tertulis
18:14:44 |   [TAGGED_WITH] 5,486,000/8,525,257 baris tertulis
18:14:44 |   [TAGGED_WITH] 5,488,000/8,525,257 baris tertulis
18:14:44 |   [TAGGED_WITH] 5,490,000/8,525,257 baris tertulis
18:14:44 |   [TAGGED_WITH] 5,492,000/8,525,257 baris tertulis
18:14:44 |   [TAGGED_WITH] 5,494,000/8,525,257 baris tertulis
18:14:44 |   [TAGGED_WITH] 5,496,000/8,525,257 baris tertulis
18:14:44 |   [TAGGED_WITH] 5,498,000/8,525,257 baris tertulis
18:14:44 |   [TAGGED_WITH] 5,500,000/8,525,257 baris tertulis
18:14:44 |   [TAGGED_WITH] 5,502,000/8,525,257 baris tertulis
18:14:44 |   [TAGGED_WITH] 5,504,000/8,525,257 baris tertulis
18:14:44 |   [TAGGED_WITH] 5,506,000/8,525,257 baris tertulis
18:14:45 |   [TAGGED_WITH] 5,508,000/8,525,257 baris tertulis
18:14:45 |   [TAGGED_WITH] 5,510,000/8,525,257 baris tertulis
18:14:45 |   [TAGGED_WITH] 5,512,000/8,525,257 baris tertulis
18:14:45 |   [TAGGED_WITH] 5,514,000/8,525,257 baris tertulis
18:14:45 |   [TAGGED_WITH] 5,516,000/8,525,257 baris tertulis
18:14:45 |   [TAGGED_WITH] 5,518,000/8,525,257 baris tertulis
18:14:45 |   [TAGGED_WITH] 5,520,000/8,525,257 baris tertulis
18:14:45 |   [TAGGED_WITH] 5,522,000/8,525,257 baris tertulis
18:14:45 |   [TAGGED_WITH] 5,524,000/8,525,257 baris tertulis
18:14:45 |   [TAGGED_WITH] 5,526,000/8,525,257 baris tertulis
18:14:46 |   [TAGGED_WITH] 5,528,000/8,525,257 baris tertulis
18:14:46 |   [TAGGED_WITH] 5,530,000/8,525,257 baris tertulis
18:14:46 |   [TAGGED_WITH] 5,532,000/8,525,257 baris tertulis
18:14:46 |   [TAGGED_WITH] 5,534,000/8,525,257 baris tertulis
18:14:46 |   [TAGGED_WITH] 5,536,000/8,525,257 baris tertulis
18:14:46 |   [TAGGED_WITH] 5,538,000/8,525,257 baris tertulis
18:14:46 |   [TAGGED_WITH] 5,540,000/8,525,257 baris tertulis
18:14:46 |   [TAGGED_WITH] 5,542,000/8,525,257 baris tertulis
18:14:46 |   [TAGGED_WITH] 5,544,000/8,525,257 baris tertulis
18:14:46 |   [TAGGED_WITH] 5,546,000/8,525,257 baris tertulis
18:14:46 |   [TAGGED_WITH] 5,548,000/8,525,257 baris tertulis
18:14:47 |   [TAGGED_WITH] 5,550,000/8,525,257 baris tertulis
18:14:47 |   [TAGGED_WITH] 5,552,000/8,525,257 baris tertulis
18:14:47 |   [TAGGED_WITH] 5,554,000/8,525,257 baris tertulis
18:14:47 |   [TAGGED_WITH] 5,556,000/8,525,257 baris tertulis
18:14:47 |   [TAGGED_WITH] 5,558,000/8,525,257 baris tertulis
18:14:47 |   [TAGGED_WITH] 5,560,000/8,525,257 baris tertulis
18:14:47 |   [TAGGED_WITH] 5,562,000/8,525,257 baris tertulis
18:14:47 |   [TAGGED_WITH] 5,564,000/8,525,257 baris tertulis
18:14:47 |   [TAGGED_WITH] 5,566,000/8,525,257 baris tertulis
18:14:47 |   [TAGGED_WITH] 5,568,000/8,525,257 baris tertulis
18:14:47 |   [TAGGED_WITH] 5,570,000/8,525,257 baris tertulis
18:14:48 |   [TAGGED_WITH] 5,572,000/8,525,257 baris tertulis
18:14:48 |   [TAGGED_WITH] 5,574,000/8,525,257 baris tertulis
18:14:48 |   [TAGGED_WITH] 5,576,000/8,525,257 baris tertulis
18:14:48 |   [TAGGED_WITH] 5,578,000/8,525,257 baris tertulis
18:14:48 |   [TAGGED_WITH] 5,580,000/8,525,257 baris tertulis
18:14:48 |   [TAGGED_WITH] 5,582,000/8,525,257 baris tertulis
18:14:48 |   [TAGGED_WITH] 5,584,000/8,525,257 baris tertulis
18:14:48 |   [TAGGED_WITH] 5,586,000/8,525,257 baris tertulis
18:14:48 |   [TAGGED_WITH] 5,588,000/8,525,257 baris tertulis
18:14:48 |   [TAGGED_WITH] 5,590,000/8,525,257 baris tertulis
18:14:48 |   [TAGGED_WITH] 5,592,000/8,525,257 baris tertulis
18:14:49 |   [TAGGED_WITH] 5,594,000/8,525,257 baris tertulis
18:14:49 |   [TAGGED_WITH] 5,596,000/8,525,257 baris tertulis
18:14:49 |   [TAGGED_WITH] 5,598,000/8,525,257 baris tertulis
18:14:49 |   [TAGGED_WITH] 5,600,000/8,525,257 baris tertulis
18:14:49 |   [TAGGED_WITH] 5,602,000/8,525,257 baris tertulis
18:14:49 |   [TAGGED_WITH] 5,604,000/8,525,257 baris tertulis
18:14:49 |   [TAGGED_WITH] 5,606,000/8,525,257 baris tertulis
18:14:49 |   [TAGGED_WITH] 5,608,000/8,525,257 baris tertulis
18:14:49 |   [TAGGED_WITH] 5,610,000/8,525,257 baris tertulis
18:14:49 |   [TAGGED_WITH] 5,612,000/8,525,257 baris tertulis
18:14:50 |   [TAGGED_WITH] 5,614,000/8,525,257 baris tertulis
18:14:50 |   [TAGGED_WITH] 5,616,000/8,525,257 baris tertulis
18:14:50 |   [TAGGED_WITH] 5,618,000/8,525,257 baris tertulis
18:14:50 |   [TAGGED_WITH] 5,620,000/8,525,257 baris tertulis
18:14:50 |   [TAGGED_WITH] 5,622,000/8,525,257 baris tertulis
18:14:50 |   [TAGGED_WITH] 5,624,000/8,525,257 baris tertulis
18:14:50 |   [TAGGED_WITH] 5,626,000/8,525,257 baris tertulis
18:14:50 |   [TAGGED_WITH] 5,628,000/8,525,257 baris tertulis
18:14:50 |   [TAGGED_WITH] 5,630,000/8,525,257 baris tertulis
18:14:50 |   [TAGGED_WITH] 5,632,000/8,525,257 baris tertulis
18:14:50 |   [TAGGED_WITH] 5,634,000/8,525,257 baris tertulis
18:14:51 |   [TAGGED_WITH] 5,636,000/8,525,257 baris tertulis
18:14:51 |   [TAGGED_WITH] 5,638,000/8,525,257 baris tertulis
18:14:51 |   [TAGGED_WITH] 5,640,000/8,525,257 baris tertulis
18:14:51 |   [TAGGED_WITH] 5,642,000/8,525,257 baris tertulis
18:14:51 |   [TAGGED_WITH] 5,644,000/8,525,257 baris tertulis
18:14:51 |   [TAGGED_WITH] 5,646,000/8,525,257 baris tertulis
18:14:51 |   [TAGGED_WITH] 5,648,000/8,525,257 baris tertulis
18:14:51 |   [TAGGED_WITH] 5,650,000/8,525,257 baris tertulis
18:14:51 |   [TAGGED_WITH] 5,652,000/8,525,257 baris tertulis
18:14:52 |   [TAGGED_WITH] 5,654,000/8,525,257 baris tertulis
18:14:52 |   [TAGGED_WITH] 5,656,000/8,525,257 baris tertulis
18:14:52 |   [TAGGED_WITH] 5,658,000/8,525,257 baris tertulis
18:14:52 |   [TAGGED_WITH] 5,660,000/8,525,257 baris tertulis
18:14:52 |   [TAGGED_WITH] 5,662,000/8,525,257 baris tertulis
18:14:52 |   [TAGGED_WITH] 5,664,000/8,525,257 baris tertulis
18:14:52 |   [TAGGED_WITH] 5,666,000/8,525,257 baris tertulis
18:14:52 |   [TAGGED_WITH] 5,668,000/8,525,257 baris tertulis
18:14:52 |   [TAGGED_WITH] 5,670,000/8,525,257 baris tertulis
18:14:52 |   [TAGGED_WITH] 5,672,000/8,525,257 baris tertulis
18:14:52 |   [TAGGED_WITH] 5,674,000/8,525,257 baris tertulis
18:14:53 |   [TAGGED_WITH] 5,676,000/8,525,257 baris tertulis
18:14:53 |   [TAGGED_WITH] 5,678,000/8,525,257 baris tertulis
18:14:53 |   [TAGGED_WITH] 5,680,000/8,525,257 baris tertulis
18:14:53 |   [TAGGED_WITH] 5,682,000/8,525,257 baris tertulis
18:14:53 |   [TAGGED_WITH] 5,684,000/8,525,257 baris tertulis
18:14:53 |   [TAGGED_WITH] 5,686,000/8,525,257 baris tertulis
18:14:53 |   [TAGGED_WITH] 5,688,000/8,525,257 baris tertulis
18:14:53 |   [TAGGED_WITH] 5,690,000/8,525,257 baris tertulis
18:14:53 |   [TAGGED_WITH] 5,692,000/8,525,257 baris tertulis
18:14:53 |   [TAGGED_WITH] 5,694,000/8,525,257 baris tertulis
18:14:53 |   [TAGGED_WITH] 5,696,000/8,525,257 baris tertulis
18:14:54 |   [TAGGED_WITH] 5,698,000/8,525,257 baris tertulis
18:14:54 |   [TAGGED_WITH] 5,700,000/8,525,257 baris tertulis
18:14:54 |   [TAGGED_WITH] 5,702,000/8,525,257 baris tertulis
18:14:54 |   [TAGGED_WITH] 5,704,000/8,525,257 baris tertulis
18:14:54 |   [TAGGED_WITH] 5,706,000/8,525,257 baris tertulis
18:14:54 |   [TAGGED_WITH] 5,708,000/8,525,257 baris tertulis
18:14:54 |   [TAGGED_WITH] 5,710,000/8,525,257 baris tertulis
18:14:54 |   [TAGGED_WITH] 5,712,000/8,525,257 baris tertulis
18:14:54 |   [TAGGED_WITH] 5,714,000/8,525,257 baris tertulis
18:14:54 |   [TAGGED_WITH] 5,716,000/8,525,257 baris tertulis
18:14:54 |   [TAGGED_WITH] 5,718,000/8,525,257 baris tertulis
18:14:55 |   [TAGGED_WITH] 5,720,000/8,525,257 baris tertulis
18:14:55 |   [TAGGED_WITH] 5,722,000/8,525,257 baris tertulis
18:14:55 |   [TAGGED_WITH] 5,724,000/8,525,257 baris tertulis
18:14:55 |   [TAGGED_WITH] 5,726,000/8,525,257 baris tertulis
18:14:55 |   [TAGGED_WITH] 5,728,000/8,525,257 baris tertulis
18:14:55 |   [TAGGED_WITH] 5,730,000/8,525,257 baris tertulis
18:14:55 |   [TAGGED_WITH] 5,732,000/8,525,257 baris tertulis
18:14:55 |   [TAGGED_WITH] 5,734,000/8,525,257 baris tertulis
18:14:55 |   [TAGGED_WITH] 5,736,000/8,525,257 baris tertulis
18:14:55 |   [TAGGED_WITH] 5,738,000/8,525,257 baris tertulis
18:14:56 |   [TAGGED_WITH] 5,740,000/8,525,257 baris tertulis
18:14:56 |   [TAGGED_WITH] 5,742,000/8,525,257 baris tertulis
18:14:56 |   [TAGGED_WITH] 5,744,000/8,525,257 baris tertulis
18:14:56 |   [TAGGED_WITH] 5,746,000/8,525,257 baris tertulis
18:14:56 |   [TAGGED_WITH] 5,748,000/8,525,257 baris tertulis
18:14:56 |   [TAGGED_WITH] 5,750,000/8,525,257 baris tertulis
18:14:56 |   [TAGGED_WITH] 5,752,000/8,525,257 baris tertulis
18:14:56 |   [TAGGED_WITH] 5,754,000/8,525,257 baris tertulis
18:14:56 |   [TAGGED_WITH] 5,756,000/8,525,257 baris tertulis
18:14:56 |   [TAGGED_WITH] 5,758,000/8,525,257 baris tertulis
18:14:56 |   [TAGGED_WITH] 5,760,000/8,525,257 baris tertulis
18:14:57 |   [TAGGED_WITH] 5,762,000/8,525,257 baris tertulis
18:14:57 |   [TAGGED_WITH] 5,764,000/8,525,257 baris tertulis
18:14:57 |   [TAGGED_WITH] 5,766,000/8,525,257 baris tertulis
18:14:57 |   [TAGGED_WITH] 5,768,000/8,525,257 baris tertulis
18:14:57 |   [TAGGED_WITH] 5,770,000/8,525,257 baris tertulis
18:14:57 |   [TAGGED_WITH] 5,772,000/8,525,257 baris tertulis
18:14:57 |   [TAGGED_WITH] 5,774,000/8,525,257 baris tertulis
18:14:57 |   [TAGGED_WITH] 5,776,000/8,525,257 baris tertulis
18:14:57 |   [TAGGED_WITH] 5,778,000/8,525,257 baris tertulis
18:14:57 |   [TAGGED_WITH] 5,780,000/8,525,257 baris tertulis
18:14:57 |   [TAGGED_WITH] 5,782,000/8,525,257 baris tertulis
18:14:58 |   [TAGGED_WITH] 5,784,000/8,525,257 baris tertulis
18:14:58 |   [TAGGED_WITH] 5,786,000/8,525,257 baris tertulis
18:14:58 |   [TAGGED_WITH] 5,788,000/8,525,257 baris tertulis
18:14:58 |   [TAGGED_WITH] 5,790,000/8,525,257 baris tertulis
18:14:58 |   [TAGGED_WITH] 5,792,000/8,525,257 baris tertulis
18:14:58 |   [TAGGED_WITH] 5,794,000/8,525,257 baris tertulis
18:14:58 |   [TAGGED_WITH] 5,796,000/8,525,257 baris tertulis
18:14:58 |   [TAGGED_WITH] 5,798,000/8,525,257 baris tertulis
18:14:58 |   [TAGGED_WITH] 5,800,000/8,525,257 baris tertulis
18:14:58 |   [TAGGED_WITH] 5,802,000/8,525,257 baris tertulis
18:14:58 |   [TAGGED_WITH] 5,804,000/8,525,257 baris tertulis
18:14:59 |   [TAGGED_WITH] 5,806,000/8,525,257 baris tertulis
18:14:59 |   [TAGGED_WITH] 5,808,000/8,525,257 baris tertulis
18:14:59 |   [TAGGED_WITH] 5,810,000/8,525,257 baris tertulis
18:14:59 |   [TAGGED_WITH] 5,812,000/8,525,257 baris tertulis
18:14:59 |   [TAGGED_WITH] 5,814,000/8,525,257 baris tertulis
18:14:59 |   [TAGGED_WITH] 5,816,000/8,525,257 baris tertulis
18:14:59 |   [TAGGED_WITH] 5,818,000/8,525,257 baris tertulis
18:14:59 |   [TAGGED_WITH] 5,820,000/8,525,257 baris tertulis
18:14:59 |   [TAGGED_WITH] 5,822,000/8,525,257 baris tertulis
18:14:59 |   [TAGGED_WITH] 5,824,000/8,525,257 baris tertulis
18:14:59 |   [TAGGED_WITH] 5,826,000/8,525,257 baris tertulis
18:15:00 |   [TAGGED_WITH] 5,828,000/8,525,257 baris tertulis
18:15:00 |   [TAGGED_WITH] 5,830,000/8,525,257 baris tertulis
18:15:00 |   [TAGGED_WITH] 5,832,000/8,525,257 baris tertulis
18:15:00 |   [TAGGED_WITH] 5,834,000/8,525,257 baris tertulis
18:15:00 |   [TAGGED_WITH] 5,836,000/8,525,257 baris tertulis
18:15:00 |   [TAGGED_WITH] 5,838,000/8,525,257 baris tertulis
18:15:00 |   [TAGGED_WITH] 5,840,000/8,525,257 baris tertulis
18:15:00 |   [TAGGED_WITH] 5,842,000/8,525,257 baris tertulis
18:15:00 |   [TAGGED_WITH] 5,844,000/8,525,257 baris tertulis
18:15:00 |   [TAGGED_WITH] 5,846,000/8,525,257 baris tertulis
18:15:01 |   [TAGGED_WITH] 5,848,000/8,525,257 baris tertulis
18:15:01 |   [TAGGED_WITH] 5,850,000/8,525,257 baris tertulis
18:15:01 |   [TAGGED_WITH] 5,852,000/8,525,257 baris tertulis
18:15:01 |   [TAGGED_WITH] 5,854,000/8,525,257 baris tertulis
18:15:01 |   [TAGGED_WITH] 5,856,000/8,525,257 baris tertulis
18:15:01 |   [TAGGED_WITH] 5,858,000/8,525,257 baris tertulis
18:15:01 |   [TAGGED_WITH] 5,860,000/8,525,257 baris tertulis
18:15:01 |   [TAGGED_WITH] 5,862,000/8,525,257 baris tertulis
18:15:01 |   [TAGGED_WITH] 5,864,000/8,525,257 baris tertulis
18:15:01 |   [TAGGED_WITH] 5,866,000/8,525,257 baris tertulis
18:15:01 |   [TAGGED_WITH] 5,868,000/8,525,257 baris tertulis
18:15:02 |   [TAGGED_WITH] 5,870,000/8,525,257 baris tertulis
18:15:02 |   [TAGGED_WITH] 5,872,000/8,525,257 baris tertulis
18:15:02 |   [TAGGED_WITH] 5,874,000/8,525,257 baris tertulis
18:15:02 |   [TAGGED_WITH] 5,876,000/8,525,257 baris tertulis
18:15:02 |   [TAGGED_WITH] 5,878,000/8,525,257 baris tertulis
18:15:02 |   [TAGGED_WITH] 5,880,000/8,525,257 baris tertulis
18:15:02 |   [TAGGED_WITH] 5,882,000/8,525,257 baris tertulis
18:15:02 |   [TAGGED_WITH] 5,884,000/8,525,257 baris tertulis
18:15:02 |   [TAGGED_WITH] 5,886,000/8,525,257 baris tertulis
18:15:02 |   [TAGGED_WITH] 5,888,000/8,525,257 baris tertulis
18:15:02 |   [TAGGED_WITH] 5,890,000/8,525,257 baris tertulis
18:15:03 |   [TAGGED_WITH] 5,892,000/8,525,257 baris tertulis
18:15:03 |   [TAGGED_WITH] 5,894,000/8,525,257 baris tertulis
18:15:03 |   [TAGGED_WITH] 5,896,000/8,525,257 baris tertulis
18:15:03 |   [TAGGED_WITH] 5,898,000/8,525,257 baris tertulis
18:15:03 |   [TAGGED_WITH] 5,900,000/8,525,257 baris tertulis
18:15:03 |   [TAGGED_WITH] 5,902,000/8,525,257 baris tertulis
18:15:03 |   [TAGGED_WITH] 5,904,000/8,525,257 baris tertulis
18:15:03 |   [TAGGED_WITH] 5,906,000/8,525,257 baris tertulis
18:15:03 |   [TAGGED_WITH] 5,908,000/8,525,257 baris tertulis
18:15:03 |   [TAGGED_WITH] 5,910,000/8,525,257 baris tertulis
18:15:04 |   [TAGGED_WITH] 5,912,000/8,525,257 baris tertulis
18:15:04 |   [TAGGED_WITH] 5,914,000/8,525,257 baris tertulis
18:15:04 |   [TAGGED_WITH] 5,916,000/8,525,257 baris tertulis
18:15:04 |   [TAGGED_WITH] 5,918,000/8,525,257 baris tertulis
18:15:04 |   [TAGGED_WITH] 5,920,000/8,525,257 baris tertulis
18:15:04 |   [TAGGED_WITH] 5,922,000/8,525,257 baris tertulis
18:15:04 |   [TAGGED_WITH] 5,924,000/8,525,257 baris tertulis
18:15:04 |   [TAGGED_WITH] 5,926,000/8,525,257 baris tertulis
18:15:04 |   [TAGGED_WITH] 5,928,000/8,525,257 baris tertulis
18:15:04 |   [TAGGED_WITH] 5,930,000/8,525,257 baris tertulis
18:15:04 |   [TAGGED_WITH] 5,932,000/8,525,257 baris tertulis
18:15:05 |   [TAGGED_WITH] 5,934,000/8,525,257 baris tertulis
18:15:05 |   [TAGGED_WITH] 5,936,000/8,525,257 baris tertulis
18:15:05 |   [TAGGED_WITH] 5,938,000/8,525,257 baris tertulis
18:15:05 |   [TAGGED_WITH] 5,940,000/8,525,257 baris tertulis
18:15:05 |   [TAGGED_WITH] 5,942,000/8,525,257 baris tertulis
18:15:05 |   [TAGGED_WITH] 5,944,000/8,525,257 baris tertulis
18:15:05 |   [TAGGED_WITH] 5,946,000/8,525,257 baris tertulis
18:15:05 |   [TAGGED_WITH] 5,948,000/8,525,257 baris tertulis
18:15:05 |   [TAGGED_WITH] 5,950,000/8,525,257 baris tertulis
18:15:05 |   [TAGGED_WITH] 5,952,000/8,525,257 baris tertulis
18:15:05 |   [TAGGED_WITH] 5,954,000/8,525,257 baris tertulis
18:15:06 |   [TAGGED_WITH] 5,956,000/8,525,257 baris tertulis
18:15:06 |   [TAGGED_WITH] 5,958,000/8,525,257 baris tertulis
18:15:06 |   [TAGGED_WITH] 5,960,000/8,525,257 baris tertulis
18:15:06 |   [TAGGED_WITH] 5,962,000/8,525,257 baris tertulis
18:15:06 |   [TAGGED_WITH] 5,964,000/8,525,257 baris tertulis
18:15:06 |   [TAGGED_WITH] 5,966,000/8,525,257 baris tertulis
18:15:06 |   [TAGGED_WITH] 5,968,000/8,525,257 baris tertulis
18:15:06 |   [TAGGED_WITH] 5,970,000/8,525,257 baris tertulis
18:15:06 |   [TAGGED_WITH] 5,972,000/8,525,257 baris tertulis
18:15:06 |   [TAGGED_WITH] 5,974,000/8,525,257 baris tertulis
18:15:06 |   [TAGGED_WITH] 5,976,000/8,525,257 baris tertulis
18:15:07 |   [TAGGED_WITH] 5,978,000/8,525,257 baris tertulis
18:15:07 |   [TAGGED_WITH] 5,980,000/8,525,257 baris tertulis
18:15:07 |   [TAGGED_WITH] 5,982,000/8,525,257 baris tertulis
18:15:07 |   [TAGGED_WITH] 5,984,000/8,525,257 baris tertulis
18:15:07 |   [TAGGED_WITH] 5,986,000/8,525,257 baris tertulis
18:15:07 |   [TAGGED_WITH] 5,988,000/8,525,257 baris tertulis
18:15:07 |   [TAGGED_WITH] 5,990,000/8,525,257 baris tertulis
18:15:07 |   [TAGGED_WITH] 5,992,000/8,525,257 baris tertulis
18:15:07 |   [TAGGED_WITH] 5,994,000/8,525,257 baris tertulis
18:15:07 |   [TAGGED_WITH] 5,996,000/8,525,257 baris tertulis
18:15:07 |   [TAGGED_WITH] 5,998,000/8,525,257 baris tertulis
18:15:08 |   [TAGGED_WITH] 6,000,000/8,525,257 baris tertulis
18:15:08 |   [TAGGED_WITH] 6,002,000/8,525,257 baris tertulis
18:15:08 |   [TAGGED_WITH] 6,004,000/8,525,257 baris tertulis
18:15:08 |   [TAGGED_WITH] 6,006,000/8,525,257 baris tertulis
18:15:08 |   [TAGGED_WITH] 6,008,000/8,525,257 baris tertulis
18:15:08 |   [TAGGED_WITH] 6,010,000/8,525,257 baris tertulis
18:15:08 |   [TAGGED_WITH] 6,012,000/8,525,257 baris tertulis
18:15:08 |   [TAGGED_WITH] 6,014,000/8,525,257 baris tertulis
18:15:08 |   [TAGGED_WITH] 6,016,000/8,525,257 baris tertulis
18:15:08 |   [TAGGED_WITH] 6,018,000/8,525,257 baris tertulis
18:15:08 |   [TAGGED_WITH] 6,020,000/8,525,257 baris tertulis
18:15:09 |   [TAGGED_WITH] 6,022,000/8,525,257 baris tertulis
18:15:09 |   [TAGGED_WITH] 6,024,000/8,525,257 baris tertulis
18:15:09 |   [TAGGED_WITH] 6,026,000/8,525,257 baris tertulis
18:15:09 |   [TAGGED_WITH] 6,028,000/8,525,257 baris tertulis
18:15:09 |   [TAGGED_WITH] 6,030,000/8,525,257 baris tertulis
18:15:09 |   [TAGGED_WITH] 6,032,000/8,525,257 baris tertulis
18:15:09 |   [TAGGED_WITH] 6,034,000/8,525,257 baris tertulis
18:15:09 |   [TAGGED_WITH] 6,036,000/8,525,257 baris tertulis
18:15:09 |   [TAGGED_WITH] 6,038,000/8,525,257 baris tertulis
18:15:09 |   [TAGGED_WITH] 6,040,000/8,525,257 baris tertulis
18:15:10 |   [TAGGED_WITH] 6,042,000/8,525,257 baris tertulis
18:15:10 |   [TAGGED_WITH] 6,044,000/8,525,257 baris tertulis
18:15:10 |   [TAGGED_WITH] 6,046,000/8,525,257 baris tertulis
18:15:10 |   [TAGGED_WITH] 6,048,000/8,525,257 baris tertulis
18:15:10 |   [TAGGED_WITH] 6,050,000/8,525,257 baris tertulis
18:15:10 |   [TAGGED_WITH] 6,052,000/8,525,257 baris tertulis
18:15:10 |   [TAGGED_WITH] 6,054,000/8,525,257 baris tertulis
18:15:10 |   [TAGGED_WITH] 6,056,000/8,525,257 baris tertulis
18:15:10 |   [TAGGED_WITH] 6,058,000/8,525,257 baris tertulis
18:15:10 |   [TAGGED_WITH] 6,060,000/8,525,257 baris tertulis
18:15:10 |   [TAGGED_WITH] 6,062,000/8,525,257 baris tertulis
18:15:11 |   [TAGGED_WITH] 6,064,000/8,525,257 baris tertulis
18:15:11 |   [TAGGED_WITH] 6,066,000/8,525,257 baris tertulis
18:15:11 |   [TAGGED_WITH] 6,068,000/8,525,257 baris tertulis
18:15:11 |   [TAGGED_WITH] 6,070,000/8,525,257 baris tertulis
18:15:11 |   [TAGGED_WITH] 6,072,000/8,525,257 baris tertulis
18:15:11 |   [TAGGED_WITH] 6,074,000/8,525,257 baris tertulis
18:15:11 |   [TAGGED_WITH] 6,076,000/8,525,257 baris tertulis
18:15:11 |   [TAGGED_WITH] 6,078,000/8,525,257 baris tertulis
18:15:11 |   [TAGGED_WITH] 6,080,000/8,525,257 baris tertulis
18:15:11 |   [TAGGED_WITH] 6,082,000/8,525,257 baris tertulis
18:15:11 |   [TAGGED_WITH] 6,084,000/8,525,257 baris tertulis
18:15:12 |   [TAGGED_WITH] 6,086,000/8,525,257 baris tertulis
18:15:12 |   [TAGGED_WITH] 6,088,000/8,525,257 baris tertulis
18:15:12 |   [TAGGED_WITH] 6,090,000/8,525,257 baris tertulis
18:15:12 |   [TAGGED_WITH] 6,092,000/8,525,257 baris tertulis
18:15:12 |   [TAGGED_WITH] 6,094,000/8,525,257 baris tertulis
18:15:12 |   [TAGGED_WITH] 6,096,000/8,525,257 baris tertulis
18:15:12 |   [TAGGED_WITH] 6,098,000/8,525,257 baris tertulis
18:15:12 |   [TAGGED_WITH] 6,100,000/8,525,257 baris tertulis
18:15:12 |   [TAGGED_WITH] 6,102,000/8,525,257 baris tertulis
18:15:12 |   [TAGGED_WITH] 6,104,000/8,525,257 baris tertulis
18:15:12 |   [TAGGED_WITH] 6,106,000/8,525,257 baris tertulis
18:15:13 |   [TAGGED_WITH] 6,108,000/8,525,257 baris tertulis
18:15:13 |   [TAGGED_WITH] 6,110,000/8,525,257 baris tertulis
18:15:13 |   [TAGGED_WITH] 6,112,000/8,525,257 baris tertulis
18:15:13 |   [TAGGED_WITH] 6,114,000/8,525,257 baris tertulis
18:15:13 |   [TAGGED_WITH] 6,116,000/8,525,257 baris tertulis
18:15:13 |   [TAGGED_WITH] 6,118,000/8,525,257 baris tertulis
18:15:13 |   [TAGGED_WITH] 6,120,000/8,525,257 baris tertulis
18:15:13 |   [TAGGED_WITH] 6,122,000/8,525,257 baris tertulis
18:15:13 |   [TAGGED_WITH] 6,124,000/8,525,257 baris tertulis
18:15:13 |   [TAGGED_WITH] 6,126,000/8,525,257 baris tertulis
18:15:14 |   [TAGGED_WITH] 6,128,000/8,525,257 baris tertulis
18:15:14 |   [TAGGED_WITH] 6,130,000/8,525,257 baris tertulis
18:15:14 |   [TAGGED_WITH] 6,132,000/8,525,257 baris tertulis
18:15:14 |   [TAGGED_WITH] 6,134,000/8,525,257 baris tertulis
18:15:14 |   [TAGGED_WITH] 6,136,000/8,525,257 baris tertulis
18:15:14 |   [TAGGED_WITH] 6,138,000/8,525,257 baris tertulis
18:15:14 |   [TAGGED_WITH] 6,140,000/8,525,257 baris tertulis
18:15:14 |   [TAGGED_WITH] 6,142,000/8,525,257 baris tertulis
18:15:14 |   [TAGGED_WITH] 6,144,000/8,525,257 baris tertulis
18:15:14 |   [TAGGED_WITH] 6,146,000/8,525,257 baris tertulis
18:15:14 |   [TAGGED_WITH] 6,148,000/8,525,257 baris tertulis
18:15:15 |   [TAGGED_WITH] 6,150,000/8,525,257 baris tertulis
18:15:15 |   [TAGGED_WITH] 6,152,000/8,525,257 baris tertulis
18:15:15 |   [TAGGED_WITH] 6,154,000/8,525,257 baris tertulis
18:15:15 |   [TAGGED_WITH] 6,156,000/8,525,257 baris tertulis
18:15:15 |   [TAGGED_WITH] 6,158,000/8,525,257 baris tertulis
18:15:15 |   [TAGGED_WITH] 6,160,000/8,525,257 baris tertulis
18:15:15 |   [TAGGED_WITH] 6,162,000/8,525,257 baris tertulis
18:15:15 |   [TAGGED_WITH] 6,164,000/8,525,257 baris tertulis
18:15:15 |   [TAGGED_WITH] 6,166,000/8,525,257 baris tertulis
18:15:15 |   [TAGGED_WITH] 6,168,000/8,525,257 baris tertulis
18:15:15 |   [TAGGED_WITH] 6,170,000/8,525,257 baris tertulis
18:15:16 |   [TAGGED_WITH] 6,172,000/8,525,257 baris tertulis
18:15:16 |   [TAGGED_WITH] 6,174,000/8,525,257 baris tertulis
18:15:16 |   [TAGGED_WITH] 6,176,000/8,525,257 baris tertulis
18:15:16 |   [TAGGED_WITH] 6,178,000/8,525,257 baris tertulis
18:15:16 |   [TAGGED_WITH] 6,180,000/8,525,257 baris tertulis
18:15:16 |   [TAGGED_WITH] 6,182,000/8,525,257 baris tertulis
18:15:16 |   [TAGGED_WITH] 6,184,000/8,525,257 baris tertulis
18:15:16 |   [TAGGED_WITH] 6,186,000/8,525,257 baris tertulis
18:15:16 |   [TAGGED_WITH] 6,188,000/8,525,257 baris tertulis
18:15:16 |   [TAGGED_WITH] 6,190,000/8,525,257 baris tertulis
18:15:16 |   [TAGGED_WITH] 6,192,000/8,525,257 baris tertulis
18:15:17 |   [TAGGED_WITH] 6,194,000/8,525,257 baris tertulis
18:15:17 |   [TAGGED_WITH] 6,196,000/8,525,257 baris tertulis
18:15:17 |   [TAGGED_WITH] 6,198,000/8,525,257 baris tertulis
18:15:17 |   [TAGGED_WITH] 6,200,000/8,525,257 baris tertulis
18:15:17 |   [TAGGED_WITH] 6,202,000/8,525,257 baris tertulis
18:15:17 |   [TAGGED_WITH] 6,204,000/8,525,257 baris tertulis
18:15:17 |   [TAGGED_WITH] 6,206,000/8,525,257 baris tertulis
18:15:17 |   [TAGGED_WITH] 6,208,000/8,525,257 baris tertulis
18:15:17 |   [TAGGED_WITH] 6,210,000/8,525,257 baris tertulis
18:15:17 |   [TAGGED_WITH] 6,212,000/8,525,257 baris tertulis
18:15:17 |   [TAGGED_WITH] 6,214,000/8,525,257 baris tertulis
18:15:18 |   [TAGGED_WITH] 6,216,000/8,525,257 baris tertulis
18:15:18 |   [TAGGED_WITH] 6,218,000/8,525,257 baris tertulis
18:15:18 |   [TAGGED_WITH] 6,220,000/8,525,257 baris tertulis
18:15:18 |   [TAGGED_WITH] 6,222,000/8,525,257 baris tertulis
18:15:18 |   [TAGGED_WITH] 6,224,000/8,525,257 baris tertulis
18:15:18 |   [TAGGED_WITH] 6,226,000/8,525,257 baris tertulis
18:15:18 |   [TAGGED_WITH] 6,228,000/8,525,257 baris tertulis
18:15:18 |   [TAGGED_WITH] 6,230,000/8,525,257 baris tertulis
18:15:18 |   [TAGGED_WITH] 6,232,000/8,525,257 baris tertulis
18:15:18 |   [TAGGED_WITH] 6,234,000/8,525,257 baris tertulis
18:15:18 |   [TAGGED_WITH] 6,236,000/8,525,257 baris tertulis
18:15:19 |   [TAGGED_WITH] 6,238,000/8,525,257 baris tertulis
18:15:19 |   [TAGGED_WITH] 6,240,000/8,525,257 baris tertulis
18:15:19 |   [TAGGED_WITH] 6,242,000/8,525,257 baris tertulis
18:15:19 |   [TAGGED_WITH] 6,244,000/8,525,257 baris tertulis
18:15:19 |   [TAGGED_WITH] 6,246,000/8,525,257 baris tertulis
18:15:19 |   [TAGGED_WITH] 6,248,000/8,525,257 baris tertulis
18:15:19 |   [TAGGED_WITH] 6,250,000/8,525,257 baris tertulis
18:15:19 |   [TAGGED_WITH] 6,252,000/8,525,257 baris tertulis
18:15:19 |   [TAGGED_WITH] 6,254,000/8,525,257 baris tertulis
18:15:19 |   [TAGGED_WITH] 6,256,000/8,525,257 baris tertulis
18:15:20 |   [TAGGED_WITH] 6,258,000/8,525,257 baris tertulis
18:15:20 |   [TAGGED_WITH] 6,260,000/8,525,257 baris tertulis
18:15:20 |   [TAGGED_WITH] 6,262,000/8,525,257 baris tertulis
18:15:20 |   [TAGGED_WITH] 6,264,000/8,525,257 baris tertulis
18:15:20 |   [TAGGED_WITH] 6,266,000/8,525,257 baris tertulis
18:15:20 |   [TAGGED_WITH] 6,268,000/8,525,257 baris tertulis
18:15:20 |   [TAGGED_WITH] 6,270,000/8,525,257 baris tertulis
18:15:20 |   [TAGGED_WITH] 6,272,000/8,525,257 baris tertulis
18:15:20 |   [TAGGED_WITH] 6,274,000/8,525,257 baris tertulis
18:15:20 |   [TAGGED_WITH] 6,276,000/8,525,257 baris tertulis
18:15:20 |   [TAGGED_WITH] 6,278,000/8,525,257 baris tertulis
18:15:21 |   [TAGGED_WITH] 6,280,000/8,525,257 baris tertulis
18:15:21 |   [TAGGED_WITH] 6,282,000/8,525,257 baris tertulis
18:15:21 |   [TAGGED_WITH] 6,284,000/8,525,257 baris tertulis
18:15:21 |   [TAGGED_WITH] 6,286,000/8,525,257 baris tertulis
18:15:21 |   [TAGGED_WITH] 6,288,000/8,525,257 baris tertulis
18:15:21 |   [TAGGED_WITH] 6,290,000/8,525,257 baris tertulis
18:15:21 |   [TAGGED_WITH] 6,292,000/8,525,257 baris tertulis
18:15:21 |   [TAGGED_WITH] 6,294,000/8,525,257 baris tertulis
18:15:21 |   [TAGGED_WITH] 6,296,000/8,525,257 baris tertulis
18:15:21 |   [TAGGED_WITH] 6,298,000/8,525,257 baris tertulis
18:15:21 |   [TAGGED_WITH] 6,300,000/8,525,257 baris tertulis
18:15:22 |   [TAGGED_WITH] 6,302,000/8,525,257 baris tertulis
18:15:22 |   [TAGGED_WITH] 6,304,000/8,525,257 baris tertulis
18:15:22 |   [TAGGED_WITH] 6,306,000/8,525,257 baris tertulis
18:15:22 |   [TAGGED_WITH] 6,308,000/8,525,257 baris tertulis
18:15:22 |   [TAGGED_WITH] 6,310,000/8,525,257 baris tertulis
18:15:22 |   [TAGGED_WITH] 6,312,000/8,525,257 baris tertulis
18:15:22 |   [TAGGED_WITH] 6,314,000/8,525,257 baris tertulis
18:15:22 |   [TAGGED_WITH] 6,316,000/8,525,257 baris tertulis
18:15:22 |   [TAGGED_WITH] 6,318,000/8,525,257 baris tertulis
18:15:22 |   [TAGGED_WITH] 6,320,000/8,525,257 baris tertulis
18:15:23 |   [TAGGED_WITH] 6,322,000/8,525,257 baris tertulis
18:15:23 |   [TAGGED_WITH] 6,324,000/8,525,257 baris tertulis
18:15:23 |   [TAGGED_WITH] 6,326,000/8,525,257 baris tertulis
18:15:23 |   [TAGGED_WITH] 6,328,000/8,525,257 baris tertulis
18:15:23 |   [TAGGED_WITH] 6,330,000/8,525,257 baris tertulis
18:15:23 |   [TAGGED_WITH] 6,332,000/8,525,257 baris tertulis
18:15:23 |   [TAGGED_WITH] 6,334,000/8,525,257 baris tertulis
18:15:23 |   [TAGGED_WITH] 6,336,000/8,525,257 baris tertulis
18:15:23 |   [TAGGED_WITH] 6,338,000/8,525,257 baris tertulis
18:15:23 |   [TAGGED_WITH] 6,340,000/8,525,257 baris tertulis
18:15:23 |   [TAGGED_WITH] 6,342,000/8,525,257 baris tertulis
18:15:24 |   [TAGGED_WITH] 6,344,000/8,525,257 baris tertulis
18:15:24 |   [TAGGED_WITH] 6,346,000/8,525,257 baris tertulis
18:15:24 |   [TAGGED_WITH] 6,348,000/8,525,257 baris tertulis
18:15:24 |   [TAGGED_WITH] 6,350,000/8,525,257 baris tertulis
18:15:24 |   [TAGGED_WITH] 6,352,000/8,525,257 baris tertulis
18:15:24 |   [TAGGED_WITH] 6,354,000/8,525,257 baris tertulis
18:15:24 |   [TAGGED_WITH] 6,356,000/8,525,257 baris tertulis
18:15:24 |   [TAGGED_WITH] 6,358,000/8,525,257 baris tertulis
18:15:24 |   [TAGGED_WITH] 6,360,000/8,525,257 baris tertulis
18:15:24 |   [TAGGED_WITH] 6,362,000/8,525,257 baris tertulis
18:15:25 |   [TAGGED_WITH] 6,364,000/8,525,257 baris tertulis
18:15:25 |   [TAGGED_WITH] 6,366,000/8,525,257 baris tertulis
18:15:25 |   [TAGGED_WITH] 6,368,000/8,525,257 baris tertulis
18:15:25 |   [TAGGED_WITH] 6,370,000/8,525,257 baris tertulis
18:15:25 |   [TAGGED_WITH] 6,372,000/8,525,257 baris tertulis
18:15:25 |   [TAGGED_WITH] 6,374,000/8,525,257 baris tertulis
18:15:25 |   [TAGGED_WITH] 6,376,000/8,525,257 baris tertulis
18:15:25 |   [TAGGED_WITH] 6,378,000/8,525,257 baris tertulis
18:15:25 |   [TAGGED_WITH] 6,380,000/8,525,257 baris tertulis
18:15:25 |   [TAGGED_WITH] 6,382,000/8,525,257 baris tertulis
18:15:25 |   [TAGGED_WITH] 6,384,000/8,525,257 baris tertulis
18:15:26 |   [TAGGED_WITH] 6,386,000/8,525,257 baris tertulis
18:15:26 |   [TAGGED_WITH] 6,388,000/8,525,257 baris tertulis
18:15:26 |   [TAGGED_WITH] 6,390,000/8,525,257 baris tertulis
18:15:26 |   [TAGGED_WITH] 6,392,000/8,525,257 baris tertulis
18:15:26 |   [TAGGED_WITH] 6,394,000/8,525,257 baris tertulis
18:15:26 |   [TAGGED_WITH] 6,396,000/8,525,257 baris tertulis
18:15:26 |   [TAGGED_WITH] 6,398,000/8,525,257 baris tertulis
18:15:26 |   [TAGGED_WITH] 6,400,000/8,525,257 baris tertulis
18:15:26 |   [TAGGED_WITH] 6,402,000/8,525,257 baris tertulis
18:15:26 |   [TAGGED_WITH] 6,404,000/8,525,257 baris tertulis
18:15:26 |   [TAGGED_WITH] 6,406,000/8,525,257 baris tertulis
18:15:27 |   [TAGGED_WITH] 6,408,000/8,525,257 baris tertulis
18:15:27 |   [TAGGED_WITH] 6,410,000/8,525,257 baris tertulis
18:15:27 |   [TAGGED_WITH] 6,412,000/8,525,257 baris tertulis
18:15:27 |   [TAGGED_WITH] 6,414,000/8,525,257 baris tertulis
18:15:27 |   [TAGGED_WITH] 6,416,000/8,525,257 baris tertulis
18:15:27 |   [TAGGED_WITH] 6,418,000/8,525,257 baris tertulis
18:15:27 |   [TAGGED_WITH] 6,420,000/8,525,257 baris tertulis
18:15:27 |   [TAGGED_WITH] 6,422,000/8,525,257 baris tertulis
18:15:27 |   [TAGGED_WITH] 6,424,000/8,525,257 baris tertulis
18:15:27 |   [TAGGED_WITH] 6,426,000/8,525,257 baris tertulis
18:15:27 |   [TAGGED_WITH] 6,428,000/8,525,257 baris tertulis
18:15:28 |   [TAGGED_WITH] 6,430,000/8,525,257 baris tertulis
18:15:28 |   [TAGGED_WITH] 6,432,000/8,525,257 baris tertulis
18:15:28 |   [TAGGED_WITH] 6,434,000/8,525,257 baris tertulis
18:15:28 |   [TAGGED_WITH] 6,436,000/8,525,257 baris tertulis
18:15:28 |   [TAGGED_WITH] 6,438,000/8,525,257 baris tertulis
18:15:28 |   [TAGGED_WITH] 6,440,000/8,525,257 baris tertulis
18:15:28 |   [TAGGED_WITH] 6,442,000/8,525,257 baris tertulis
18:15:28 |   [TAGGED_WITH] 6,444,000/8,525,257 baris tertulis
18:15:28 |   [TAGGED_WITH] 6,446,000/8,525,257 baris tertulis
18:15:28 |   [TAGGED_WITH] 6,448,000/8,525,257 baris tertulis
18:15:29 |   [TAGGED_WITH] 6,450,000/8,525,257 baris tertulis
18:15:29 |   [TAGGED_WITH] 6,452,000/8,525,257 baris tertulis
18:15:29 |   [TAGGED_WITH] 6,454,000/8,525,257 baris tertulis
18:15:29 |   [TAGGED_WITH] 6,456,000/8,525,257 baris tertulis
18:15:29 |   [TAGGED_WITH] 6,458,000/8,525,257 baris tertulis
18:15:29 |   [TAGGED_WITH] 6,460,000/8,525,257 baris tertulis
18:15:29 |   [TAGGED_WITH] 6,462,000/8,525,257 baris tertulis
18:15:29 |   [TAGGED_WITH] 6,464,000/8,525,257 baris tertulis
18:15:29 |   [TAGGED_WITH] 6,466,000/8,525,257 baris tertulis
18:15:29 |   [TAGGED_WITH] 6,468,000/8,525,257 baris tertulis
18:15:29 |   [TAGGED_WITH] 6,470,000/8,525,257 baris tertulis
18:15:30 |   [TAGGED_WITH] 6,472,000/8,525,257 baris tertulis
18:15:30 |   [TAGGED_WITH] 6,474,000/8,525,257 baris tertulis
18:15:30 |   [TAGGED_WITH] 6,476,000/8,525,257 baris tertulis
18:15:30 |   [TAGGED_WITH] 6,478,000/8,525,257 baris tertulis
18:15:30 |   [TAGGED_WITH] 6,480,000/8,525,257 baris tertulis
18:15:30 |   [TAGGED_WITH] 6,482,000/8,525,257 baris tertulis
18:15:30 |   [TAGGED_WITH] 6,484,000/8,525,257 baris tertulis
18:15:30 |   [TAGGED_WITH] 6,486,000/8,525,257 baris tertulis
18:15:30 |   [TAGGED_WITH] 6,488,000/8,525,257 baris tertulis
18:15:30 |   [TAGGED_WITH] 6,490,000/8,525,257 baris tertulis
18:15:30 |   [TAGGED_WITH] 6,492,000/8,525,257 baris tertulis
18:15:31 |   [TAGGED_WITH] 6,494,000/8,525,257 baris tertulis
18:15:31 |   [TAGGED_WITH] 6,496,000/8,525,257 baris tertulis
18:15:31 |   [TAGGED_WITH] 6,498,000/8,525,257 baris tertulis
18:15:31 |   [TAGGED_WITH] 6,500,000/8,525,257 baris tertulis
18:15:31 |   [TAGGED_WITH] 6,502,000/8,525,257 baris tertulis
18:15:31 |   [TAGGED_WITH] 6,504,000/8,525,257 baris tertulis
18:15:31 |   [TAGGED_WITH] 6,506,000/8,525,257 baris tertulis
18:15:31 |   [TAGGED_WITH] 6,508,000/8,525,257 baris tertulis
18:15:31 |   [TAGGED_WITH] 6,510,000/8,525,257 baris tertulis
18:15:31 |   [TAGGED_WITH] 6,512,000/8,525,257 baris tertulis
18:15:31 |   [TAGGED_WITH] 6,514,000/8,525,257 baris tertulis
18:15:32 |   [TAGGED_WITH] 6,516,000/8,525,257 baris tertulis
18:15:32 |   [TAGGED_WITH] 6,518,000/8,525,257 baris tertulis
18:15:32 |   [TAGGED_WITH] 6,520,000/8,525,257 baris tertulis
18:15:32 |   [TAGGED_WITH] 6,522,000/8,525,257 baris tertulis
18:15:32 |   [TAGGED_WITH] 6,524,000/8,525,257 baris tertulis
18:15:32 |   [TAGGED_WITH] 6,526,000/8,525,257 baris tertulis
18:15:32 |   [TAGGED_WITH] 6,528,000/8,525,257 baris tertulis
18:15:32 |   [TAGGED_WITH] 6,530,000/8,525,257 baris tertulis
18:15:32 |   [TAGGED_WITH] 6,532,000/8,525,257 baris tertulis
18:15:32 |   [TAGGED_WITH] 6,534,000/8,525,257 baris tertulis
18:15:33 |   [TAGGED_WITH] 6,536,000/8,525,257 baris tertulis
18:15:33 |   [TAGGED_WITH] 6,538,000/8,525,257 baris tertulis
18:15:33 |   [TAGGED_WITH] 6,540,000/8,525,257 baris tertulis
18:15:33 |   [TAGGED_WITH] 6,542,000/8,525,257 baris tertulis
18:15:33 |   [TAGGED_WITH] 6,544,000/8,525,257 baris tertulis
18:15:33 |   [TAGGED_WITH] 6,546,000/8,525,257 baris tertulis
18:15:33 |   [TAGGED_WITH] 6,548,000/8,525,257 baris tertulis
18:15:33 |   [TAGGED_WITH] 6,550,000/8,525,257 baris tertulis
18:15:33 |   [TAGGED_WITH] 6,552,000/8,525,257 baris tertulis
18:15:33 |   [TAGGED_WITH] 6,554,000/8,525,257 baris tertulis
18:15:33 |   [TAGGED_WITH] 6,556,000/8,525,257 baris tertulis
18:15:34 |   [TAGGED_WITH] 6,558,000/8,525,257 baris tertulis
18:15:34 |   [TAGGED_WITH] 6,560,000/8,525,257 baris tertulis
18:15:34 |   [TAGGED_WITH] 6,562,000/8,525,257 baris tertulis
18:15:34 |   [TAGGED_WITH] 6,564,000/8,525,257 baris tertulis
18:15:34 |   [TAGGED_WITH] 6,566,000/8,525,257 baris tertulis
18:15:34 |   [TAGGED_WITH] 6,568,000/8,525,257 baris tertulis
18:15:34 |   [TAGGED_WITH] 6,570,000/8,525,257 baris tertulis
18:15:34 |   [TAGGED_WITH] 6,572,000/8,525,257 baris tertulis
18:15:34 |   [TAGGED_WITH] 6,574,000/8,525,257 baris tertulis
18:15:34 |   [TAGGED_WITH] 6,576,000/8,525,257 baris tertulis
18:15:35 |   [TAGGED_WITH] 6,578,000/8,525,257 baris tertulis
18:15:35 |   [TAGGED_WITH] 6,580,000/8,525,257 baris tertulis
18:15:35 |   [TAGGED_WITH] 6,582,000/8,525,257 baris tertulis
18:15:35 |   [TAGGED_WITH] 6,584,000/8,525,257 baris tertulis
18:15:35 |   [TAGGED_WITH] 6,586,000/8,525,257 baris tertulis
18:15:35 |   [TAGGED_WITH] 6,588,000/8,525,257 baris tertulis
18:15:35 |   [TAGGED_WITH] 6,590,000/8,525,257 baris tertulis
18:15:35 |   [TAGGED_WITH] 6,592,000/8,525,257 baris tertulis
18:15:35 |   [TAGGED_WITH] 6,594,000/8,525,257 baris tertulis
18:15:35 |   [TAGGED_WITH] 6,596,000/8,525,257 baris tertulis
18:15:35 |   [TAGGED_WITH] 6,598,000/8,525,257 baris tertulis
18:15:36 |   [TAGGED_WITH] 6,600,000/8,525,257 baris tertulis
18:15:36 |   [TAGGED_WITH] 6,602,000/8,525,257 baris tertulis
18:15:36 |   [TAGGED_WITH] 6,604,000/8,525,257 baris tertulis
18:15:36 |   [TAGGED_WITH] 6,606,000/8,525,257 baris tertulis
18:15:36 |   [TAGGED_WITH] 6,608,000/8,525,257 baris tertulis
18:15:36 |   [TAGGED_WITH] 6,610,000/8,525,257 baris tertulis
18:15:36 |   [TAGGED_WITH] 6,612,000/8,525,257 baris tertulis
18:15:36 |   [TAGGED_WITH] 6,614,000/8,525,257 baris tertulis
18:15:36 |   [TAGGED_WITH] 6,616,000/8,525,257 baris tertulis
18:15:36 |   [TAGGED_WITH] 6,618,000/8,525,257 baris tertulis
18:15:36 |   [TAGGED_WITH] 6,620,000/8,525,257 baris tertulis
18:15:37 |   [TAGGED_WITH] 6,622,000/8,525,257 baris tertulis
18:15:37 |   [TAGGED_WITH] 6,624,000/8,525,257 baris tertulis
18:15:37 |   [TAGGED_WITH] 6,626,000/8,525,257 baris tertulis
18:15:37 |   [TAGGED_WITH] 6,628,000/8,525,257 baris tertulis
18:15:37 |   [TAGGED_WITH] 6,630,000/8,525,257 baris tertulis
18:15:37 |   [TAGGED_WITH] 6,632,000/8,525,257 baris tertulis
18:15:37 |   [TAGGED_WITH] 6,634,000/8,525,257 baris tertulis
18:15:37 |   [TAGGED_WITH] 6,636,000/8,525,257 baris tertulis
18:15:37 |   [TAGGED_WITH] 6,638,000/8,525,257 baris tertulis
18:15:37 |   [TAGGED_WITH] 6,640,000/8,525,257 baris tertulis
18:15:37 |   [TAGGED_WITH] 6,642,000/8,525,257 baris tertulis
18:15:38 |   [TAGGED_WITH] 6,644,000/8,525,257 baris tertulis
18:15:38 |   [TAGGED_WITH] 6,646,000/8,525,257 baris tertulis
18:15:38 |   [TAGGED_WITH] 6,648,000/8,525,257 baris tertulis
18:15:38 |   [TAGGED_WITH] 6,650,000/8,525,257 baris tertulis
18:15:38 |   [TAGGED_WITH] 6,652,000/8,525,257 baris tertulis
18:15:38 |   [TAGGED_WITH] 6,654,000/8,525,257 baris tertulis
18:15:38 |   [TAGGED_WITH] 6,656,000/8,525,257 baris tertulis
18:15:38 |   [TAGGED_WITH] 6,658,000/8,525,257 baris tertulis
18:15:38 |   [TAGGED_WITH] 6,660,000/8,525,257 baris tertulis
18:15:38 |   [TAGGED_WITH] 6,662,000/8,525,257 baris tertulis
18:15:39 |   [TAGGED_WITH] 6,664,000/8,525,257 baris tertulis
18:15:39 |   [TAGGED_WITH] 6,666,000/8,525,257 baris tertulis
18:15:39 |   [TAGGED_WITH] 6,668,000/8,525,257 baris tertulis
18:15:39 |   [TAGGED_WITH] 6,670,000/8,525,257 baris tertulis
18:15:39 |   [TAGGED_WITH] 6,672,000/8,525,257 baris tertulis
18:15:39 |   [TAGGED_WITH] 6,674,000/8,525,257 baris tertulis
18:15:39 |   [TAGGED_WITH] 6,676,000/8,525,257 baris tertulis
18:15:39 |   [TAGGED_WITH] 6,678,000/8,525,257 baris tertulis
18:15:39 |   [TAGGED_WITH] 6,680,000/8,525,257 baris tertulis
18:15:39 |   [TAGGED_WITH] 6,682,000/8,525,257 baris tertulis
18:15:39 |   [TAGGED_WITH] 6,684,000/8,525,257 baris tertulis
18:15:40 |   [TAGGED_WITH] 6,686,000/8,525,257 baris tertulis
18:15:40 |   [TAGGED_WITH] 6,688,000/8,525,257 baris tertulis
18:15:40 |   [TAGGED_WITH] 6,690,000/8,525,257 baris tertulis
18:15:40 |   [TAGGED_WITH] 6,692,000/8,525,257 baris tertulis
18:15:40 |   [TAGGED_WITH] 6,694,000/8,525,257 baris tertulis
18:15:40 |   [TAGGED_WITH] 6,696,000/8,525,257 baris tertulis
18:15:40 |   [TAGGED_WITH] 6,698,000/8,525,257 baris tertulis
18:15:40 |   [TAGGED_WITH] 6,700,000/8,525,257 baris tertulis
18:15:40 |   [TAGGED_WITH] 6,702,000/8,525,257 baris tertulis
18:15:40 |   [TAGGED_WITH] 6,704,000/8,525,257 baris tertulis
18:15:40 |   [TAGGED_WITH] 6,706,000/8,525,257 baris tertulis
18:15:41 |   [TAGGED_WITH] 6,708,000/8,525,257 baris tertulis
18:15:41 |   [TAGGED_WITH] 6,710,000/8,525,257 baris tertulis
18:15:41 |   [TAGGED_WITH] 6,712,000/8,525,257 baris tertulis
18:15:41 |   [TAGGED_WITH] 6,714,000/8,525,257 baris tertulis
18:15:41 |   [TAGGED_WITH] 6,716,000/8,525,257 baris tertulis
18:15:41 |   [TAGGED_WITH] 6,718,000/8,525,257 baris tertulis
18:15:41 |   [TAGGED_WITH] 6,720,000/8,525,257 baris tertulis
18:15:41 |   [TAGGED_WITH] 6,722,000/8,525,257 baris tertulis
18:15:41 |   [TAGGED_WITH] 6,724,000/8,525,257 baris tertulis
18:15:41 |   [TAGGED_WITH] 6,726,000/8,525,257 baris tertulis
18:15:41 |   [TAGGED_WITH] 6,728,000/8,525,257 baris tertulis
18:15:42 |   [TAGGED_WITH] 6,730,000/8,525,257 baris tertulis
18:15:42 |   [TAGGED_WITH] 6,732,000/8,525,257 baris tertulis
18:15:42 |   [TAGGED_WITH] 6,734,000/8,525,257 baris tertulis
18:15:42 |   [TAGGED_WITH] 6,736,000/8,525,257 baris tertulis
18:15:42 |   [TAGGED_WITH] 6,738,000/8,525,257 baris tertulis
18:15:42 |   [TAGGED_WITH] 6,740,000/8,525,257 baris tertulis
18:15:42 |   [TAGGED_WITH] 6,742,000/8,525,257 baris tertulis
18:15:42 |   [TAGGED_WITH] 6,744,000/8,525,257 baris tertulis
18:15:42 |   [TAGGED_WITH] 6,746,000/8,525,257 baris tertulis
18:15:43 |   [TAGGED_WITH] 6,748,000/8,525,257 baris tertulis
18:15:43 |   [TAGGED_WITH] 6,750,000/8,525,257 baris tertulis
18:15:43 |   [TAGGED_WITH] 6,752,000/8,525,257 baris tertulis
18:15:43 |   [TAGGED_WITH] 6,754,000/8,525,257 baris tertulis
18:15:43 |   [TAGGED_WITH] 6,756,000/8,525,257 baris tertulis
18:15:43 |   [TAGGED_WITH] 6,758,000/8,525,257 baris tertulis
18:15:43 |   [TAGGED_WITH] 6,760,000/8,525,257 baris tertulis
18:15:43 |   [TAGGED_WITH] 6,762,000/8,525,257 baris tertulis
18:15:43 |   [TAGGED_WITH] 6,764,000/8,525,257 baris tertulis
18:15:43 |   [TAGGED_WITH] 6,766,000/8,525,257 baris tertulis
18:15:44 |   [TAGGED_WITH] 6,768,000/8,525,257 baris tertulis
18:15:44 |   [TAGGED_WITH] 6,770,000/8,525,257 baris tertulis
18:15:44 |   [TAGGED_WITH] 6,772,000/8,525,257 baris tertulis
18:15:44 |   [TAGGED_WITH] 6,774,000/8,525,257 baris tertulis
18:15:44 |   [TAGGED_WITH] 6,776,000/8,525,257 baris tertulis
18:15:44 |   [TAGGED_WITH] 6,778,000/8,525,257 baris tertulis
18:15:44 |   [TAGGED_WITH] 6,780,000/8,525,257 baris tertulis
18:15:44 |   [TAGGED_WITH] 6,782,000/8,525,257 baris tertulis
18:15:44 |   [TAGGED_WITH] 6,784,000/8,525,257 baris tertulis
18:15:44 |   [TAGGED_WITH] 6,786,000/8,525,257 baris tertulis
18:15:44 |   [TAGGED_WITH] 6,788,000/8,525,257 baris tertulis
18:15:45 |   [TAGGED_WITH] 6,790,000/8,525,257 baris tertulis
18:15:45 |   [TAGGED_WITH] 6,792,000/8,525,257 baris tertulis
18:15:45 |   [TAGGED_WITH] 6,794,000/8,525,257 baris tertulis
18:15:45 |   [TAGGED_WITH] 6,796,000/8,525,257 baris tertulis
18:15:45 |   [TAGGED_WITH] 6,798,000/8,525,257 baris tertulis
18:15:45 |   [TAGGED_WITH] 6,800,000/8,525,257 baris tertulis
18:15:45 |   [TAGGED_WITH] 6,802,000/8,525,257 baris tertulis
18:15:45 |   [TAGGED_WITH] 6,804,000/8,525,257 baris tertulis
18:15:45 |   [TAGGED_WITH] 6,806,000/8,525,257 baris tertulis
18:15:45 |   [TAGGED_WITH] 6,808,000/8,525,257 baris tertulis
18:15:45 |   [TAGGED_WITH] 6,810,000/8,525,257 baris tertulis
18:15:46 |   [TAGGED_WITH] 6,812,000/8,525,257 baris tertulis
18:15:46 |   [TAGGED_WITH] 6,814,000/8,525,257 baris tertulis
18:15:46 |   [TAGGED_WITH] 6,816,000/8,525,257 baris tertulis
18:15:46 |   [TAGGED_WITH] 6,818,000/8,525,257 baris tertulis
18:15:46 |   [TAGGED_WITH] 6,820,000/8,525,257 baris tertulis
18:15:46 |   [TAGGED_WITH] 6,822,000/8,525,257 baris tertulis
18:15:46 |   [TAGGED_WITH] 6,824,000/8,525,257 baris tertulis
18:15:46 |   [TAGGED_WITH] 6,826,000/8,525,257 baris tertulis
18:15:46 |   [TAGGED_WITH] 6,828,000/8,525,257 baris tertulis
18:15:46 |   [TAGGED_WITH] 6,830,000/8,525,257 baris tertulis
18:15:46 |   [TAGGED_WITH] 6,832,000/8,525,257 baris tertulis
18:15:47 |   [TAGGED_WITH] 6,834,000/8,525,257 baris tertulis
18:15:47 |   [TAGGED_WITH] 6,836,000/8,525,257 baris tertulis
18:15:47 |   [TAGGED_WITH] 6,838,000/8,525,257 baris tertulis
18:15:47 |   [TAGGED_WITH] 6,840,000/8,525,257 baris tertulis
18:15:47 |   [TAGGED_WITH] 6,842,000/8,525,257 baris tertulis
18:15:47 |   [TAGGED_WITH] 6,844,000/8,525,257 baris tertulis
18:15:47 |   [TAGGED_WITH] 6,846,000/8,525,257 baris tertulis
18:15:47 |   [TAGGED_WITH] 6,848,000/8,525,257 baris tertulis
18:15:47 |   [TAGGED_WITH] 6,850,000/8,525,257 baris tertulis
18:15:47 |   [TAGGED_WITH] 6,852,000/8,525,257 baris tertulis
18:15:48 |   [TAGGED_WITH] 6,854,000/8,525,257 baris tertulis
18:15:48 |   [TAGGED_WITH] 6,856,000/8,525,257 baris tertulis
18:15:48 |   [TAGGED_WITH] 6,858,000/8,525,257 baris tertulis
18:15:48 |   [TAGGED_WITH] 6,860,000/8,525,257 baris tertulis
18:15:48 |   [TAGGED_WITH] 6,862,000/8,525,257 baris tertulis
18:15:48 |   [TAGGED_WITH] 6,864,000/8,525,257 baris tertulis
18:15:48 |   [TAGGED_WITH] 6,866,000/8,525,257 baris tertulis
18:15:48 |   [TAGGED_WITH] 6,868,000/8,525,257 baris tertulis
18:15:48 |   [TAGGED_WITH] 6,870,000/8,525,257 baris tertulis
18:15:48 |   [TAGGED_WITH] 6,872,000/8,525,257 baris tertulis
18:15:48 |   [TAGGED_WITH] 6,874,000/8,525,257 baris tertulis
18:15:48 |   [TAGGED_WITH] 6,876,000/8,525,257 baris tertulis
18:15:49 |   [TAGGED_WITH] 6,878,000/8,525,257 baris tertulis
18:15:49 |   [TAGGED_WITH] 6,880,000/8,525,257 baris tertulis
18:15:49 |   [TAGGED_WITH] 6,882,000/8,525,257 baris tertulis
18:15:49 |   [TAGGED_WITH] 6,884,000/8,525,257 baris tertulis
18:15:49 |   [TAGGED_WITH] 6,886,000/8,525,257 baris tertulis
18:15:49 |   [TAGGED_WITH] 6,888,000/8,525,257 baris tertulis
18:15:49 |   [TAGGED_WITH] 6,890,000/8,525,257 baris tertulis
18:15:49 |   [TAGGED_WITH] 6,892,000/8,525,257 baris tertulis
18:15:49 |   [TAGGED_WITH] 6,894,000/8,525,257 baris tertulis
18:15:49 |   [TAGGED_WITH] 6,896,000/8,525,257 baris tertulis
18:15:49 |   [TAGGED_WITH] 6,898,000/8,525,257 baris tertulis
18:15:50 |   [TAGGED_WITH] 6,900,000/8,525,257 baris tertulis
18:15:50 |   [TAGGED_WITH] 6,902,000/8,525,257 baris tertulis
18:15:50 |   [TAGGED_WITH] 6,904,000/8,525,257 baris tertulis
18:15:50 |   [TAGGED_WITH] 6,906,000/8,525,257 baris tertulis
18:15:50 |   [TAGGED_WITH] 6,908,000/8,525,257 baris tertulis
18:15:50 |   [TAGGED_WITH] 6,910,000/8,525,257 baris tertulis
18:15:50 |   [TAGGED_WITH] 6,912,000/8,525,257 baris tertulis
18:15:50 |   [TAGGED_WITH] 6,914,000/8,525,257 baris tertulis
18:15:50 |   [TAGGED_WITH] 6,916,000/8,525,257 baris tertulis
18:15:50 |   [TAGGED_WITH] 6,918,000/8,525,257 baris tertulis
18:15:50 |   [TAGGED_WITH] 6,920,000/8,525,257 baris tertulis
18:15:51 |   [TAGGED_WITH] 6,922,000/8,525,257 baris tertulis
18:15:51 |   [TAGGED_WITH] 6,924,000/8,525,257 baris tertulis
18:15:51 |   [TAGGED_WITH] 6,926,000/8,525,257 baris tertulis
18:15:51 |   [TAGGED_WITH] 6,928,000/8,525,257 baris tertulis
18:15:51 |   [TAGGED_WITH] 6,930,000/8,525,257 baris tertulis
18:15:51 |   [TAGGED_WITH] 6,932,000/8,525,257 baris tertulis
18:15:51 |   [TAGGED_WITH] 6,934,000/8,525,257 baris tertulis
18:15:51 |   [TAGGED_WITH] 6,936,000/8,525,257 baris tertulis
18:15:51 |   [TAGGED_WITH] 6,938,000/8,525,257 baris tertulis
18:15:51 |   [TAGGED_WITH] 6,940,000/8,525,257 baris tertulis
18:15:51 |   [TAGGED_WITH] 6,942,000/8,525,257 baris tertulis
18:15:52 |   [TAGGED_WITH] 6,944,000/8,525,257 baris tertulis
18:15:52 |   [TAGGED_WITH] 6,946,000/8,525,257 baris tertulis
18:15:52 |   [TAGGED_WITH] 6,948,000/8,525,257 baris tertulis
18:15:52 |   [TAGGED_WITH] 6,950,000/8,525,257 baris tertulis
18:15:52 |   [TAGGED_WITH] 6,952,000/8,525,257 baris tertulis
18:15:52 |   [TAGGED_WITH] 6,954,000/8,525,257 baris tertulis
18:15:52 |   [TAGGED_WITH] 6,956,000/8,525,257 baris tertulis
18:15:52 |   [TAGGED_WITH] 6,958,000/8,525,257 baris tertulis
18:15:52 |   [TAGGED_WITH] 6,960,000/8,525,257 baris tertulis
18:15:52 |   [TAGGED_WITH] 6,962,000/8,525,257 baris tertulis
18:15:52 |   [TAGGED_WITH] 6,964,000/8,525,257 baris tertulis
18:15:53 |   [TAGGED_WITH] 6,966,000/8,525,257 baris tertulis
18:15:53 |   [TAGGED_WITH] 6,968,000/8,525,257 baris tertulis
18:15:53 |   [TAGGED_WITH] 6,970,000/8,525,257 baris tertulis
18:15:53 |   [TAGGED_WITH] 6,972,000/8,525,257 baris tertulis
18:15:53 |   [TAGGED_WITH] 6,974,000/8,525,257 baris tertulis
18:15:53 |   [TAGGED_WITH] 6,976,000/8,525,257 baris tertulis
18:15:53 |   [TAGGED_WITH] 6,978,000/8,525,257 baris tertulis
18:15:53 |   [TAGGED_WITH] 6,980,000/8,525,257 baris tertulis
18:15:53 |   [TAGGED_WITH] 6,982,000/8,525,257 baris tertulis
18:15:53 |   [TAGGED_WITH] 6,984,000/8,525,257 baris tertulis
18:15:54 |   [TAGGED_WITH] 6,986,000/8,525,257 baris tertulis
18:15:54 |   [TAGGED_WITH] 6,988,000/8,525,257 baris tertulis
18:15:54 |   [TAGGED_WITH] 6,990,000/8,525,257 baris tertulis
18:15:54 |   [TAGGED_WITH] 6,992,000/8,525,257 baris tertulis
18:15:54 |   [TAGGED_WITH] 6,994,000/8,525,257 baris tertulis
18:15:54 |   [TAGGED_WITH] 6,996,000/8,525,257 baris tertulis
18:15:54 |   [TAGGED_WITH] 6,998,000/8,525,257 baris tertulis
18:15:54 |   [TAGGED_WITH] 7,000,000/8,525,257 baris tertulis
18:15:54 |   [TAGGED_WITH] 7,002,000/8,525,257 baris tertulis
18:15:54 |   [TAGGED_WITH] 7,004,000/8,525,257 baris tertulis
18:15:54 |   [TAGGED_WITH] 7,006,000/8,525,257 baris tertulis
18:15:55 |   [TAGGED_WITH] 7,008,000/8,525,257 baris tertulis
18:15:55 |   [TAGGED_WITH] 7,010,000/8,525,257 baris tertulis
18:15:55 |   [TAGGED_WITH] 7,012,000/8,525,257 baris tertulis
18:15:55 |   [TAGGED_WITH] 7,014,000/8,525,257 baris tertulis
18:15:55 |   [TAGGED_WITH] 7,016,000/8,525,257 baris tertulis
18:15:55 |   [TAGGED_WITH] 7,018,000/8,525,257 baris tertulis
18:15:55 |   [TAGGED_WITH] 7,020,000/8,525,257 baris tertulis
18:15:55 |   [TAGGED_WITH] 7,022,000/8,525,257 baris tertulis
18:15:55 |   [TAGGED_WITH] 7,024,000/8,525,257 baris tertulis
18:15:55 |   [TAGGED_WITH] 7,026,000/8,525,257 baris tertulis
18:15:55 |   [TAGGED_WITH] 7,028,000/8,525,257 baris tertulis
18:15:56 |   [TAGGED_WITH] 7,030,000/8,525,257 baris tertulis
18:15:56 |   [TAGGED_WITH] 7,032,000/8,525,257 baris tertulis
18:15:56 |   [TAGGED_WITH] 7,034,000/8,525,257 baris tertulis
18:15:56 |   [TAGGED_WITH] 7,036,000/8,525,257 baris tertulis
18:15:56 |   [TAGGED_WITH] 7,038,000/8,525,257 baris tertulis
18:15:56 |   [TAGGED_WITH] 7,040,000/8,525,257 baris tertulis
18:15:56 |   [TAGGED_WITH] 7,042,000/8,525,257 baris tertulis
18:15:56 |   [TAGGED_WITH] 7,044,000/8,525,257 baris tertulis
18:15:56 |   [TAGGED_WITH] 7,046,000/8,525,257 baris tertulis
18:15:56 |   [TAGGED_WITH] 7,048,000/8,525,257 baris tertulis
18:15:56 |   [TAGGED_WITH] 7,050,000/8,525,257 baris tertulis
18:15:57 |   [TAGGED_WITH] 7,052,000/8,525,257 baris tertulis
18:15:57 |   [TAGGED_WITH] 7,054,000/8,525,257 baris tertulis
18:15:57 |   [TAGGED_WITH] 7,056,000/8,525,257 baris tertulis
18:15:57 |   [TAGGED_WITH] 7,058,000/8,525,257 baris tertulis
18:15:57 |   [TAGGED_WITH] 7,060,000/8,525,257 baris tertulis
18:15:57 |   [TAGGED_WITH] 7,062,000/8,525,257 baris tertulis
18:15:57 |   [TAGGED_WITH] 7,064,000/8,525,257 baris tertulis
18:15:57 |   [TAGGED_WITH] 7,066,000/8,525,257 baris tertulis
18:15:57 |   [TAGGED_WITH] 7,068,000/8,525,257 baris tertulis
18:15:57 |   [TAGGED_WITH] 7,070,000/8,525,257 baris tertulis
18:15:58 |   [TAGGED_WITH] 7,072,000/8,525,257 baris tertulis
18:15:58 |   [TAGGED_WITH] 7,074,000/8,525,257 baris tertulis
18:15:58 |   [TAGGED_WITH] 7,076,000/8,525,257 baris tertulis
18:15:58 |   [TAGGED_WITH] 7,078,000/8,525,257 baris tertulis
18:15:58 |   [TAGGED_WITH] 7,080,000/8,525,257 baris tertulis
18:15:58 |   [TAGGED_WITH] 7,082,000/8,525,257 baris tertulis
18:15:58 |   [TAGGED_WITH] 7,084,000/8,525,257 baris tertulis
18:15:58 |   [TAGGED_WITH] 7,086,000/8,525,257 baris tertulis
18:15:58 |   [TAGGED_WITH] 7,088,000/8,525,257 baris tertulis
18:15:58 |   [TAGGED_WITH] 7,090,000/8,525,257 baris tertulis
18:15:59 |   [TAGGED_WITH] 7,092,000/8,525,257 baris tertulis
18:15:59 |   [TAGGED_WITH] 7,094,000/8,525,257 baris tertulis
18:15:59 |   [TAGGED_WITH] 7,096,000/8,525,257 baris tertulis
18:15:59 |   [TAGGED_WITH] 7,098,000/8,525,257 baris tertulis
18:15:59 |   [TAGGED_WITH] 7,100,000/8,525,257 baris tertulis
18:15:59 |   [TAGGED_WITH] 7,102,000/8,525,257 baris tertulis
18:15:59 |   [TAGGED_WITH] 7,104,000/8,525,257 baris tertulis
18:15:59 |   [TAGGED_WITH] 7,106,000/8,525,257 baris tertulis
18:15:59 |   [TAGGED_WITH] 7,108,000/8,525,257 baris tertulis
18:15:59 |   [TAGGED_WITH] 7,110,000/8,525,257 baris tertulis
18:15:59 |   [TAGGED_WITH] 7,112,000/8,525,257 baris tertulis
18:16:00 |   [TAGGED_WITH] 7,114,000/8,525,257 baris tertulis
18:16:00 |   [TAGGED_WITH] 7,116,000/8,525,257 baris tertulis
18:16:00 |   [TAGGED_WITH] 7,118,000/8,525,257 baris tertulis
18:16:00 |   [TAGGED_WITH] 7,120,000/8,525,257 baris tertulis
18:16:00 |   [TAGGED_WITH] 7,122,000/8,525,257 baris tertulis
18:16:00 |   [TAGGED_WITH] 7,124,000/8,525,257 baris tertulis
18:16:00 |   [TAGGED_WITH] 7,126,000/8,525,257 baris tertulis
18:16:00 |   [TAGGED_WITH] 7,128,000/8,525,257 baris tertulis
18:16:00 |   [TAGGED_WITH] 7,130,000/8,525,257 baris tertulis
18:16:00 |   [TAGGED_WITH] 7,132,000/8,525,257 baris tertulis
18:16:01 |   [TAGGED_WITH] 7,134,000/8,525,257 baris tertulis
18:16:01 |   [TAGGED_WITH] 7,136,000/8,525,257 baris tertulis
18:16:01 |   [TAGGED_WITH] 7,138,000/8,525,257 baris tertulis
18:16:01 |   [TAGGED_WITH] 7,140,000/8,525,257 baris tertulis
18:16:01 |   [TAGGED_WITH] 7,142,000/8,525,257 baris tertulis
18:16:01 |   [TAGGED_WITH] 7,144,000/8,525,257 baris tertulis
18:16:01 |   [TAGGED_WITH] 7,146,000/8,525,257 baris tertulis
18:16:01 |   [TAGGED_WITH] 7,148,000/8,525,257 baris tertulis
18:16:01 |   [TAGGED_WITH] 7,150,000/8,525,257 baris tertulis
18:16:01 |   [TAGGED_WITH] 7,152,000/8,525,257 baris tertulis
18:16:01 |   [TAGGED_WITH] 7,154,000/8,525,257 baris tertulis
18:16:02 |   [TAGGED_WITH] 7,156,000/8,525,257 baris tertulis
18:16:02 |   [TAGGED_WITH] 7,158,000/8,525,257 baris tertulis
18:16:02 |   [TAGGED_WITH] 7,160,000/8,525,257 baris tertulis
18:16:02 |   [TAGGED_WITH] 7,162,000/8,525,257 baris tertulis
18:16:02 |   [TAGGED_WITH] 7,164,000/8,525,257 baris tertulis
18:16:02 |   [TAGGED_WITH] 7,166,000/8,525,257 baris tertulis
18:16:02 |   [TAGGED_WITH] 7,168,000/8,525,257 baris tertulis
18:16:02 |   [TAGGED_WITH] 7,170,000/8,525,257 baris tertulis
18:16:02 |   [TAGGED_WITH] 7,172,000/8,525,257 baris tertulis
18:16:02 |   [TAGGED_WITH] 7,174,000/8,525,257 baris tertulis
18:16:02 |   [TAGGED_WITH] 7,176,000/8,525,257 baris tertulis
18:16:03 |   [TAGGED_WITH] 7,178,000/8,525,257 baris tertulis
18:16:03 |   [TAGGED_WITH] 7,180,000/8,525,257 baris tertulis
18:16:03 |   [TAGGED_WITH] 7,182,000/8,525,257 baris tertulis
18:16:03 |   [TAGGED_WITH] 7,184,000/8,525,257 baris tertulis
18:16:03 |   [TAGGED_WITH] 7,186,000/8,525,257 baris tertulis
18:16:03 |   [TAGGED_WITH] 7,188,000/8,525,257 baris tertulis
18:16:03 |   [TAGGED_WITH] 7,190,000/8,525,257 baris tertulis
18:16:03 |   [TAGGED_WITH] 7,192,000/8,525,257 baris tertulis
18:16:03 |   [TAGGED_WITH] 7,194,000/8,525,257 baris tertulis
18:16:03 |   [TAGGED_WITH] 7,196,000/8,525,257 baris tertulis
18:16:04 |   [TAGGED_WITH] 7,198,000/8,525,257 baris tertulis
18:16:04 |   [TAGGED_WITH] 7,200,000/8,525,257 baris tertulis
18:16:04 |   [TAGGED_WITH] 7,202,000/8,525,257 baris tertulis
18:16:04 |   [TAGGED_WITH] 7,204,000/8,525,257 baris tertulis
18:16:04 |   [TAGGED_WITH] 7,206,000/8,525,257 baris tertulis
18:16:04 |   [TAGGED_WITH] 7,208,000/8,525,257 baris tertulis
18:16:04 |   [TAGGED_WITH] 7,210,000/8,525,257 baris tertulis
18:16:04 |   [TAGGED_WITH] 7,212,000/8,525,257 baris tertulis
18:16:04 |   [TAGGED_WITH] 7,214,000/8,525,257 baris tertulis
18:16:04 |   [TAGGED_WITH] 7,216,000/8,525,257 baris tertulis
18:16:04 |   [TAGGED_WITH] 7,218,000/8,525,257 baris tertulis
18:16:05 |   [TAGGED_WITH] 7,220,000/8,525,257 baris tertulis
18:16:05 |   [TAGGED_WITH] 7,222,000/8,525,257 baris tertulis
18:16:05 |   [TAGGED_WITH] 7,224,000/8,525,257 baris tertulis
18:16:05 |   [TAGGED_WITH] 7,226,000/8,525,257 baris tertulis
18:16:05 |   [TAGGED_WITH] 7,228,000/8,525,257 baris tertulis
18:16:05 |   [TAGGED_WITH] 7,230,000/8,525,257 baris tertulis
18:16:05 |   [TAGGED_WITH] 7,232,000/8,525,257 baris tertulis
18:16:05 |   [TAGGED_WITH] 7,234,000/8,525,257 baris tertulis
18:16:05 |   [TAGGED_WITH] 7,236,000/8,525,257 baris tertulis
18:16:05 |   [TAGGED_WITH] 7,238,000/8,525,257 baris tertulis
18:16:06 |   [TAGGED_WITH] 7,240,000/8,525,257 baris tertulis
18:16:06 |   [TAGGED_WITH] 7,242,000/8,525,257 baris tertulis
18:16:06 |   [TAGGED_WITH] 7,244,000/8,525,257 baris tertulis
18:16:06 |   [TAGGED_WITH] 7,246,000/8,525,257 baris tertulis
18:16:06 |   [TAGGED_WITH] 7,248,000/8,525,257 baris tertulis
18:16:06 |   [TAGGED_WITH] 7,250,000/8,525,257 baris tertulis
18:16:06 |   [TAGGED_WITH] 7,252,000/8,525,257 baris tertulis
18:16:06 |   [TAGGED_WITH] 7,254,000/8,525,257 baris tertulis
18:16:06 |   [TAGGED_WITH] 7,256,000/8,525,257 baris tertulis
18:16:06 |   [TAGGED_WITH] 7,258,000/8,525,257 baris tertulis
18:16:07 |   [TAGGED_WITH] 7,260,000/8,525,257 baris tertulis
18:16:07 |   [TAGGED_WITH] 7,262,000/8,525,257 baris tertulis
18:16:07 |   [TAGGED_WITH] 7,264,000/8,525,257 baris tertulis
18:16:07 |   [TAGGED_WITH] 7,266,000/8,525,257 baris tertulis
18:16:07 |   [TAGGED_WITH] 7,268,000/8,525,257 baris tertulis
18:16:07 |   [TAGGED_WITH] 7,270,000/8,525,257 baris tertulis
18:16:07 |   [TAGGED_WITH] 7,272,000/8,525,257 baris tertulis
18:16:07 |   [TAGGED_WITH] 7,274,000/8,525,257 baris tertulis
18:16:07 |   [TAGGED_WITH] 7,276,000/8,525,257 baris tertulis
18:16:07 |   [TAGGED_WITH] 7,278,000/8,525,257 baris tertulis
18:16:07 |   [TAGGED_WITH] 7,280,000/8,525,257 baris tertulis
18:16:08 |   [TAGGED_WITH] 7,282,000/8,525,257 baris tertulis
18:16:08 |   [TAGGED_WITH] 7,284,000/8,525,257 baris tertulis
18:16:08 |   [TAGGED_WITH] 7,286,000/8,525,257 baris tertulis
18:16:08 |   [TAGGED_WITH] 7,288,000/8,525,257 baris tertulis
18:16:08 |   [TAGGED_WITH] 7,290,000/8,525,257 baris tertulis
18:16:08 |   [TAGGED_WITH] 7,292,000/8,525,257 baris tertulis
18:16:08 |   [TAGGED_WITH] 7,294,000/8,525,257 baris tertulis
18:16:08 |   [TAGGED_WITH] 7,296,000/8,525,257 baris tertulis
18:16:08 |   [TAGGED_WITH] 7,298,000/8,525,257 baris tertulis
18:16:08 |   [TAGGED_WITH] 7,300,000/8,525,257 baris tertulis
18:16:08 |   [TAGGED_WITH] 7,302,000/8,525,257 baris tertulis
18:16:09 |   [TAGGED_WITH] 7,304,000/8,525,257 baris tertulis
18:16:09 |   [TAGGED_WITH] 7,306,000/8,525,257 baris tertulis
18:16:09 |   [TAGGED_WITH] 7,308,000/8,525,257 baris tertulis
18:16:09 |   [TAGGED_WITH] 7,310,000/8,525,257 baris tertulis
18:16:09 |   [TAGGED_WITH] 7,312,000/8,525,257 baris tertulis
18:16:09 |   [TAGGED_WITH] 7,314,000/8,525,257 baris tertulis
18:16:09 |   [TAGGED_WITH] 7,316,000/8,525,257 baris tertulis
18:16:09 |   [TAGGED_WITH] 7,318,000/8,525,257 baris tertulis
18:16:09 |   [TAGGED_WITH] 7,320,000/8,525,257 baris tertulis
18:16:09 |   [TAGGED_WITH] 7,322,000/8,525,257 baris tertulis
18:16:10 |   [TAGGED_WITH] 7,324,000/8,525,257 baris tertulis
18:16:10 |   [TAGGED_WITH] 7,326,000/8,525,257 baris tertulis
18:16:10 |   [TAGGED_WITH] 7,328,000/8,525,257 baris tertulis
18:16:10 |   [TAGGED_WITH] 7,330,000/8,525,257 baris tertulis
18:16:10 |   [TAGGED_WITH] 7,332,000/8,525,257 baris tertulis
18:16:10 |   [TAGGED_WITH] 7,334,000/8,525,257 baris tertulis
18:16:10 |   [TAGGED_WITH] 7,336,000/8,525,257 baris tertulis
18:16:10 |   [TAGGED_WITH] 7,338,000/8,525,257 baris tertulis
18:16:10 |   [TAGGED_WITH] 7,340,000/8,525,257 baris tertulis
18:16:10 |   [TAGGED_WITH] 7,342,000/8,525,257 baris tertulis
18:16:10 |   [TAGGED_WITH] 7,344,000/8,525,257 baris tertulis
18:16:11 |   [TAGGED_WITH] 7,346,000/8,525,257 baris tertulis
18:16:11 |   [TAGGED_WITH] 7,348,000/8,525,257 baris tertulis
18:16:11 |   [TAGGED_WITH] 7,350,000/8,525,257 baris tertulis
18:16:11 |   [TAGGED_WITH] 7,352,000/8,525,257 baris tertulis
18:16:11 |   [TAGGED_WITH] 7,354,000/8,525,257 baris tertulis
18:16:11 |   [TAGGED_WITH] 7,356,000/8,525,257 baris tertulis
18:16:11 |   [TAGGED_WITH] 7,358,000/8,525,257 baris tertulis
18:16:11 |   [TAGGED_WITH] 7,360,000/8,525,257 baris tertulis
18:16:11 |   [TAGGED_WITH] 7,362,000/8,525,257 baris tertulis
18:16:11 |   [TAGGED_WITH] 7,364,000/8,525,257 baris tertulis
18:16:11 |   [TAGGED_WITH] 7,366,000/8,525,257 baris tertulis
18:16:12 |   [TAGGED_WITH] 7,368,000/8,525,257 baris tertulis
18:16:12 |   [TAGGED_WITH] 7,370,000/8,525,257 baris tertulis
18:16:12 |   [TAGGED_WITH] 7,372,000/8,525,257 baris tertulis
18:16:12 |   [TAGGED_WITH] 7,374,000/8,525,257 baris tertulis
18:16:12 |   [TAGGED_WITH] 7,376,000/8,525,257 baris tertulis
18:16:12 |   [TAGGED_WITH] 7,378,000/8,525,257 baris tertulis
18:16:12 |   [TAGGED_WITH] 7,380,000/8,525,257 baris tertulis
18:16:12 |   [TAGGED_WITH] 7,382,000/8,525,257 baris tertulis
18:16:12 |   [TAGGED_WITH] 7,384,000/8,525,257 baris tertulis
18:16:12 |   [TAGGED_WITH] 7,386,000/8,525,257 baris tertulis
18:16:12 |   [TAGGED_WITH] 7,388,000/8,525,257 baris tertulis
18:16:13 |   [TAGGED_WITH] 7,390,000/8,525,257 baris tertulis
18:16:13 |   [TAGGED_WITH] 7,392,000/8,525,257 baris tertulis
18:16:13 |   [TAGGED_WITH] 7,394,000/8,525,257 baris tertulis
18:16:13 |   [TAGGED_WITH] 7,396,000/8,525,257 baris tertulis
18:16:13 |   [TAGGED_WITH] 7,398,000/8,525,257 baris tertulis
18:16:13 |   [TAGGED_WITH] 7,400,000/8,525,257 baris tertulis
18:16:13 |   [TAGGED_WITH] 7,402,000/8,525,257 baris tertulis
18:16:13 |   [TAGGED_WITH] 7,404,000/8,525,257 baris tertulis
18:16:13 |   [TAGGED_WITH] 7,406,000/8,525,257 baris tertulis
18:16:13 |   [TAGGED_WITH] 7,408,000/8,525,257 baris tertulis
18:16:14 |   [TAGGED_WITH] 7,410,000/8,525,257 baris tertulis
18:16:14 |   [TAGGED_WITH] 7,412,000/8,525,257 baris tertulis
18:16:14 |   [TAGGED_WITH] 7,414,000/8,525,257 baris tertulis
18:16:14 |   [TAGGED_WITH] 7,416,000/8,525,257 baris tertulis
18:16:14 |   [TAGGED_WITH] 7,418,000/8,525,257 baris tertulis
18:16:14 |   [TAGGED_WITH] 7,420,000/8,525,257 baris tertulis
18:16:14 |   [TAGGED_WITH] 7,422,000/8,525,257 baris tertulis
18:16:14 |   [TAGGED_WITH] 7,424,000/8,525,257 baris tertulis
18:16:14 |   [TAGGED_WITH] 7,426,000/8,525,257 baris tertulis
18:16:14 |   [TAGGED_WITH] 7,428,000/8,525,257 baris tertulis
18:16:14 |   [TAGGED_WITH] 7,430,000/8,525,257 baris tertulis
18:16:15 |   [TAGGED_WITH] 7,432,000/8,525,257 baris tertulis
18:16:15 |   [TAGGED_WITH] 7,434,000/8,525,257 baris tertulis
18:16:15 |   [TAGGED_WITH] 7,436,000/8,525,257 baris tertulis
18:16:15 |   [TAGGED_WITH] 7,438,000/8,525,257 baris tertulis
18:16:15 |   [TAGGED_WITH] 7,440,000/8,525,257 baris tertulis
18:16:15 |   [TAGGED_WITH] 7,442,000/8,525,257 baris tertulis
18:16:15 |   [TAGGED_WITH] 7,444,000/8,525,257 baris tertulis
18:16:15 |   [TAGGED_WITH] 7,446,000/8,525,257 baris tertulis
18:16:15 |   [TAGGED_WITH] 7,448,000/8,525,257 baris tertulis
18:16:15 |   [TAGGED_WITH] 7,450,000/8,525,257 baris tertulis
18:16:16 |   [TAGGED_WITH] 7,452,000/8,525,257 baris tertulis
18:16:16 |   [TAGGED_WITH] 7,454,000/8,525,257 baris tertulis
18:16:16 |   [TAGGED_WITH] 7,456,000/8,525,257 baris tertulis
18:16:16 |   [TAGGED_WITH] 7,458,000/8,525,257 baris tertulis
18:16:16 |   [TAGGED_WITH] 7,460,000/8,525,257 baris tertulis
18:16:16 |   [TAGGED_WITH] 7,462,000/8,525,257 baris tertulis
18:16:16 |   [TAGGED_WITH] 7,464,000/8,525,257 baris tertulis
18:16:16 |   [TAGGED_WITH] 7,466,000/8,525,257 baris tertulis
18:16:16 |   [TAGGED_WITH] 7,468,000/8,525,257 baris tertulis
18:16:16 |   [TAGGED_WITH] 7,470,000/8,525,257 baris tertulis
18:16:16 |   [TAGGED_WITH] 7,472,000/8,525,257 baris tertulis
18:16:17 |   [TAGGED_WITH] 7,474,000/8,525,257 baris tertulis
18:16:17 |   [TAGGED_WITH] 7,476,000/8,525,257 baris tertulis
18:16:17 |   [TAGGED_WITH] 7,478,000/8,525,257 baris tertulis
18:16:17 |   [TAGGED_WITH] 7,480,000/8,525,257 baris tertulis
18:16:17 |   [TAGGED_WITH] 7,482,000/8,525,257 baris tertulis
18:16:17 |   [TAGGED_WITH] 7,484,000/8,525,257 baris tertulis
18:16:17 |   [TAGGED_WITH] 7,486,000/8,525,257 baris tertulis
18:16:17 |   [TAGGED_WITH] 7,488,000/8,525,257 baris tertulis
18:16:17 |   [TAGGED_WITH] 7,490,000/8,525,257 baris tertulis
18:16:17 |   [TAGGED_WITH] 7,492,000/8,525,257 baris tertulis
18:16:17 |   [TAGGED_WITH] 7,494,000/8,525,257 baris tertulis
18:16:18 |   [TAGGED_WITH] 7,496,000/8,525,257 baris tertulis
18:16:18 |   [TAGGED_WITH] 7,498,000/8,525,257 baris tertulis
18:16:18 |   [TAGGED_WITH] 7,500,000/8,525,257 baris tertulis
18:16:18 |   [TAGGED_WITH] 7,502,000/8,525,257 baris tertulis
18:16:18 |   [TAGGED_WITH] 7,504,000/8,525,257 baris tertulis
18:16:18 |   [TAGGED_WITH] 7,506,000/8,525,257 baris tertulis
18:16:18 |   [TAGGED_WITH] 7,508,000/8,525,257 baris tertulis
18:16:18 |   [TAGGED_WITH] 7,510,000/8,525,257 baris tertulis
18:16:18 |   [TAGGED_WITH] 7,512,000/8,525,257 baris tertulis
18:16:18 |   [TAGGED_WITH] 7,514,000/8,525,257 baris tertulis
18:16:19 |   [TAGGED_WITH] 7,516,000/8,525,257 baris tertulis
18:16:19 |   [TAGGED_WITH] 7,518,000/8,525,257 baris tertulis
18:16:19 |   [TAGGED_WITH] 7,520,000/8,525,257 baris tertulis
18:16:19 |   [TAGGED_WITH] 7,522,000/8,525,257 baris tertulis
18:16:19 |   [TAGGED_WITH] 7,524,000/8,525,257 baris tertulis
18:16:19 |   [TAGGED_WITH] 7,526,000/8,525,257 baris tertulis
18:16:19 |   [TAGGED_WITH] 7,528,000/8,525,257 baris tertulis
18:16:19 |   [TAGGED_WITH] 7,530,000/8,525,257 baris tertulis
18:16:19 |   [TAGGED_WITH] 7,532,000/8,525,257 baris tertulis
18:16:19 |   [TAGGED_WITH] 7,534,000/8,525,257 baris tertulis
18:16:19 |   [TAGGED_WITH] 7,536,000/8,525,257 baris tertulis
18:16:20 |   [TAGGED_WITH] 7,538,000/8,525,257 baris tertulis
18:16:20 |   [TAGGED_WITH] 7,540,000/8,525,257 baris tertulis
18:16:20 |   [TAGGED_WITH] 7,542,000/8,525,257 baris tertulis
18:16:20 |   [TAGGED_WITH] 7,544,000/8,525,257 baris tertulis
18:16:20 |   [TAGGED_WITH] 7,546,000/8,525,257 baris tertulis
18:16:20 |   [TAGGED_WITH] 7,548,000/8,525,257 baris tertulis
18:16:20 |   [TAGGED_WITH] 7,550,000/8,525,257 baris tertulis
18:16:20 |   [TAGGED_WITH] 7,552,000/8,525,257 baris tertulis
18:16:20 |   [TAGGED_WITH] 7,554,000/8,525,257 baris tertulis
18:16:20 |   [TAGGED_WITH] 7,556,000/8,525,257 baris tertulis
18:16:20 |   [TAGGED_WITH] 7,558,000/8,525,257 baris tertulis
18:16:21 |   [TAGGED_WITH] 7,560,000/8,525,257 baris tertulis
18:16:21 |   [TAGGED_WITH] 7,562,000/8,525,257 baris tertulis
18:16:21 |   [TAGGED_WITH] 7,564,000/8,525,257 baris tertulis
18:16:21 |   [TAGGED_WITH] 7,566,000/8,525,257 baris tertulis
18:16:21 |   [TAGGED_WITH] 7,568,000/8,525,257 baris tertulis
18:16:21 |   [TAGGED_WITH] 7,570,000/8,525,257 baris tertulis
18:16:21 |   [TAGGED_WITH] 7,572,000/8,525,257 baris tertulis
18:16:21 |   [TAGGED_WITH] 7,574,000/8,525,257 baris tertulis
18:16:21 |   [TAGGED_WITH] 7,576,000/8,525,257 baris tertulis
18:16:21 |   [TAGGED_WITH] 7,578,000/8,525,257 baris tertulis
18:16:21 |   [TAGGED_WITH] 7,580,000/8,525,257 baris tertulis
18:16:22 |   [TAGGED_WITH] 7,582,000/8,525,257 baris tertulis
18:16:22 |   [TAGGED_WITH] 7,584,000/8,525,257 baris tertulis
18:16:22 |   [TAGGED_WITH] 7,586,000/8,525,257 baris tertulis
18:16:22 |   [TAGGED_WITH] 7,588,000/8,525,257 baris tertulis
18:16:22 |   [TAGGED_WITH] 7,590,000/8,525,257 baris tertulis
18:16:22 |   [TAGGED_WITH] 7,592,000/8,525,257 baris tertulis
18:16:22 |   [TAGGED_WITH] 7,594,000/8,525,257 baris tertulis
18:16:22 |   [TAGGED_WITH] 7,596,000/8,525,257 baris tertulis
18:16:22 |   [TAGGED_WITH] 7,598,000/8,525,257 baris tertulis
18:16:22 |   [TAGGED_WITH] 7,600,000/8,525,257 baris tertulis
18:16:23 |   [TAGGED_WITH] 7,602,000/8,525,257 baris tertulis
18:16:23 |   [TAGGED_WITH] 7,604,000/8,525,257 baris tertulis
18:16:23 |   [TAGGED_WITH] 7,606,000/8,525,257 baris tertulis
18:16:23 |   [TAGGED_WITH] 7,608,000/8,525,257 baris tertulis
18:16:23 |   [TAGGED_WITH] 7,610,000/8,525,257 baris tertulis
18:16:23 |   [TAGGED_WITH] 7,612,000/8,525,257 baris tertulis
18:16:23 |   [TAGGED_WITH] 7,614,000/8,525,257 baris tertulis
18:16:23 |   [TAGGED_WITH] 7,616,000/8,525,257 baris tertulis
18:16:23 |   [TAGGED_WITH] 7,618,000/8,525,257 baris tertulis
18:16:23 |   [TAGGED_WITH] 7,620,000/8,525,257 baris tertulis
18:16:23 |   [TAGGED_WITH] 7,622,000/8,525,257 baris tertulis
18:16:24 |   [TAGGED_WITH] 7,624,000/8,525,257 baris tertulis
18:16:24 |   [TAGGED_WITH] 7,626,000/8,525,257 baris tertulis
18:16:24 |   [TAGGED_WITH] 7,628,000/8,525,257 baris tertulis
18:16:24 |   [TAGGED_WITH] 7,630,000/8,525,257 baris tertulis
18:16:24 |   [TAGGED_WITH] 7,632,000/8,525,257 baris tertulis
18:16:24 |   [TAGGED_WITH] 7,634,000/8,525,257 baris tertulis
18:16:24 |   [TAGGED_WITH] 7,636,000/8,525,257 baris tertulis
18:16:24 |   [TAGGED_WITH] 7,638,000/8,525,257 baris tertulis
18:16:24 |   [TAGGED_WITH] 7,640,000/8,525,257 baris tertulis
18:16:24 |   [TAGGED_WITH] 7,642,000/8,525,257 baris tertulis
18:16:24 |   [TAGGED_WITH] 7,644,000/8,525,257 baris tertulis
18:16:25 |   [TAGGED_WITH] 7,646,000/8,525,257 baris tertulis
18:16:25 |   [TAGGED_WITH] 7,648,000/8,525,257 baris tertulis
18:16:25 |   [TAGGED_WITH] 7,650,000/8,525,257 baris tertulis
18:16:25 |   [TAGGED_WITH] 7,652,000/8,525,257 baris tertulis
18:16:25 |   [TAGGED_WITH] 7,654,000/8,525,257 baris tertulis
18:16:25 |   [TAGGED_WITH] 7,656,000/8,525,257 baris tertulis
18:16:25 |   [TAGGED_WITH] 7,658,000/8,525,257 baris tertulis
18:16:25 |   [TAGGED_WITH] 7,660,000/8,525,257 baris tertulis
18:16:25 |   [TAGGED_WITH] 7,662,000/8,525,257 baris tertulis
18:16:25 |   [TAGGED_WITH] 7,664,000/8,525,257 baris tertulis
18:16:26 |   [TAGGED_WITH] 7,666,000/8,525,257 baris tertulis
18:16:26 |   [TAGGED_WITH] 7,668,000/8,525,257 baris tertulis
18:16:26 |   [TAGGED_WITH] 7,670,000/8,525,257 baris tertulis
18:16:26 |   [TAGGED_WITH] 7,672,000/8,525,257 baris tertulis
18:16:26 |   [TAGGED_WITH] 7,674,000/8,525,257 baris tertulis
18:16:26 |   [TAGGED_WITH] 7,676,000/8,525,257 baris tertulis
18:16:26 |   [TAGGED_WITH] 7,678,000/8,525,257 baris tertulis
18:16:26 |   [TAGGED_WITH] 7,680,000/8,525,257 baris tertulis
18:16:26 |   [TAGGED_WITH] 7,682,000/8,525,257 baris tertulis
18:16:27 |   [TAGGED_WITH] 7,684,000/8,525,257 baris tertulis
18:16:27 |   [TAGGED_WITH] 7,686,000/8,525,257 baris tertulis
18:16:27 |   [TAGGED_WITH] 7,688,000/8,525,257 baris tertulis
18:16:27 |   [TAGGED_WITH] 7,690,000/8,525,257 baris tertulis
18:16:27 |   [TAGGED_WITH] 7,692,000/8,525,257 baris tertulis
18:16:27 |   [TAGGED_WITH] 7,694,000/8,525,257 baris tertulis
18:16:27 |   [TAGGED_WITH] 7,696,000/8,525,257 baris tertulis
18:16:28 |   [TAGGED_WITH] 7,698,000/8,525,257 baris tertulis
18:16:28 |   [TAGGED_WITH] 7,700,000/8,525,257 baris tertulis
18:16:28 |   [TAGGED_WITH] 7,702,000/8,525,257 baris tertulis
18:16:28 |   [TAGGED_WITH] 7,704,000/8,525,257 baris tertulis
18:16:28 |   [TAGGED_WITH] 7,706,000/8,525,257 baris tertulis
18:16:28 |   [TAGGED_WITH] 7,708,000/8,525,257 baris tertulis
18:16:28 |   [TAGGED_WITH] 7,710,000/8,525,257 baris tertulis
18:16:28 |   [TAGGED_WITH] 7,712,000/8,525,257 baris tertulis
18:16:28 |   [TAGGED_WITH] 7,714,000/8,525,257 baris tertulis
18:16:29 |   [TAGGED_WITH] 7,716,000/8,525,257 baris tertulis
18:16:29 |   [TAGGED_WITH] 7,718,000/8,525,257 baris tertulis
18:16:29 |   [TAGGED_WITH] 7,720,000/8,525,257 baris tertulis
18:16:29 |   [TAGGED_WITH] 7,722,000/8,525,257 baris tertulis
18:16:29 |   [TAGGED_WITH] 7,724,000/8,525,257 baris tertulis
18:16:29 |   [TAGGED_WITH] 7,726,000/8,525,257 baris tertulis
18:16:29 |   [TAGGED_WITH] 7,728,000/8,525,257 baris tertulis
18:16:30 |   [TAGGED_WITH] 7,730,000/8,525,257 baris tertulis
18:16:30 |   [TAGGED_WITH] 7,732,000/8,525,257 baris tertulis
18:16:30 |   [TAGGED_WITH] 7,734,000/8,525,257 baris tertulis
18:16:30 |   [TAGGED_WITH] 7,736,000/8,525,257 baris tertulis
18:16:30 |   [TAGGED_WITH] 7,738,000/8,525,257 baris tertulis
18:16:30 |   [TAGGED_WITH] 7,740,000/8,525,257 baris tertulis
18:16:30 |   [TAGGED_WITH] 7,742,000/8,525,257 baris tertulis
18:16:30 |   [TAGGED_WITH] 7,744,000/8,525,257 baris tertulis
18:16:30 |   [TAGGED_WITH] 7,746,000/8,525,257 baris tertulis
18:16:31 |   [TAGGED_WITH] 7,748,000/8,525,257 baris tertulis
18:16:31 |   [TAGGED_WITH] 7,750,000/8,525,257 baris tertulis
18:16:31 |   [TAGGED_WITH] 7,752,000/8,525,257 baris tertulis
18:16:31 |   [TAGGED_WITH] 7,754,000/8,525,257 baris tertulis
18:16:31 |   [TAGGED_WITH] 7,756,000/8,525,257 baris tertulis
18:16:31 |   [TAGGED_WITH] 7,758,000/8,525,257 baris tertulis
18:16:31 |   [TAGGED_WITH] 7,760,000/8,525,257 baris tertulis
18:16:31 |   [TAGGED_WITH] 7,762,000/8,525,257 baris tertulis
18:16:32 |   [TAGGED_WITH] 7,764,000/8,525,257 baris tertulis
18:16:32 |   [TAGGED_WITH] 7,766,000/8,525,257 baris tertulis
18:16:32 |   [TAGGED_WITH] 7,768,000/8,525,257 baris tertulis
18:16:32 |   [TAGGED_WITH] 7,770,000/8,525,257 baris tertulis
18:16:32 |   [TAGGED_WITH] 7,772,000/8,525,257 baris tertulis
18:16:32 |   [TAGGED_WITH] 7,774,000/8,525,257 baris tertulis
18:16:32 |   [TAGGED_WITH] 7,776,000/8,525,257 baris tertulis
18:16:33 |   [TAGGED_WITH] 7,778,000/8,525,257 baris tertulis
18:16:33 |   [TAGGED_WITH] 7,780,000/8,525,257 baris tertulis
18:16:33 |   [TAGGED_WITH] 7,782,000/8,525,257 baris tertulis
18:16:33 |   [TAGGED_WITH] 7,784,000/8,525,257 baris tertulis
18:16:33 |   [TAGGED_WITH] 7,786,000/8,525,257 baris tertulis
18:16:33 |   [TAGGED_WITH] 7,788,000/8,525,257 baris tertulis
18:16:33 |   [TAGGED_WITH] 7,790,000/8,525,257 baris tertulis
18:16:33 |   [TAGGED_WITH] 7,792,000/8,525,257 baris tertulis
18:16:34 |   [TAGGED_WITH] 7,794,000/8,525,257 baris tertulis
18:16:34 |   [TAGGED_WITH] 7,796,000/8,525,257 baris tertulis
18:16:34 |   [TAGGED_WITH] 7,798,000/8,525,257 baris tertulis
18:16:34 |   [TAGGED_WITH] 7,800,000/8,525,257 baris tertulis
18:16:34 |   [TAGGED_WITH] 7,802,000/8,525,257 baris tertulis
18:16:34 |   [TAGGED_WITH] 7,804,000/8,525,257 baris tertulis
18:16:34 |   [TAGGED_WITH] 7,806,000/8,525,257 baris tertulis
18:16:34 |   [TAGGED_WITH] 7,808,000/8,525,257 baris tertulis
18:16:35 |   [TAGGED_WITH] 7,810,000/8,525,257 baris tertulis
18:16:35 |   [TAGGED_WITH] 7,812,000/8,525,257 baris tertulis
18:16:35 |   [TAGGED_WITH] 7,814,000/8,525,257 baris tertulis
18:16:35 |   [TAGGED_WITH] 7,816,000/8,525,257 baris tertulis
18:16:35 |   [TAGGED_WITH] 7,818,000/8,525,257 baris tertulis
18:16:35 |   [TAGGED_WITH] 7,820,000/8,525,257 baris tertulis
18:16:35 |   [TAGGED_WITH] 7,822,000/8,525,257 baris tertulis
18:16:35 |   [TAGGED_WITH] 7,824,000/8,525,257 baris tertulis
18:16:35 |   [TAGGED_WITH] 7,826,000/8,525,257 baris tertulis
18:16:36 |   [TAGGED_WITH] 7,828,000/8,525,257 baris tertulis
18:16:36 |   [TAGGED_WITH] 7,830,000/8,525,257 baris tertulis
18:16:36 |   [TAGGED_WITH] 7,832,000/8,525,257 baris tertulis
18:16:36 |   [TAGGED_WITH] 7,834,000/8,525,257 baris tertulis
18:16:36 |   [TAGGED_WITH] 7,836,000/8,525,257 baris tertulis
18:16:36 |   [TAGGED_WITH] 7,838,000/8,525,257 baris tertulis
18:16:36 |   [TAGGED_WITH] 7,840,000/8,525,257 baris tertulis
18:16:36 |   [TAGGED_WITH] 7,842,000/8,525,257 baris tertulis
18:16:36 |   [TAGGED_WITH] 7,844,000/8,525,257 baris tertulis
18:16:36 |   [TAGGED_WITH] 7,846,000/8,525,257 baris tertulis
18:16:37 |   [TAGGED_WITH] 7,848,000/8,525,257 baris tertulis
18:16:37 |   [TAGGED_WITH] 7,850,000/8,525,257 baris tertulis
18:16:37 |   [TAGGED_WITH] 7,852,000/8,525,257 baris tertulis
18:16:37 |   [TAGGED_WITH] 7,854,000/8,525,257 baris tertulis
18:16:37 |   [TAGGED_WITH] 7,856,000/8,525,257 baris tertulis
18:16:37 |   [TAGGED_WITH] 7,858,000/8,525,257 baris tertulis
18:16:37 |   [TAGGED_WITH] 7,860,000/8,525,257 baris tertulis
18:16:37 |   [TAGGED_WITH] 7,862,000/8,525,257 baris tertulis
18:16:37 |   [TAGGED_WITH] 7,864,000/8,525,257 baris tertulis
18:16:37 |   [TAGGED_WITH] 7,866,000/8,525,257 baris tertulis
18:16:37 |   [TAGGED_WITH] 7,868,000/8,525,257 baris tertulis
18:16:38 |   [TAGGED_WITH] 7,870,000/8,525,257 baris tertulis
18:16:38 |   [TAGGED_WITH] 7,872,000/8,525,257 baris tertulis
18:16:38 |   [TAGGED_WITH] 7,874,000/8,525,257 baris tertulis
18:16:38 |   [TAGGED_WITH] 7,876,000/8,525,257 baris tertulis
18:16:38 |   [TAGGED_WITH] 7,878,000/8,525,257 baris tertulis
18:16:38 |   [TAGGED_WITH] 7,880,000/8,525,257 baris tertulis
18:16:38 |   [TAGGED_WITH] 7,882,000/8,525,257 baris tertulis
18:16:38 |   [TAGGED_WITH] 7,884,000/8,525,257 baris tertulis
18:16:38 |   [TAGGED_WITH] 7,886,000/8,525,257 baris tertulis
18:16:38 |   [TAGGED_WITH] 7,888,000/8,525,257 baris tertulis
18:16:39 |   [TAGGED_WITH] 7,890,000/8,525,257 baris tertulis
18:16:39 |   [TAGGED_WITH] 7,892,000/8,525,257 baris tertulis
18:16:39 |   [TAGGED_WITH] 7,894,000/8,525,257 baris tertulis
18:16:39 |   [TAGGED_WITH] 7,896,000/8,525,257 baris tertulis
18:16:39 |   [TAGGED_WITH] 7,898,000/8,525,257 baris tertulis
18:16:39 |   [TAGGED_WITH] 7,900,000/8,525,257 baris tertulis
18:16:39 |   [TAGGED_WITH] 7,902,000/8,525,257 baris tertulis
18:16:39 |   [TAGGED_WITH] 7,904,000/8,525,257 baris tertulis
18:16:39 |   [TAGGED_WITH] 7,906,000/8,525,257 baris tertulis
18:16:39 |   [TAGGED_WITH] 7,908,000/8,525,257 baris tertulis
18:16:39 |   [TAGGED_WITH] 7,910,000/8,525,257 baris tertulis
18:16:40 |   [TAGGED_WITH] 7,912,000/8,525,257 baris tertulis
18:16:40 |   [TAGGED_WITH] 7,914,000/8,525,257 baris tertulis
18:16:40 |   [TAGGED_WITH] 7,916,000/8,525,257 baris tertulis
18:16:40 |   [TAGGED_WITH] 7,918,000/8,525,257 baris tertulis
18:16:40 |   [TAGGED_WITH] 7,920,000/8,525,257 baris tertulis
18:16:40 |   [TAGGED_WITH] 7,922,000/8,525,257 baris tertulis
18:16:40 |   [TAGGED_WITH] 7,924,000/8,525,257 baris tertulis
18:16:40 |   [TAGGED_WITH] 7,926,000/8,525,257 baris tertulis
18:16:40 |   [TAGGED_WITH] 7,928,000/8,525,257 baris tertulis
18:16:40 |   [TAGGED_WITH] 7,930,000/8,525,257 baris tertulis
18:16:41 |   [TAGGED_WITH] 7,932,000/8,525,257 baris tertulis
18:16:41 |   [TAGGED_WITH] 7,934,000/8,525,257 baris tertulis
18:16:41 |   [TAGGED_WITH] 7,936,000/8,525,257 baris tertulis
18:16:41 |   [TAGGED_WITH] 7,938,000/8,525,257 baris tertulis
18:16:41 |   [TAGGED_WITH] 7,940,000/8,525,257 baris tertulis
18:16:41 |   [TAGGED_WITH] 7,942,000/8,525,257 baris tertulis
18:16:41 |   [TAGGED_WITH] 7,944,000/8,525,257 baris tertulis
18:16:41 |   [TAGGED_WITH] 7,946,000/8,525,257 baris tertulis
18:16:41 |   [TAGGED_WITH] 7,948,000/8,525,257 baris tertulis
18:16:41 |   [TAGGED_WITH] 7,950,000/8,525,257 baris tertulis
18:16:42 |   [TAGGED_WITH] 7,952,000/8,525,257 baris tertulis
18:16:42 |   [TAGGED_WITH] 7,954,000/8,525,257 baris tertulis
18:16:42 |   [TAGGED_WITH] 7,956,000/8,525,257 baris tertulis
18:16:42 |   [TAGGED_WITH] 7,958,000/8,525,257 baris tertulis
18:16:42 |   [TAGGED_WITH] 7,960,000/8,525,257 baris tertulis
18:16:42 |   [TAGGED_WITH] 7,962,000/8,525,257 baris tertulis
18:16:42 |   [TAGGED_WITH] 7,964,000/8,525,257 baris tertulis
18:16:42 |   [TAGGED_WITH] 7,966,000/8,525,257 baris tertulis
18:16:42 |   [TAGGED_WITH] 7,968,000/8,525,257 baris tertulis
18:16:42 |   [TAGGED_WITH] 7,970,000/8,525,257 baris tertulis
18:16:42 |   [TAGGED_WITH] 7,972,000/8,525,257 baris tertulis
18:16:43 |   [TAGGED_WITH] 7,974,000/8,525,257 baris tertulis
18:16:43 |   [TAGGED_WITH] 7,976,000/8,525,257 baris tertulis
18:16:43 |   [TAGGED_WITH] 7,978,000/8,525,257 baris tertulis
18:16:43 |   [TAGGED_WITH] 7,980,000/8,525,257 baris tertulis
18:16:43 |   [TAGGED_WITH] 7,982,000/8,525,257 baris tertulis
18:16:43 |   [TAGGED_WITH] 7,984,000/8,525,257 baris tertulis
18:16:43 |   [TAGGED_WITH] 7,986,000/8,525,257 baris tertulis
18:16:43 |   [TAGGED_WITH] 7,988,000/8,525,257 baris tertulis
18:16:43 |   [TAGGED_WITH] 7,990,000/8,525,257 baris tertulis
18:16:43 |   [TAGGED_WITH] 7,992,000/8,525,257 baris tertulis
18:16:44 |   [TAGGED_WITH] 7,994,000/8,525,257 baris tertulis
18:16:44 |   [TAGGED_WITH] 7,996,000/8,525,257 baris tertulis
18:16:44 |   [TAGGED_WITH] 7,998,000/8,525,257 baris tertulis
18:16:44 |   [TAGGED_WITH] 8,000,000/8,525,257 baris tertulis
18:16:44 |   [TAGGED_WITH] 8,002,000/8,525,257 baris tertulis
18:16:44 |   [TAGGED_WITH] 8,004,000/8,525,257 baris tertulis
18:16:44 |   [TAGGED_WITH] 8,006,000/8,525,257 baris tertulis
18:16:44 |   [TAGGED_WITH] 8,008,000/8,525,257 baris tertulis
18:16:44 |   [TAGGED_WITH] 8,010,000/8,525,257 baris tertulis
18:16:44 |   [TAGGED_WITH] 8,012,000/8,525,257 baris tertulis
18:16:45 |   [TAGGED_WITH] 8,014,000/8,525,257 baris tertulis
18:16:45 |   [TAGGED_WITH] 8,016,000/8,525,257 baris tertulis
18:16:45 |   [TAGGED_WITH] 8,018,000/8,525,257 baris tertulis
18:16:45 |   [TAGGED_WITH] 8,020,000/8,525,257 baris tertulis
18:16:45 |   [TAGGED_WITH] 8,022,000/8,525,257 baris tertulis
18:16:45 |   [TAGGED_WITH] 8,024,000/8,525,257 baris tertulis
18:16:45 |   [TAGGED_WITH] 8,026,000/8,525,257 baris tertulis
18:16:45 |   [TAGGED_WITH] 8,028,000/8,525,257 baris tertulis
18:16:45 |   [TAGGED_WITH] 8,030,000/8,525,257 baris tertulis
18:16:45 |   [TAGGED_WITH] 8,032,000/8,525,257 baris tertulis
18:16:46 |   [TAGGED_WITH] 8,034,000/8,525,257 baris tertulis
18:16:46 |   [TAGGED_WITH] 8,036,000/8,525,257 baris tertulis
18:16:46 |   [TAGGED_WITH] 8,038,000/8,525,257 baris tertulis
18:16:46 |   [TAGGED_WITH] 8,040,000/8,525,257 baris tertulis
18:16:46 |   [TAGGED_WITH] 8,042,000/8,525,257 baris tertulis
18:16:46 |   [TAGGED_WITH] 8,044,000/8,525,257 baris tertulis
18:16:46 |   [TAGGED_WITH] 8,046,000/8,525,257 baris tertulis
18:16:46 |   [TAGGED_WITH] 8,048,000/8,525,257 baris tertulis
18:16:46 |   [TAGGED_WITH] 8,050,000/8,525,257 baris tertulis
18:16:46 |   [TAGGED_WITH] 8,052,000/8,525,257 baris tertulis
18:16:46 |   [TAGGED_WITH] 8,054,000/8,525,257 baris tertulis
18:16:47 |   [TAGGED_WITH] 8,056,000/8,525,257 baris tertulis
18:16:47 |   [TAGGED_WITH] 8,058,000/8,525,257 baris tertulis
18:16:47 |   [TAGGED_WITH] 8,060,000/8,525,257 baris tertulis
18:16:47 |   [TAGGED_WITH] 8,062,000/8,525,257 baris tertulis
18:16:47 |   [TAGGED_WITH] 8,064,000/8,525,257 baris tertulis
18:16:47 |   [TAGGED_WITH] 8,066,000/8,525,257 baris tertulis
18:16:47 |   [TAGGED_WITH] 8,068,000/8,525,257 baris tertulis
18:16:47 |   [TAGGED_WITH] 8,070,000/8,525,257 baris tertulis
18:16:47 |   [TAGGED_WITH] 8,072,000/8,525,257 baris tertulis
18:16:47 |   [TAGGED_WITH] 8,074,000/8,525,257 baris tertulis
18:16:48 |   [TAGGED_WITH] 8,076,000/8,525,257 baris tertulis
18:16:48 |   [TAGGED_WITH] 8,078,000/8,525,257 baris tertulis
18:16:48 |   [TAGGED_WITH] 8,080,000/8,525,257 baris tertulis
18:16:48 |   [TAGGED_WITH] 8,082,000/8,525,257 baris tertulis
18:16:48 |   [TAGGED_WITH] 8,084,000/8,525,257 baris tertulis
18:16:48 |   [TAGGED_WITH] 8,086,000/8,525,257 baris tertulis
18:16:48 |   [TAGGED_WITH] 8,088,000/8,525,257 baris tertulis
18:16:48 |   [TAGGED_WITH] 8,090,000/8,525,257 baris tertulis
18:16:48 |   [TAGGED_WITH] 8,092,000/8,525,257 baris tertulis
18:16:48 |   [TAGGED_WITH] 8,094,000/8,525,257 baris tertulis
18:16:49 |   [TAGGED_WITH] 8,096,000/8,525,257 baris tertulis
18:16:49 |   [TAGGED_WITH] 8,098,000/8,525,257 baris tertulis
18:16:49 |   [TAGGED_WITH] 8,100,000/8,525,257 baris tertulis
18:16:49 |   [TAGGED_WITH] 8,102,000/8,525,257 baris tertulis
18:16:49 |   [TAGGED_WITH] 8,104,000/8,525,257 baris tertulis
18:16:49 |   [TAGGED_WITH] 8,106,000/8,525,257 baris tertulis
18:16:49 |   [TAGGED_WITH] 8,108,000/8,525,257 baris tertulis
18:16:49 |   [TAGGED_WITH] 8,110,000/8,525,257 baris tertulis
18:16:49 |   [TAGGED_WITH] 8,112,000/8,525,257 baris tertulis
18:16:50 |   [TAGGED_WITH] 8,114,000/8,525,257 baris tertulis
18:16:50 |   [TAGGED_WITH] 8,116,000/8,525,257 baris tertulis
18:16:50 |   [TAGGED_WITH] 8,118,000/8,525,257 baris tertulis
18:16:50 |   [TAGGED_WITH] 8,120,000/8,525,257 baris tertulis
18:16:50 |   [TAGGED_WITH] 8,122,000/8,525,257 baris tertulis
18:16:50 |   [TAGGED_WITH] 8,124,000/8,525,257 baris tertulis
18:16:50 |   [TAGGED_WITH] 8,126,000/8,525,257 baris tertulis
18:16:50 |   [TAGGED_WITH] 8,128,000/8,525,257 baris tertulis
18:16:50 |   [TAGGED_WITH] 8,130,000/8,525,257 baris tertulis
18:16:50 |   [TAGGED_WITH] 8,132,000/8,525,257 baris tertulis
18:16:51 |   [TAGGED_WITH] 8,134,000/8,525,257 baris tertulis
18:16:51 |   [TAGGED_WITH] 8,136,000/8,525,257 baris tertulis
18:16:51 |   [TAGGED_WITH] 8,138,000/8,525,257 baris tertulis
18:16:51 |   [TAGGED_WITH] 8,140,000/8,525,257 baris tertulis
18:16:51 |   [TAGGED_WITH] 8,142,000/8,525,257 baris tertulis
18:16:51 |   [TAGGED_WITH] 8,144,000/8,525,257 baris tertulis
18:16:51 |   [TAGGED_WITH] 8,146,000/8,525,257 baris tertulis
18:16:51 |   [TAGGED_WITH] 8,148,000/8,525,257 baris tertulis
18:16:51 |   [TAGGED_WITH] 8,150,000/8,525,257 baris tertulis
18:16:51 |   [TAGGED_WITH] 8,152,000/8,525,257 baris tertulis
18:16:51 |   [TAGGED_WITH] 8,154,000/8,525,257 baris tertulis
18:16:52 |   [TAGGED_WITH] 8,156,000/8,525,257 baris tertulis
18:16:52 |   [TAGGED_WITH] 8,158,000/8,525,257 baris tertulis
18:16:52 |   [TAGGED_WITH] 8,160,000/8,525,257 baris tertulis
18:16:52 |   [TAGGED_WITH] 8,162,000/8,525,257 baris tertulis
18:16:52 |   [TAGGED_WITH] 8,164,000/8,525,257 baris tertulis
18:16:52 |   [TAGGED_WITH] 8,166,000/8,525,257 baris tertulis
18:16:52 |   [TAGGED_WITH] 8,168,000/8,525,257 baris tertulis
18:16:52 |   [TAGGED_WITH] 8,170,000/8,525,257 baris tertulis
18:16:52 |   [TAGGED_WITH] 8,172,000/8,525,257 baris tertulis
18:16:52 |   [TAGGED_WITH] 8,174,000/8,525,257 baris tertulis
18:16:53 |   [TAGGED_WITH] 8,176,000/8,525,257 baris tertulis
18:16:53 |   [TAGGED_WITH] 8,178,000/8,525,257 baris tertulis
18:16:53 |   [TAGGED_WITH] 8,180,000/8,525,257 baris tertulis
18:16:53 |   [TAGGED_WITH] 8,182,000/8,525,257 baris tertulis
18:16:53 |   [TAGGED_WITH] 8,184,000/8,525,257 baris tertulis
18:16:53 |   [TAGGED_WITH] 8,186,000/8,525,257 baris tertulis
18:16:53 |   [TAGGED_WITH] 8,188,000/8,525,257 baris tertulis
18:16:53 |   [TAGGED_WITH] 8,190,000/8,525,257 baris tertulis
18:16:53 |   [TAGGED_WITH] 8,192,000/8,525,257 baris tertulis
18:16:53 |   [TAGGED_WITH] 8,194,000/8,525,257 baris tertulis
18:16:53 |   [TAGGED_WITH] 8,196,000/8,525,257 baris tertulis
18:16:54 |   [TAGGED_WITH] 8,198,000/8,525,257 baris tertulis
18:16:54 |   [TAGGED_WITH] 8,200,000/8,525,257 baris tertulis
18:16:54 |   [TAGGED_WITH] 8,202,000/8,525,257 baris tertulis
18:16:54 |   [TAGGED_WITH] 8,204,000/8,525,257 baris tertulis
18:16:54 |   [TAGGED_WITH] 8,206,000/8,525,257 baris tertulis
18:16:54 |   [TAGGED_WITH] 8,208,000/8,525,257 baris tertulis
18:16:54 |   [TAGGED_WITH] 8,210,000/8,525,257 baris tertulis
18:16:54 |   [TAGGED_WITH] 8,212,000/8,525,257 baris tertulis
18:16:54 |   [TAGGED_WITH] 8,214,000/8,525,257 baris tertulis
18:16:54 |   [TAGGED_WITH] 8,216,000/8,525,257 baris tertulis
18:16:55 |   [TAGGED_WITH] 8,218,000/8,525,257 baris tertulis
18:16:55 |   [TAGGED_WITH] 8,220,000/8,525,257 baris tertulis
18:16:55 |   [TAGGED_WITH] 8,222,000/8,525,257 baris tertulis
18:16:55 |   [TAGGED_WITH] 8,224,000/8,525,257 baris tertulis
18:16:55 |   [TAGGED_WITH] 8,226,000/8,525,257 baris tertulis
18:16:55 |   [TAGGED_WITH] 8,228,000/8,525,257 baris tertulis
18:16:55 |   [TAGGED_WITH] 8,230,000/8,525,257 baris tertulis
18:16:55 |   [TAGGED_WITH] 8,232,000/8,525,257 baris tertulis
18:16:55 |   [TAGGED_WITH] 8,234,000/8,525,257 baris tertulis
18:16:55 |   [TAGGED_WITH] 8,236,000/8,525,257 baris tertulis
18:16:55 |   [TAGGED_WITH] 8,238,000/8,525,257 baris tertulis
18:16:56 |   [TAGGED_WITH] 8,240,000/8,525,257 baris tertulis
18:16:56 |   [TAGGED_WITH] 8,242,000/8,525,257 baris tertulis
18:16:56 |   [TAGGED_WITH] 8,244,000/8,525,257 baris tertulis
18:16:56 |   [TAGGED_WITH] 8,246,000/8,525,257 baris tertulis
18:16:56 |   [TAGGED_WITH] 8,248,000/8,525,257 baris tertulis
18:16:56 |   [TAGGED_WITH] 8,250,000/8,525,257 baris tertulis
18:16:56 |   [TAGGED_WITH] 8,252,000/8,525,257 baris tertulis
18:16:56 |   [TAGGED_WITH] 8,254,000/8,525,257 baris tertulis
18:16:56 |   [TAGGED_WITH] 8,256,000/8,525,257 baris tertulis
18:16:56 |   [TAGGED_WITH] 8,258,000/8,525,257 baris tertulis
18:16:57 |   [TAGGED_WITH] 8,260,000/8,525,257 baris tertulis
18:16:57 |   [TAGGED_WITH] 8,262,000/8,525,257 baris tertulis
18:16:57 |   [TAGGED_WITH] 8,264,000/8,525,257 baris tertulis
18:16:57 |   [TAGGED_WITH] 8,266,000/8,525,257 baris tertulis
18:16:57 |   [TAGGED_WITH] 8,268,000/8,525,257 baris tertulis
18:16:57 |   [TAGGED_WITH] 8,270,000/8,525,257 baris tertulis
18:16:57 |   [TAGGED_WITH] 8,272,000/8,525,257 baris tertulis
18:16:57 |   [TAGGED_WITH] 8,274,000/8,525,257 baris tertulis
18:16:57 |   [TAGGED_WITH] 8,276,000/8,525,257 baris tertulis
18:16:57 |   [TAGGED_WITH] 8,278,000/8,525,257 baris tertulis
18:16:58 |   [TAGGED_WITH] 8,280,000/8,525,257 baris tertulis
18:16:58 |   [TAGGED_WITH] 8,282,000/8,525,257 baris tertulis
18:16:58 |   [TAGGED_WITH] 8,284,000/8,525,257 baris tertulis
18:16:58 |   [TAGGED_WITH] 8,286,000/8,525,257 baris tertulis
18:16:58 |   [TAGGED_WITH] 8,288,000/8,525,257 baris tertulis
18:16:58 |   [TAGGED_WITH] 8,290,000/8,525,257 baris tertulis
18:16:58 |   [TAGGED_WITH] 8,292,000/8,525,257 baris tertulis
18:16:58 |   [TAGGED_WITH] 8,294,000/8,525,257 baris tertulis
18:16:58 |   [TAGGED_WITH] 8,296,000/8,525,257 baris tertulis
18:16:58 |   [TAGGED_WITH] 8,298,000/8,525,257 baris tertulis
18:16:58 |   [TAGGED_WITH] 8,300,000/8,525,257 baris tertulis
18:16:59 |   [TAGGED_WITH] 8,302,000/8,525,257 baris tertulis
18:16:59 |   [TAGGED_WITH] 8,304,000/8,525,257 baris tertulis
18:16:59 |   [TAGGED_WITH] 8,306,000/8,525,257 baris tertulis
18:16:59 |   [TAGGED_WITH] 8,308,000/8,525,257 baris tertulis
18:16:59 |   [TAGGED_WITH] 8,310,000/8,525,257 baris tertulis
18:16:59 |   [TAGGED_WITH] 8,312,000/8,525,257 baris tertulis
18:16:59 |   [TAGGED_WITH] 8,314,000/8,525,257 baris tertulis
18:16:59 |   [TAGGED_WITH] 8,316,000/8,525,257 baris tertulis
18:16:59 |   [TAGGED_WITH] 8,318,000/8,525,257 baris tertulis
18:16:59 |   [TAGGED_WITH] 8,320,000/8,525,257 baris tertulis
18:17:00 |   [TAGGED_WITH] 8,322,000/8,525,257 baris tertulis
18:17:00 |   [TAGGED_WITH] 8,324,000/8,525,257 baris tertulis
18:17:00 |   [TAGGED_WITH] 8,326,000/8,525,257 baris tertulis
18:17:00 |   [TAGGED_WITH] 8,328,000/8,525,257 baris tertulis
18:17:00 |   [TAGGED_WITH] 8,330,000/8,525,257 baris tertulis
18:17:00 |   [TAGGED_WITH] 8,332,000/8,525,257 baris tertulis
18:17:00 |   [TAGGED_WITH] 8,334,000/8,525,257 baris tertulis
18:17:00 |   [TAGGED_WITH] 8,336,000/8,525,257 baris tertulis
18:17:00 |   [TAGGED_WITH] 8,338,000/8,525,257 baris tertulis
18:17:00 |   [TAGGED_WITH] 8,340,000/8,525,257 baris tertulis
18:17:00 |   [TAGGED_WITH] 8,342,000/8,525,257 baris tertulis
18:17:01 |   [TAGGED_WITH] 8,344,000/8,525,257 baris tertulis
18:17:01 |   [TAGGED_WITH] 8,346,000/8,525,257 baris tertulis
18:17:01 |   [TAGGED_WITH] 8,348,000/8,525,257 baris tertulis
18:17:01 |   [TAGGED_WITH] 8,350,000/8,525,257 baris tertulis
18:17:01 |   [TAGGED_WITH] 8,352,000/8,525,257 baris tertulis
18:17:01 |   [TAGGED_WITH] 8,354,000/8,525,257 baris tertulis
18:17:01 |   [TAGGED_WITH] 8,356,000/8,525,257 baris tertulis
18:17:01 |   [TAGGED_WITH] 8,358,000/8,525,257 baris tertulis
18:17:01 |   [TAGGED_WITH] 8,360,000/8,525,257 baris tertulis
18:17:02 |   [TAGGED_WITH] 8,362,000/8,525,257 baris tertulis
18:17:02 |   [TAGGED_WITH] 8,364,000/8,525,257 baris tertulis
18:17:02 |   [TAGGED_WITH] 8,366,000/8,525,257 baris tertulis
18:17:02 |   [TAGGED_WITH] 8,368,000/8,525,257 baris tertulis
18:17:02 |   [TAGGED_WITH] 8,370,000/8,525,257 baris tertulis
18:17:02 |   [TAGGED_WITH] 8,372,000/8,525,257 baris tertulis
18:17:02 |   [TAGGED_WITH] 8,374,000/8,525,257 baris tertulis
18:17:02 |   [TAGGED_WITH] 8,376,000/8,525,257 baris tertulis
18:17:02 |   [TAGGED_WITH] 8,378,000/8,525,257 baris tertulis
18:17:02 |   [TAGGED_WITH] 8,380,000/8,525,257 baris tertulis
18:17:02 |   [TAGGED_WITH] 8,382,000/8,525,257 baris tertulis
18:17:03 |   [TAGGED_WITH] 8,384,000/8,525,257 baris tertulis
18:17:03 |   [TAGGED_WITH] 8,386,000/8,525,257 baris tertulis
18:17:03 |   [TAGGED_WITH] 8,388,000/8,525,257 baris tertulis
18:17:03 |   [TAGGED_WITH] 8,390,000/8,525,257 baris tertulis
18:17:03 |   [TAGGED_WITH] 8,392,000/8,525,257 baris tertulis
18:17:03 |   [TAGGED_WITH] 8,394,000/8,525,257 baris tertulis
18:17:03 |   [TAGGED_WITH] 8,396,000/8,525,257 baris tertulis
18:17:03 |   [TAGGED_WITH] 8,398,000/8,525,257 baris tertulis
18:17:03 |   [TAGGED_WITH] 8,400,000/8,525,257 baris tertulis
18:17:03 |   [TAGGED_WITH] 8,402,000/8,525,257 baris tertulis
18:17:03 |   [TAGGED_WITH] 8,404,000/8,525,257 baris tertulis
18:17:04 |   [TAGGED_WITH] 8,406,000/8,525,257 baris tertulis
18:17:04 |   [TAGGED_WITH] 8,408,000/8,525,257 baris tertulis
18:17:04 |   [TAGGED_WITH] 8,410,000/8,525,257 baris tertulis
18:17:04 |   [TAGGED_WITH] 8,412,000/8,525,257 baris tertulis
18:17:04 |   [TAGGED_WITH] 8,414,000/8,525,257 baris tertulis
18:17:04 |   [TAGGED_WITH] 8,416,000/8,525,257 baris tertulis
18:17:04 |   [TAGGED_WITH] 8,418,000/8,525,257 baris tertulis
18:17:04 |   [TAGGED_WITH] 8,420,000/8,525,257 baris tertulis
18:17:04 |   [TAGGED_WITH] 8,422,000/8,525,257 baris tertulis
18:17:04 |   [TAGGED_WITH] 8,424,000/8,525,257 baris tertulis
18:17:05 |   [TAGGED_WITH] 8,426,000/8,525,257 baris tertulis
18:17:05 |   [TAGGED_WITH] 8,428,000/8,525,257 baris tertulis
18:17:05 |   [TAGGED_WITH] 8,430,000/8,525,257 baris tertulis
18:17:05 |   [TAGGED_WITH] 8,432,000/8,525,257 baris tertulis
18:17:05 |   [TAGGED_WITH] 8,434,000/8,525,257 baris tertulis
18:17:05 |   [TAGGED_WITH] 8,436,000/8,525,257 baris tertulis
18:17:05 |   [TAGGED_WITH] 8,438,000/8,525,257 baris tertulis
18:17:05 |   [TAGGED_WITH] 8,440,000/8,525,257 baris tertulis
18:17:05 |   [TAGGED_WITH] 8,442,000/8,525,257 baris tertulis
18:17:05 |   [TAGGED_WITH] 8,444,000/8,525,257 baris tertulis
18:17:05 |   [TAGGED_WITH] 8,446,000/8,525,257 baris tertulis
18:17:06 |   [TAGGED_WITH] 8,448,000/8,525,257 baris tertulis
18:17:06 |   [TAGGED_WITH] 8,450,000/8,525,257 baris tertulis
18:17:06 |   [TAGGED_WITH] 8,452,000/8,525,257 baris tertulis
18:17:06 |   [TAGGED_WITH] 8,454,000/8,525,257 baris tertulis
18:17:06 |   [TAGGED_WITH] 8,456,000/8,525,257 baris tertulis
18:17:06 |   [TAGGED_WITH] 8,458,000/8,525,257 baris tertulis
18:17:06 |   [TAGGED_WITH] 8,460,000/8,525,257 baris tertulis
18:17:06 |   [TAGGED_WITH] 8,462,000/8,525,257 baris tertulis
18:17:06 |   [TAGGED_WITH] 8,464,000/8,525,257 baris tertulis
18:17:06 |   [TAGGED_WITH] 8,466,000/8,525,257 baris tertulis
18:17:07 |   [TAGGED_WITH] 8,468,000/8,525,257 baris tertulis
18:17:07 |   [TAGGED_WITH] 8,470,000/8,525,257 baris tertulis
18:17:07 |   [TAGGED_WITH] 8,472,000/8,525,257 baris tertulis
18:17:07 |   [TAGGED_WITH] 8,474,000/8,525,257 baris tertulis
18:17:07 |   [TAGGED_WITH] 8,476,000/8,525,257 baris tertulis
18:17:07 |   [TAGGED_WITH] 8,478,000/8,525,257 baris tertulis
18:17:07 |   [TAGGED_WITH] 8,480,000/8,525,257 baris tertulis
18:17:07 |   [TAGGED_WITH] 8,482,000/8,525,257 baris tertulis
18:17:07 |   [TAGGED_WITH] 8,484,000/8,525,257 baris tertulis
18:17:07 |   [TAGGED_WITH] 8,486,000/8,525,257 baris tertulis
18:17:07 |   [TAGGED_WITH] 8,488,000/8,525,257 baris tertulis
18:17:08 |   [TAGGED_WITH] 8,490,000/8,525,257 baris tertulis
18:17:08 |   [TAGGED_WITH] 8,492,000/8,525,257 baris tertulis
18:17:08 |   [TAGGED_WITH] 8,494,000/8,525,257 baris tertulis
18:17:08 |   [TAGGED_WITH] 8,496,000/8,525,257 baris tertulis
18:17:08 |   [TAGGED_WITH] 8,498,000/8,525,257 baris tertulis
18:17:08 |   [TAGGED_WITH] 8,500,000/8,525,257 baris tertulis
18:17:08 |   [TAGGED_WITH] 8,502,000/8,525,257 baris tertulis
18:17:08 |   [TAGGED_WITH] 8,504,000/8,525,257 baris tertulis
18:17:08 |   [TAGGED_WITH] 8,506,000/8,525,257 baris tertulis
18:17:08 |   [TAGGED_WITH] 8,508,000/8,525,257 baris tertulis
18:17:08 |   [TAGGED_WITH] 8,510,000/8,525,257 baris tertulis
18:17:09 |   [TAGGED_WITH] 8,512,000/8,525,257 baris tertulis
18:17:09 |   [TAGGED_WITH] 8,514,000/8,525,257 baris tertulis
18:17:09 |   [TAGGED_WITH] 8,516,000/8,525,257 baris tertulis
18:17:09 |   [TAGGED_WITH] 8,518,000/8,525,257 baris tertulis
18:17:09 |   [TAGGED_WITH] 8,520,000/8,525,257 baris tertulis
18:17:09 |   [TAGGED_WITH] 8,522,000/8,525,257 baris tertulis
18:17:09 |   [TAGGED_WITH] 8,524,000/8,525,257 baris tertulis
18:17:09 |   [TAGGED_WITH] 8,525,257/8,525,257 baris tertulis
18:17:09 | ==============================================================================
18:17:09 | STEP 12 - Tulis edge: IS_RELATED_TO
18:17:09 | ==============================================================================
18:17:11 |   [IS_RELATED_TO] 2,000/160,647 baris tertulis
18:17:12 |   [IS_RELATED_TO] 4,000/160,647 baris tertulis
18:17:12 |   [IS_RELATED_TO] 6,000/160,647 baris tertulis
18:17:13 |   [IS_RELATED_TO] 8,000/160,647 baris tertulis
18:17:14 |   [IS_RELATED_TO] 10,000/160,647 baris tertulis
18:17:14 |   [IS_RELATED_TO] 12,000/160,647 baris tertulis
18:17:15 |   [IS_RELATED_TO] 14,000/160,647 baris tertulis
18:17:15 |   [IS_RELATED_TO] 16,000/160,647 baris tertulis
18:17:16 |   [IS_RELATED_TO] 18,000/160,647 baris tertulis
18:17:16 |   [IS_RELATED_TO] 20,000/160,647 baris tertulis
18:17:16 |   [IS_RELATED_TO] 22,000/160,647 baris tertulis
18:17:17 |   [IS_RELATED_TO] 24,000/160,647 baris tertulis
18:17:17 |   [IS_RELATED_TO] 26,000/160,647 baris tertulis
18:17:18 |   [IS_RELATED_TO] 28,000/160,647 baris tertulis
18:17:18 |   [IS_RELATED_TO] 30,000/160,647 baris tertulis
18:17:19 |   [IS_RELATED_TO] 32,000/160,647 baris tertulis
18:17:19 |   [IS_RELATED_TO] 34,000/160,647 baris tertulis
18:17:19 |   [IS_RELATED_TO] 36,000/160,647 baris tertulis
18:17:20 |   [IS_RELATED_TO] 38,000/160,647 baris tertulis
18:17:20 |   [IS_RELATED_TO] 40,000/160,647 baris tertulis
18:17:20 |   [IS_RELATED_TO] 42,000/160,647 baris tertulis
18:17:21 |   [IS_RELATED_TO] 44,000/160,647 baris tertulis
18:17:21 |   [IS_RELATED_TO] 46,000/160,647 baris tertulis
18:17:21 |   [IS_RELATED_TO] 48,000/160,647 baris tertulis
18:17:21 |   [IS_RELATED_TO] 50,000/160,647 baris tertulis
18:17:22 |   [IS_RELATED_TO] 52,000/160,647 baris tertulis
18:17:22 |   [IS_RELATED_TO] 54,000/160,647 baris tertulis
18:17:22 |   [IS_RELATED_TO] 56,000/160,647 baris tertulis
18:17:23 |   [IS_RELATED_TO] 58,000/160,647 baris tertulis
18:17:23 |   [IS_RELATED_TO] 60,000/160,647 baris tertulis
18:17:23 |   [IS_RELATED_TO] 62,000/160,647 baris tertulis
18:17:23 |   [IS_RELATED_TO] 64,000/160,647 baris tertulis
18:17:24 |   [IS_RELATED_TO] 66,000/160,647 baris tertulis
18:17:24 |   [IS_RELATED_TO] 68,000/160,647 baris tertulis
18:17:24 |   [IS_RELATED_TO] 70,000/160,647 baris tertulis
18:17:24 |   [IS_RELATED_TO] 72,000/160,647 baris tertulis
18:17:25 |   [IS_RELATED_TO] 74,000/160,647 baris tertulis
18:17:25 |   [IS_RELATED_TO] 76,000/160,647 baris tertulis
18:17:25 |   [IS_RELATED_TO] 78,000/160,647 baris tertulis
18:17:25 |   [IS_RELATED_TO] 80,000/160,647 baris tertulis
18:17:26 |   [IS_RELATED_TO] 82,000/160,647 baris tertulis
18:17:26 |   [IS_RELATED_TO] 84,000/160,647 baris tertulis
18:17:26 |   [IS_RELATED_TO] 86,000/160,647 baris tertulis
18:17:26 |   [IS_RELATED_TO] 88,000/160,647 baris tertulis
18:17:26 |   [IS_RELATED_TO] 90,000/160,647 baris tertulis
18:17:26 |   [IS_RELATED_TO] 92,000/160,647 baris tertulis
18:17:27 |   [IS_RELATED_TO] 94,000/160,647 baris tertulis
18:17:27 |   [IS_RELATED_TO] 96,000/160,647 baris tertulis
18:17:27 |   [IS_RELATED_TO] 98,000/160,647 baris tertulis
18:17:28 |   [IS_RELATED_TO] 100,000/160,647 baris tertulis
18:17:28 |   [IS_RELATED_TO] 102,000/160,647 baris tertulis
18:17:28 |   [IS_RELATED_TO] 104,000/160,647 baris tertulis
18:17:28 |   [IS_RELATED_TO] 106,000/160,647 baris tertulis
18:17:28 |   [IS_RELATED_TO] 108,000/160,647 baris tertulis
18:17:29 |   [IS_RELATED_TO] 110,000/160,647 baris tertulis
18:17:29 |   [IS_RELATED_TO] 112,000/160,647 baris tertulis
18:17:29 |   [IS_RELATED_TO] 114,000/160,647 baris tertulis
18:17:29 |   [IS_RELATED_TO] 116,000/160,647 baris tertulis
18:17:29 |   [IS_RELATED_TO] 118,000/160,647 baris tertulis
18:17:30 |   [IS_RELATED_TO] 120,000/160,647 baris tertulis
18:17:30 |   [IS_RELATED_TO] 122,000/160,647 baris tertulis
18:17:30 |   [IS_RELATED_TO] 124,000/160,647 baris tertulis
18:17:30 |   [IS_RELATED_TO] 126,000/160,647 baris tertulis
18:17:31 |   [IS_RELATED_TO] 128,000/160,647 baris tertulis
18:17:31 |   [IS_RELATED_TO] 130,000/160,647 baris tertulis
18:17:31 |   [IS_RELATED_TO] 132,000/160,647 baris tertulis
18:17:31 |   [IS_RELATED_TO] 134,000/160,647 baris tertulis
18:17:32 |   [IS_RELATED_TO] 136,000/160,647 baris tertulis
18:17:32 |   [IS_RELATED_TO] 138,000/160,647 baris tertulis
18:17:33 |   [IS_RELATED_TO] 140,000/160,647 baris tertulis
18:17:33 |   [IS_RELATED_TO] 142,000/160,647 baris tertulis
18:17:33 |   [IS_RELATED_TO] 144,000/160,647 baris tertulis
18:17:34 |   [IS_RELATED_TO] 146,000/160,647 baris tertulis
18:17:34 |   [IS_RELATED_TO] 148,000/160,647 baris tertulis
18:17:34 |   [IS_RELATED_TO] 150,000/160,647 baris tertulis
18:17:34 |   [IS_RELATED_TO] 152,000/160,647 baris tertulis
18:17:35 |   [IS_RELATED_TO] 154,000/160,647 baris tertulis
18:17:35 |   [IS_RELATED_TO] 156,000/160,647 baris tertulis
18:17:36 |   [IS_RELATED_TO] 158,000/160,647 baris tertulis
18:17:36 |   [IS_RELATED_TO] 160,000/160,647 baris tertulis
18:17:36 |   [IS_RELATED_TO] 160,647/160,647 baris tertulis
18:17:36 | ==============================================================================
18:17:36 | STEP 13 - Tulis edge: AUTHOR_TRUST
18:17:36 | ==============================================================================
18:17:36 |   [AUTHOR_TRUST] tidak ada baris untuk ditulis, dilewati.
18:17:36 | ==============================================================================
18:17:36 | STEP 14 - Verifikasi -- hitung ulang node & edge langsung dari Neo4j
18:17:36 | ==============================================================================
18:17:37 |   Neo4j Answer    : 725,795
18:17:37 |   Neo4j Question  : 2,685,814
18:17:37 |   Neo4j Tag       : 56,435
18:17:45 |   Neo4j HAS_ACCEPTED_ANSWER   : 270,988
18:17:45 |   Neo4j HAS_ANSWER            : 454,807
18:17:45 |   Neo4j IS_RELATED_TO         : 151,094
18:17:45 |   Neo4j TAGGED_WITH           : 8,525,257
18:17:45 | ==============================================================================
18:17:45 | SELESAI dalam 11909.5s
18:17:45 | ==============================================================================
